field,index,singlebed,multibed,absolute_difference,relative_difference
state,0,701.58873774923518,701.58873774923518,0,0
state,1,60.136177521363017,60.136177521363017,0,0
state,2,60.136177521363017,60.136177521363017,0,0
state,3,60.136177521363017,60.136177521363017,0,0
state,4,60.136177521363017,60.136177521363017,0,0
state,5,60.136177521363017,60.136177521363017,0,0
state,6,884.90216465458752,884.90216465458752,0,0
state,7,22.299103189084729,22.299103189084729,0,0
state,8,26.980470121152976,26.980470121152983,7.1054273576010019e-15,2.6335446809098665e-16
state,9,21.268367827098974,21.268367827098974,0,0
state,10,26.566272374296243,26.566272374296247,3.5527136788005009e-15,1.3373022864276096e-16
state,11,20.267755026534068,20.267755026534068,0,0
state,12,982.44854587983741,982.44854587983707,3.4106051316484809e-13,3.4715356299846664e-16
state,13,3.2478795313158115,3.2478795313158115,0,0
state,14,5.6614756307158718,5.6614756307158736,1.7763568394002505e-15,3.1376216295320103e-16
state,15,2.9321156930630332,2.9321156930630319,1.3322676295501878e-15,4.5437075784633694e-16
state,16,5.3375320850726196,5.3375320850726196,0,0
state,17,2.6624131524991239,2.6624131524991244,4.4408920985006262e-16,1.6679951022372688e-16
state,18,1001.4089550609571,1001.4089550609571,0,0
state,19,0.11289400548141985,0.11289400548141991,5.5511151231257827e-17,5.5511151231257827e-17
state,20,0.29262844006396227,0.29262844006396249,2.2204460492503131e-16,2.2204460492503131e-16
state,21,0.10083158409484604,0.10083158409484605,1.3877787807814457e-17,1.3877787807814457e-17
state,22,0.2718947770529388,0.27189477705293896,1.6653345369377348e-16,1.6653345369377348e-16
state,23,0.090769513711466313,0.090769513711466382,6.9388939039072284e-17,6.9388939039072284e-17
state,24,1002.2425173363519,1002.2425173363519,0,0
state,25,0.0027835399225046419,0.0027835399225046406,1.3010426069826053e-18,1.3010426069826053e-18
state,26,0.010348900749294973,0.010348900749294968,5.2041704279304213e-18,5.2041704279304213e-18
state,27,0.002491282308453884,0.002491282308453887,3.0357660829594124e-18,3.0357660829594124e-18
state,28,0.0096307545463776949,0.0096307545463776966,1.7347234759768071e-18,1.7347234759768071e-18
state,29,0.0022472863549732052,0.0022472863549732039,1.3010426069826053e-18,1.3010426069826053e-18
state,30,1002.2687590849393,1002.2687590849393,0,0
state,31,6.7713922802374452e-05,6.7713922802376106e-05,1.6534083130403943e-18,1.6534083130403943e-18
state,32,0.00035972092092312287,0.00035972092092312558,2.7105054312137611e-18,2.7105054312137611e-18
state,33,6.0763171017118341e-05,6.0763171017117379e-05,9.6222942808088519e-19,9.6222942808088519e-19
state,34,0.00033551572790890165,0.00033551572790889602,5.6378512969246231e-18,5.6378512969246231e-18
state,35,5.4950186929262163e-05,5.4950186929263349e-05,1.1858461261560205e-18,1.1858461261560205e-18
state,36,1002.2695971530463,1002.2695971530463,0,0
state,37,1.6469699823054524e-06,1.6469699823054996e-06,4.7222086809427244e-20,4.7222086809427244e-20
state,38,1.2464922710942205e-05,1.2464922710942285e-05,7.9621097041904232e-20,7.9621097041904232e-20
state,39,1.4819000143245959e-06,1.4819000143245746e-06,2.1387581918171084e-20,2.1387581918171084e-20
state,40,1.1653547921428095e-05,1.1653547921427895e-05,1.9989977555201488e-19,1.9989977555201488e-19
state,41,1.3436062632200254e-06,1.3436062632200724e-06,4.7010328572613669e-20,4.7010328572613669e-20
state,42,1002.2696244219516,1002.2696244219516,0,0
state,43,4.0069663209602633e-08,4.0069663209603176e-08,5.4263048183478615e-22,5.4263048183478615e-22
state,44,4.3051888771705379e-07,4.3051888771705485e-07,1.0587911840678754e-21,1.0587911840678754e-21
state,45,3.6153845364096326e-08,3.615384536409618e-08,1.4558378780933287e-22,1.4558378780933287e-22
state,46,4.0347791615149107e-07,4.0347791615148668e-07,4.393983413881683e-21,4.393983413881683e-21
state,47,3.2867366221121428e-08,3.2867366221122421e-08,9.9261673506363321e-22,9.9261673506363321e-22
state,48,1002.2696252940954,1002.2696252940954,0,0
state,49,3.6514556284121403e-09,3.6514556284121378e-09,2.481541837659083e-24,2.481541837659083e-24
state,50,4.3277626906937882e-08,4.3277626906937909e-08,2.6469779601696886e-23,2.6469779601696886e-23
state,51,3.3532994015672742e-09,3.3532994015672829e-09,8.6853964318067906e-24,8.6853964318067906e-24
state,52,4.0956173435749884e-08,4.0956173435749779e-08,1.0587911840678754e-22,1.0587911840678754e-22
state,53,3.1009452928789182e-09,3.1009452928789335e-09,1.5302841332231012e-23,1.5302841332231012e-23
state,54,1002.2696253387184,1002.2696253387184,0,0
state,55,9.1685169549882671e-10,9.1685169549882609e-10,6.2038545941477076e-25,6.2038545941477076e-25
state,56,7.5362063811218906e-09,7.5362063811218939e-09,3.3087224502121107e-24,3.3087224502121107e-24
state,57,8.5950400433841312e-10,8.5950400433841447e-10,1.34416849539867e-24,1.34416849539867e-24
state,58,7.2048276863021193e-09,7.2048276863021136e-09,5.7902642878711937e-24,5.7902642878711937e-24
state,59,8.1047711373832286e-10,8.1047711373832173e-10,1.1373733422604131e-24,1.1373733422604131e-24
state,60,1002.26962535393,1002.26962535393,0,0
state,61,1.3010601435855582e-10,1.301060143585558e-10,2.5849394142282115e-26,2.5849394142282115e-26
state,62,8.8916469808927897e-10,8.8916469808927948e-10,5.169878828456423e-25,5.169878828456423e-25
state,63,1.2341271217545985e-10,1.2341271217546008e-10,2.3264454728053903e-25,2.3264454728053903e-25
state,64,8.5585499521934495e-10,8.5585499521934495e-10,0,0
state,65,1.1765570119467965e-10,1.1765570119467949e-10,1.5509636485369269e-25,1.5509636485369269e-25
state,66,1002.2696253558324,1002.2696253558324,0,0
state,67,1.4783045008903245e-11,1.4783045008903226e-11,1.9387045606711586e-26,1.9387045606711586e-26
state,68,8.7020561194950749e-11,8.702056119495071e-11,3.8774091213423172e-26,3.8774091213423172e-26
state,69,1.4144925371745068e-11,1.4144925371745093e-11,2.4233807008389483e-26,2.4233807008389483e-26
state,70,8.4213387263813911e-11,8.4213387263813808e-11,1.0339757656912846e-25,1.0339757656912846e-25
state,71,1.3593390786407701e-11,1.3593390786407675e-11,2.5849394142282115e-26,2.5849394142282115e-26
state,72,1002.2696253560295,1002.2696253560295,0,0
state,73,1.4346155884120899e-12,1.4346155884120899e-12,0,0
state,74,7.4320286879809399e-12,7.4320286879809448e-12,4.8467614016778965e-27,4.8467614016778965e-27
state,75,1.3813933174265029e-12,1.3813933174265073e-12,4.4428646182047385e-27,4.4428646182047385e-27
state,76,7.223027740655844e-12,7.223027740655844e-12,0,0
state,77,1.3352139061690996e-12,1.3352139061690998e-12,2.0194839173657902e-28,2.0194839173657902e-28
state,78,1002.2696253560489,1002.2696253560489,0,0
state,79,1.214232123125495e-13,1.2142321231254935e-13,1.5146129380243427e-28,1.5146129380243427e-28
state,80,5.6436121663403103e-13,5.6436121663403062e-13,4.0389678347315804e-28,4.0389678347315804e-28
state,81,1.1745399691071604e-13,1.1745399691071632e-13,2.7767903863779616e-28,2.7767903863779616e-28
state,82,5.5031653484371711e-13,5.5031653484371691e-13,2.0194839173657902e-28,2.0194839173657902e-28
state,83,1.1399974109666755e-13,1.1399974109666748e-13,7.5730646901217133e-29,7.5730646901217133e-29
state,84,1002.2696253560504,1002.2696253560504,0,0
state,85,9.0779052165629955e-15,9.0779052165629828e-15,1.2621774483536189e-29,1.2621774483536189e-29
state,86,3.8492994934757681e-14,3.8492994934757599e-14,8.2041534142985228e-29,8.2041534142985228e-29
state,87,8.8108109273405968e-15,8.8108109273406141e-15,1.735493991486226e-29,1.735493991486226e-29
state,88,3.7632389344276347e-14,3.7632389344276316e-14,3.1554436208840472e-29,3.1554436208840472e-29
state,89,8.5778459809422859e-15,8.5778459809422733e-15,1.2621774483536189e-29,1.2621774483536189e-29
state,90,1002.2696253560504,1002.2696253560504,0,0
state,91,6.0623933258817442e-16,6.0623933258817472e-16,2.9582283945787943e-31,2.9582283945787943e-31
state,92,2.377438681746578e-15,2.3774386817465756e-15,2.3665827156630354e-30,2.3665827156630354e-30
state,93,5.8991812982536559e-16,5.8991812982536747e-16,1.873544649899903e-30,1.873544649899903e-30
state,94,2.3290360481049427e-15,2.3290360481049439e-15,1.1832913578315177e-30,1.1832913578315177e-30
state,95,5.7565842415276354e-16,5.7565842415276335e-16,1.9721522630525295e-31,1.9721522630525295e-31
state,96,1002.2696253560504,1002.2696253560504,0,0
state,97,3.6538076837314e-17,3.6538076837313963e-17,3.6977854932234928e-32,3.6977854932234928e-32
state,98,1.3395888075549824e-16,1.3395888075549805e-16,1.9721522630525295e-31,1.9721522630525295e-31
state,99,3.5626917856389835e-17,3.5626917856389909e-17,7.3955709864469857e-32,7.3955709864469857e-32
state,100,1.3144698736016996e-16,1.3144698736016996e-16,0,0
state,101,3.4829833632467826e-17,3.4829833632467776e-17,4.9303806576313238e-32,4.9303806576313238e-32
state,102,1002.2696253560504,1002.2696253560504,0,0
state,103,2.0059265778596392e-18,2.0059265778596373e-18,1.9259299443872359e-33,1.9259299443872359e-33
state,104,6.9337975144087298e-18,6.9337975144087129e-18,1.6948183510607676e-32,1.6948183510607676e-32
state,105,1.9591766103768896e-18,1.9591766103768927e-18,3.0814879110195774e-33,3.0814879110195774e-33
state,106,6.8129413766439428e-18,6.8129413766439389e-18,3.8518598887744717e-33,3.8518598887744717e-33
state,107,1.9182401687756825e-18,1.9182401687756791e-18,3.4666738998970245e-33,3.4666738998970245e-33
state,108,1002.2696253560504,1002.2696253560504,0,0
state,109,1.01136853676629e-19,1.0113685367662897e-19,3.6111186457260672e-35,3.6111186457260672e-35
state,110,3.317933845106102e-19,3.3179338451060977e-19,4.3333423748712807e-34,4.3333423748712807e-34
state,111,9.8919596982756035e-20,9.8919596982756276e-20,2.4074124304840448e-34,2.4074124304840448e-34
state,112,3.2637827451121206e-19,3.263782745112123e-19,2.4074124304840448e-34,2.4074124304840448e-34
state,113,9.6976630441405567e-20,9.6976630441405519e-20,4.8148248609680896e-35,4.8148248609680896e-35
state,114,1002.2696253560504,1002.2696253560504,0,0
state,115,4.7167261249932189e-21,4.7167261249932242e-21,5.266214691683848e-36,5.266214691683848e-36
state,116,1.4762732756379833e-20,1.4762732756379839e-20,6.018531076210112e-36,6.018531076210112e-36
state,117,4.6189896449960488e-21,4.6189896449960638e-21,1.504632769052528e-35,1.504632769052528e-35
state,118,1.4535828093772838e-20,1.4535828093772877e-20,3.9120451995365728e-35,3.9120451995365728e-35
state,119,4.5332950820378612e-21,4.5332950820378649e-21,3.76158192263132e-36,3.76158192263132e-36
state,120,1002.2696253560504,1002.2696253560504,0,0
state,121,2.0474734846187008e-22,2.0474734846187022e-22,1.410593220986745e-37,1.410593220986745e-37
state,122,6.1393644289089184e-22,6.1393644289089165e-22,1.88079096131566e-37,1.88079096131566e-37
state,123,2.0072308857693656e-22,2.0072308857693699e-22,4.231779662960235e-37,4.231779662960235e-37
state,124,6.0500965598357955e-22,6.0500965598358077e-22,1.222514124855179e-36,1.222514124855179e-36
state,125,1.9719309370102642e-22,1.9719309370102644e-22,2.350988701644575e-38,2.350988701644575e-38
state,126,1002.2696253560504,1002.2696253560504,0,0
state,127,8.3176172088672981e-24,8.3176172088672981e-24,0,0
state,128,2.397484920671882e-23,2.3974849206718797e-23,2.350988701644575e-38,2.350988701644575e-38
state,129,8.1621286506925804e-24,8.1621286506925892e-24,8.8162076311671563e-39,8.8162076311671563e-39
state,130,2.36438948593666e-23,2.3643894859366626e-23,2.6448622893501469e-38,2.6448622893501469e-38
state,131,8.0256908392748527e-24,8.0256908392748468e-24,5.8774717541114375e-39,5.8774717541114375e-39
state,132,1002.2696253560504,1002.2696253560504,0,0
state,133,3.177121607914585e-25,3.1771216079145823e-25,2.7550648847397363e-40,2.7550648847397363e-40
state,134,8.8280358790882759e-25,8.8280358790882576e-25,1.8367099231598242e-39,1.8367099231598242e-39
state,135,3.1205105268197066e-25,3.120510526819707e-25,4.5917748078995606e-41,4.5917748078995606e-41
state,136,8.7120106699500755e-25,8.7120106699500828e-25,7.3468396926392969e-40,7.3468396926392969e-40
state,137,3.0708224990022823e-25,3.0708224990022786e-25,3.6734198463196485e-40,3.6734198463196485e-40
state,138,1002.2696253560504,1002.2696253560504,0,0
state,139,1.1458086011125735e-26,1.1458086011125719e-26,1.5784225902154739e-41,1.5784225902154739e-41
state,140,3.0764539065649007e-26,3.0764539065648921e-26,8.6095777648116761e-41,8.6095777648116761e-41
state,141,1.1263135562063682e-26,1.1263135562063678e-26,4.304788882405838e-42,4.304788882405838e-42
state,142,3.0378685446965908e-26,3.0378685446965902e-26,5.7397185098744507e-42,5.7397185098744507e-42
state,143,1.1091991896536436e-26,1.1091991896536412e-26,2.4393803666966416e-41,2.4393803666966416e-41
state,144,1002.2696253560504,1002.2696253560504,0,0
state,145,3.9156018025916064e-28,3.9156018025916163e-28,9.8651411888467122e-43,9.8651411888467122e-43
state,146,1.0179831864273158e-27,1.0179831864273171e-27,1.2555634240350361e-42,1.2555634240350361e-42
state,147,3.8518884829697671e-28,3.8518884829697792e-28,1.2107218731766419e-42,1.2107218731766419e-42
state,148,1.0057753054142484e-27,1.0057753054142517e-27,3.2285916618043785e-42,3.2285916618043785e-42
state,149,3.7959474858004085e-28,3.7959474858004134e-28,4.9325705944233561e-43,4.9325705944233561e-43
state,150,1002.2696253560504,1002.2696253560504,0,0
state,151,1.2719404150150312e-29,1.2719404150150332e-29,1.9618178500547439e-44,1.9618178500547439e-44
state,152,3.2077744577760401e-29,3.2077744577760412e-29,1.1210387714598537e-44,1.1210387714598537e-44
state,153,1.2521191522616172e-29,1.2521191522616199e-29,2.6624670822171524e-44,2.6624670822171524e-44
state,154,3.1709311497558563e-29,3.1709311497558624e-29,6.1657132430291951e-44,6.1657132430291951e-44
state,155,1.2347140965425309e-29,1.2347140965425316e-29,7.0064923216240854e-45,7.0064923216240854e-45
state,156,1002.2696253560504,1002.2696253560504,0,0
state,157,3.9384693293292465e-31,3.9384693293292486e-31,2.1895288505075267e-46,2.1895288505075267e-46
state,158,9.650977159603895e-31,9.6509771596038915e-31,3.5032461608120427e-46,3.5032461608120427e-46
state,159,3.8796117425362627e-31,3.8796117425362657e-31,3.0653403907105373e-46,3.0653403907105373e-46
state,160,9.5446538733847045e-31,9.5446538733847151e-31,1.0509738482436128e-45,1.0509738482436128e-45
state,161,3.8279255840802005e-31,3.8279255840802005e-31,0,0
state,162,1002.2696253560504,1002.2696253560504,0,0
state,163,1.1653396873323392e-32,1.1653396873323386e-32,5.4738221262688167e-48,5.4738221262688167e-48
state,164,2.7787744637683787e-32,2.7787744637683748e-32,3.8316754883881717e-47,3.8316754883881717e-47
state,165,1.1486173912075088e-32,1.1486173912075087e-32,1.3684555315672042e-48,1.3684555315672042e-48
state,166,2.7493705479601707e-32,2.7493705479601718e-32,1.0947644252537633e-47,1.0947644252537633e-47
state,167,1.1339321446955595e-32,1.1339321446955585e-32,1.0947644252537633e-47,1.0947644252537633e-47
state,168,1002.2696253560504,1002.2696253560504,0,0
state,169,3.3021423817091148e-34,3.302142381709111e-34,3.8487811825327617e-49,3.8487811825327617e-49
state,170,7.6728127487925045e-34,7.6728127487924891e-34,1.5395124730131047e-48,1.5395124730131047e-48
state,171,3.2565854144371437e-34,3.2565854144371419e-34,1.7105694144590052e-49,1.7105694144590052e-49
state,172,7.5947297000464465e-34,7.5947297000464448e-34,1.7105694144590052e-49,1.7105694144590052e-49
state,173,3.2165779219888119e-34,3.2165779219888072e-34,4.7040658897622643e-49,4.7040658897622643e-49
state,174,1002.2696253560504,1002.2696253560504,0,0
state,175,8.9786384371900327e-36,8.9786384371900501e-36,1.7372970615599272e-50,1.7372970615599272e-50
state,176,2.035579363504273e-35,2.0355793635042765e-35,3.4745941231198543e-50,3.4745941231198543e-50
state,177,8.8593974239970146e-36,8.8593974239970426e-36,2.8064029455968054e-50,2.8064029455968054e-50
state,178,2.0156326715550978e-35,2.0156326715551042e-35,6.4146353042212696e-50,6.4146353042212696e-50
state,179,8.7546839438339569e-36,8.7546839438339783e-36,2.1382117680737565e-50,2.1382117680737565e-50
state,180,1002.2696253560504,1002.2696253560504,0,0
state,181,2.3467351251768225e-37,2.3467351251768254e-37,2.923336401663339e-52,2.923336401663339e-52
state,182,5.1974061047283976e-37,5.1974061047284018e-37,4.1761948595190557e-52,4.1761948595190557e-52
state,183,2.3166972006288781e-37,2.3166972006288844e-37,6.2642922892785835e-52,6.2642922892785835e-52
state,184,5.1483082274588254e-37,5.1483082274588363e-37,1.0858106634749545e-51,1.0858106634749545e-51
state,185,2.29032005417381e-37,2.2903200541738137e-37,3.7585753735671501e-52,3.7585753735671501e-52
state,186,1002.2696253560504,1002.2696253560504,0,0
state,187,5.9054193639229483e-39,5.9054193639229535e-39,5.2202435743988196e-54,5.2202435743988196e-54
state,188,1.2791286482313411e-38,1.2791286482313411e-38,0,0
state,189,5.8324779055228763e-39,5.8324779055228881e-39,1.1745548042397344e-53,1.1745548042397344e-53
state,190,1.2674664014402645e-38,1.2674664014402658e-38,1.3050608935997049e-53,1.3050608935997049e-53
state,191,5.7684299918431311e-39,5.7684299918431343e-39,3.2626522339992623e-54,3.2626522339992623e-54
state,192,1002.2696253560504,1002.2696253560504,0,0
state,193,1.4328536779553055e-40,1.4328536779553053e-40,2.0391576462495389e-56,2.0391576462495389e-56
state,194,3.0386066712685947e-40,3.0386066712685922e-40,2.4469891754994467e-55,2.4469891754994467e-55
state,195,1.415755067180054e-40,1.415755067180055e-40,1.0195788231247695e-55,1.0195788231247695e-55
state,196,3.0118383555764351e-40,3.0118383555764346e-40,4.0783152924990778e-56,4.0783152924990778e-56
state,197,1.4007424379853333e-40,1.4007424379853325e-40,8.1566305849981557e-56,8.1566305849981557e-56
state,198,1002.2696253560504,1002.2696253560504,0,0
state,199,3.3565618405647399e-42,3.3565618405647373e-42,2.5489470578119236e-57,2.5489470578119236e-57
state,200,6.9762016831395754e-42,6.9762016831395652e-42,1.0195788231247695e-56,1.0195788231247695e-56
state,201,3.3178187932959476e-42,3.317818793295947e-42,6.3723676445298091e-58,6.3723676445298091e-58
state,202,6.9167561956820812e-42,6.9167561956820723e-42,8.9213147023417328e-57,8.9213147023417328e-57
state,203,3.2838054957420122e-42,3.2838054957420077e-42,4.4606573511708664e-57,4.4606573511708664e-57
state,204,1002.2696253560504,1002.2696253560504,0,0
state,205,7.6008069656074019e-44,7.600806965607391e-44,1.0952506889035609e-58,1.0952506889035609e-58
state,206,1.5497230875960147e-43,1.5497230875960113e-43,3.3853203111564611e-58,3.3853203111564611e-58
state,207,7.5158520671618208e-44,7.5158520671618129e-44,7.9654595556622614e-59,7.9654595556622614e-59
state,208,1.5369360637071864e-43,1.5369360637071834e-43,2.987047333373348e-58,2.987047333373348e-58
state,209,7.44127644622388e-44,7.4412764462238631e-44,1.6926601555782305e-58,1.6926601555782305e-58
state,210,1002.2696253560504,1002.2696253560504,0,0
state,211,1.6656619659699374e-45,1.6656619659699333e-45,4.0449599306097421e-60,4.0449599306097421e-60
state,212,3.3346206478450147e-45,3.3346206478450041e-45,1.0579125972363941e-59,1.0579125972363941e-59
state,213,1.6476144789021461e-45,1.6476144789021426e-45,3.4226584028236279e-60,3.4226584028236279e-60
state,214,3.3079504751382611e-45,3.3079504751382506e-45,1.0579125972363941e-59,1.0579125972363941e-59
state,215,1.6317737969609138e-45,1.6317737969609088e-45,4.9784122222889134e-60,4.9784122222889134e-60
state,216,1002.2696253560504,1002.2696253560504,0,0
state,217,3.5361482262573739e-47,3.5361482262573773e-47,3.4032114800803119e-62,3.4032114800803119e-62
state,218,6.9570983524431589e-47,6.9570983524431627e-47,3.8893845486632136e-62,3.8893845486632136e-62
state,219,3.4989679107975823e-47,3.4989679107975867e-47,4.3755576172461153e-62,4.3755576172461153e-62
state,220,6.903109377197111e-47,6.9031093771971178e-47,6.8064229601606237e-62,6.8064229601606237e-62
state,221,3.4663380869940716e-47,3.466338086994075e-47,3.4032114800803119e-62,3.4032114800803119e-62
state,222,1002.2696253560504,1002.2696253560504,0,0
state,223,7.2796998310306283e-49,7.2796998310306283e-49,0,0
state,224,1.4086429546330341e-48,1.4086429546330338e-48,3.0385816786431356e-64,3.0385816786431356e-64
state,225,7.2053501807573362e-49,7.2053501807573378e-49,1.5192908393215678e-64,1.5192908393215678e-64
state,226,1.3980261767583063e-48,1.3980261767583063e-48,0,0
state,227,7.1401090419325857e-49,7.1401090419325872e-49,1.5192908393215678e-64,1.5192908393215678e-64
state,228,1002.2696253560504,1002.2696253560504,0,0
state,229,1.4545582985147284e-50,1.4545582985147339e-50,5.4599514538118843e-65,5.4599514538118843e-65
state,230,2.7703816944078822e-50,2.7703816944078917e-50,9.4955677457597987e-65,9.4955677457597987e-65
state,231,1.4401143118298628e-50,1.440114311829868e-50,5.2225622601678893e-65,5.2225622601678893e-65
state,232,2.7500840175869378e-50,2.7500840175869488e-50,1.0919902907623769e-64,1.0919902907623769e-64
state,233,1.4274416582854785e-50,1.4274416582854839e-50,5.4599514538118843e-65,5.4599514538118843e-65
state,234,1002.2696253560504,1002.2696253560504,0,0
state,235,2.8232796513782752e-52,2.823279651378283e-52,7.7893329164435849e-67,7.7893329164435849e-67
state,236,5.2965749799608009e-52,5.2965749799608142e-52,1.3353142142474717e-66,1.3353142142474717e-66
state,237,2.7959970981631757e-52,2.7959970981631839e-52,8.160253531512327e-67,8.160253531512327e-67
state,238,5.2588178659743612e-52,5.2588178659743776e-52,1.6320507063024654e-66,1.6320507063024654e-66
state,239,2.7720638987432485e-52,2.772063898743257e-52,8.5311741465810692e-67,8.5311741465810692e-67
state,240,1002.2696253560504,1002.2696253560504,0,0
state,241,5.3275798987612612e-54,5.3275798987612705e-54,9.2730153767185535e-69,9.2730153767185535e-69
state,242,9.8513799212918822e-54,9.8513799212918985e-54,1.6227776909257469e-68,1.6227776909257469e-68
state,243,5.2774383312221055e-54,5.2774383312221159e-54,1.0432142298808373e-68,1.0432142298808373e-68
state,244,9.782994872249315e-54,9.7829948722493359e-54,2.0864284597616745e-68,2.0864284597616745e-68
state,245,5.233459193980941e-54,5.2334591939809514e-54,1.0432142298808373e-68,1.0432142298808373e-68
state,246,1002.2696253560504,1002.2696253560504,0,0
state,247,9.781094249114664e-56,9.7810942491146731e-56,9.0556790788267124e-71,9.0556790788267124e-71
state,248,1.7838397829052164e-55,1.7838397829052175e-55,1.0866814894592055e-70,1.0866814894592055e-70
state,249,9.6913655966106092e-56,9.6913655966106201e-56,1.0866814894592055e-70,1.0866814894592055e-70
state,250,1.7717720662794655e-55,1.7717720662794681e-55,2.5355901420714795e-70,2.5355901420714795e-70
state,251,9.6126771222472953e-56,9.6126771222473062e-56,1.0866814894592055e-70,1.0866814894592055e-70
state,252,1002.2696253560504,1002.2696253560504,0,0
state,253,1.748381175294391e-57,1.7483811752943912e-57,2.8298997121333476e-73,2.8298997121333476e-73
state,254,3.1467664683529334e-57,3.1467664683529328e-57,5.6597994242666952e-73,5.6597994242666952e-73
state,255,1.732736288428175e-57,1.7327362884281756e-57,5.6597994242666952e-73,5.6597994242666952e-73
state,256,3.1260046703479787e-57,3.1260046703479804e-57,1.6979398272800086e-72,1.6979398272800086e-72
state,257,1.7190185657109853e-57,1.7190185657109858e-57,5.6597994242666952e-73,5.6597994242666952e-73
state,258,1002.2696253560504,1002.2696253560504,0,0
state,259,3.0448724535352594e-59,3.0448724535352572e-59,2.2108591501041778e-74,2.2108591501041778e-74
state,260,5.4112843651841208e-59,5.4112843651841164e-59,4.4217183002083556e-74,4.4217183002083556e-74
state,261,3.0182778469256654e-59,3.0182778469256632e-59,2.2108591501041778e-74,2.2108591501041778e-74
state,262,5.3764394367875997e-59,5.3764394367875962e-59,3.5373746401666845e-74,3.5373746401666845e-74
state,263,2.9949630588678996e-59,2.9949630588678974e-59,2.2108591501041778e-74,2.2108591501041778e-74
state,264,1002.2696253560504,1002.2696253560504,0,0
state,265,5.1696858181656537e-61,5.1696858181656461e-61,7.5998283284831113e-76,7.5998283284831113e-76
state,266,9.0766635969872374e-61,9.076663596987225e-61,1.2436082719336e-75,1.2436082719336e-75
state,267,5.125584451524017e-61,5.1255844515240087e-61,8.2907218128906668e-76,8.2907218128906668e-76
state,268,9.0195823011975459e-61,9.0195823011975321e-61,1.3817869688151111e-75,1.3817869688151111e-75
state,269,5.0869284278996364e-61,5.0869284278996288e-61,7.5998283284831113e-76,7.5998283284831113e-76
state,270,1002.2696253560504,1002.2696253560504,0,0
state,271,8.5621900328701828e-63,8.5621900328701623e-63,2.0510900318349306e-77,2.0510900318349306e-77
state,272,1.485907529028566e-62,1.4859075290285628e-62,3.2385632081604167e-77,3.2385632081604167e-77
state,273,8.4908074455454757e-63,8.4908074455454552e-63,2.0510900318349306e-77,2.0510900318349306e-77
state,274,1.4767756545110273e-62,1.4767756545110236e-62,3.670371635915139e-77,3.670371635915139e-77
state,275,8.4282493153414981e-63,8.4282493153414797e-63,1.8351858179575695e-77,1.8351858179575695e-77
state,276,1002.2696253560504,1002.2696253560504,0,0
state,277,1.3841455086694978e-64,1.3841455086694931e-64,4.7229046785672744e-79,4.7229046785672744e-79
state,278,2.3753870712722215e-64,2.3753870712722144e-64,7.0843570178509116e-79,7.0843570178509116e-79
state,279,1.372861932074573e-64,1.3728619320745683e-64,4.7229046785672744e-79,4.7229046785672744e-79
state,280,2.3611126457300628e-64,2.3611126457300561e-64,6.7470066836675349e-79,6.7470066836675349e-79
state,281,1.3629749469063775e-64,1.3629749469063735e-64,4.0482040102005209e-79,4.0482040102005209e-79
state,282,1002.2696253560504,1002.2696253560504,0,0
state,283,2.1852098119427377e-66,2.1852098119427284e-66,9.2244232003267078e-81,9.2244232003267078e-81
state,284,3.7100531814805589e-66,3.7100531814805441e-66,1.4759077120522733e-80,1.4759077120522733e-80
state,285,2.1677822326191155e-66,2.1677822326191063e-66,9.2244232003267078e-81,9.2244232003267078e-81
state,286,3.6882409479406057e-66,3.6882409479405925e-66,1.3177747429038154e-80,1.3177747429038154e-80
state,287,2.1525143355658143e-66,2.1525143355658053e-66,8.9608682517459447e-81,8.9608682517459447e-81
state,288,1002.2696253560504,1002.2696253560504,0,0
state,289,3.3709013393164451e-68,3.3709013393164587e-68,1.3589552036195596e-82,1.3589552036195596e-82
state,290,5.664278217715393e-68,5.6642782177154186e-68,2.5531885643761423e-82,2.5531885643761423e-82
state,291,3.344588086111094e-68,3.3445880861111064e-68,1.2354138214723269e-82,1.2354138214723269e-82
state,292,5.6316806679501867e-68,5.6316806679502131e-68,2.6355494858076308e-82,2.6355494858076308e-82
state,293,3.3215396584865909e-68,3.3215396584866053e-68,1.4413161250510481e-82,1.4413161250510481e-82
state,294,1002.2696253560504,1002.2696253560504,0,0
state,295,5.0834300460956599e-70,5.0834300460956754e-70,1.5442672768404087e-84,1.5442672768404087e-84
state,296,8.4573333422517758e-70,8.4573333422518092e-70,3.3459124331542188e-84,3.3459124331542188e-84
state,297,5.0445737675275478e-70,5.0445737675275619e-70,1.415578337103708e-84,1.415578337103708e-84
state,298,8.4096677849757868e-70,8.409667784975819e-70,3.2172234934175181e-84,3.2172234934175181e-84
state,299,5.0105445297822119e-70,5.0105445297822293e-70,1.7373006864454598e-84,1.7373006864454598e-84
state,300,1002.2696253560504,1002.2696253560504,0,0
state,301,7.4977690362521819e-72,7.497769036252199e-72,1.7091499808780565e-86,1.7091499808780565e-86
state,302,1.2355015621835875e-71,1.2355015621835913e-71,3.8204528984333027e-86,3.8204528984333027e-86
state,303,7.4416267272359254e-72,7.4416267272359405e-72,1.5080735125394616e-86,1.5080735125394616e-86
state,304,1.2286790774295083e-71,1.2286790774295119e-71,3.6193764300947078e-86,3.6193764300947078e-86
state,305,7.3924674722202052e-72,7.3924674722202213e-72,1.608611746708759e-86,1.608611746708759e-86
state,306,0,0,0,0
state,307,0.0055656865656087623,0.0055656865656087623,0,0
state,308,0.0002625717060809182,0.0002625717060809182,0,0
state,309,0.0070413739716901026,0.0070413739716901026,0,0
state,310,0.00044379898810267587,0.00044379898810267587,0,0
state,311,0.0087257184069282553,0.0087257184069282553,0,0
state,312,0,0,0,0
state,313,0.0038727148076260071,0.0038727148076260071,0,0
state,314,0.00075764665099811387,0.00075764665099811441,5.4210108624275222e-19,5.4210108624275222e-19
state,315,0.004552560408573326,0.004552560408573326,0,0
state,316,0.001041720656086555,0.001041720656086555,0,0
state,317,0.0052096030278476002,0.0052096030278475985,1.7347234759768071e-18,1.7347234759768071e-18
state,318,0,0,0,0
state,319,0.0020576259315737973,0.0020576259315737973,0,0
state,320,0.0013706956438545898,0.00137069564385459,2.1684043449710089e-19,2.1684043449710089e-19
state,321,0.0020825267567741923,0.0020825267567741914,8.6736173798840355e-19,8.6736173798840355e-19
state,322,0.0014871853117042512,0.0014871853117042521,8.6736173798840355e-19,8.6736173798840355e-19
state,323,0.002087817573337558,0.0020878175733375593,1.3010426069826053e-18,1.3010426069826053e-18
state,324,0,0,0,0
state,325,0.00028915718588944079,0.00028915718588944084,5.4210108624275222e-20,5.4210108624275222e-20
state,326,0.00043161710221467636,0.00043161710221467653,1.6263032587282567e-19,1.6263032587282567e-19
state,327,0.00026687906635446628,0.00026687906635446628,0,0
state,328,0.00041216892561844254,0.0004121689256184426,5.4210108624275222e-20,5.4210108624275222e-20
state,329,0.0002476491506579192,0.0002476491506579192,0,0
state,330,0,0,0,0
state,331,8.8756409147431039e-06,8.8756409147431056e-06,1.6940658945086007e-21,1.6940658945086007e-21
state,332,1.9709452689104264e-05,1.9709452689104278e-05,1.3552527156068805e-20,1.3552527156068805e-20
state,333,8.1179445595259407e-06,8.117944559525939e-06,1.6940658945086007e-21,1.6940658945086007e-21
state,334,1.8576973461610159e-05,1.8576973461610159e-05,0,0
state,335,7.4776187389961042e-06,7.4776187389961059e-06,1.6940658945086007e-21,1.6940658945086007e-21
state,336,0,0,0,0
state,337,2.1556995841889265e-07,2.1556995841889191e-07,7.411538288475128e-22,7.411538288475128e-22
state,338,6.7235843495737032e-07,6.7235843495736926e-07,1.0587911840678754e-21,1.0587911840678754e-21
state,339,1.9762230243845928e-07,1.9762230243845994e-07,6.6174449004242214e-22,6.6174449004242214e-22
state,340,6.3481143111856069e-07,6.3481143111856291e-07,2.2234614865425384e-21,2.2234614865425384e-21
state,341,1.8244152965646324e-07,1.8244152965646268e-07,5.558653716356346e-22,5.558653716356346e-22
state,342,0,0,0,0
state,343,5.1803483523041969e-09,5.1803483523042085e-09,1.1580528575742387e-23,1.1580528575742387e-23
state,344,2.2543384083111762e-08,2.2543384083111801e-08,3.9704669402545328e-23,3.9704669402545328e-23
state,345,4.7619982995568597e-09,4.7619982995568679e-09,8.2718061255302767e-24,8.2718061255302767e-24
state,346,2.1332728236824733e-08,2.1332728236824694e-08,3.9704669402545328e-23,3.9704669402545328e-23
state,347,4.4075719965685708e-09,4.4075719965685989e-09,2.8124140826802941e-23,2.8124140826802941e-23
state,348,0,0,0,0
state,349,1.2390693979876581e-10,1.2390693979876578e-10,2.5849394142282115e-26,2.5849394142282115e-26
state,350,7.489247763213378e-10,7.4892477632133821e-10,4.1359030627651384e-25,4.1359030627651384e-25
state,351,1.1419985372716241e-10,1.141998537271626e-10,1.9387045606711586e-25,1.9387045606711586e-25
state,352,7.1030308409688711e-10,7.1030308409688577e-10,1.34416849539867e-24,1.34416849539867e-24
state,353,1.0596280244828866e-10,1.0596280244828886e-10,1.9387045606711586e-25,1.9387045606711586e-25
state,354,0,0,0,0
state,355,1.3880564917002939e-12,1.3880564917002937e-12,2.0194839173657902e-28,2.0194839173657902e-28
state,356,9.0757642923477668e-12,9.0757642923477717e-12,4.8467614016778965e-27,4.8467614016778965e-27
state,357,1.2817410213878331e-12,1.2817410213878365e-12,3.4331226595218434e-27,3.4331226595218434e-27
state,358,8.6131664316264693e-12,8.613166431626458e-12,1.1309109937248425e-26,1.1309109937248425e-26
state,359,1.1914756289493653e-12,1.1914756289493661e-12,8.0779356694631609e-28,8.0779356694631609e-28
state,360,0,0,0,0
state,361,0,0,0,0
state,362,0,0,0,0
state,363,0,0,0,0
state,364,0,0,0,0
state,365,0,0,0,0
state,366,0,0,0,0
state,367,0,0,0,0
state,368,0,0,0,0
state,369,0,0,0,0
state,370,0,0,0,0
state,371,0,0,0,0
state,372,0,0,0,0
state,373,0,0,0,0
state,374,0,0,0,0
state,375,0,0,0,0
state,376,0,0,0,0
state,377,0,0,0,0
state,378,0,0,0,0
state,379,0,0,0,0
state,380,0,0,0,0
state,381,0,0,0,0
state,382,0,0,0,0
state,383,0,0,0,0
state,384,0,0,0,0
state,385,0,0,0,0
state,386,0,0,0,0
state,387,0,0,0,0
state,388,0,0,0,0
state,389,0,0,0,0
state,390,0,0,0,0
state,391,0,0,0,0
state,392,0,0,0,0
state,393,0,0,0,0
state,394,0,0,0,0
state,395,0,0,0,0
state,396,0,0,0,0
state,397,0,0,0,0
state,398,0,0,0,0
state,399,0,0,0,0
state,400,0,0,0,0
state,401,0,0,0,0
state,402,0,0,0,0
state,403,0,0,0,0
state,404,0,0,0,0
state,405,0,0,0,0
state,406,0,0,0,0
state,407,0,0,0,0
state,408,0,0,0,0
state,409,0,0,0,0
state,410,0,0,0,0
state,411,0,0,0,0
state,412,0,0,0,0
state,413,0,0,0,0
state,414,0,0,0,0
state,415,0,0,0,0
state,416,0,0,0,0
state,417,0,0,0,0
state,418,0,0,0,0
state,419,0,0,0,0
state,420,0,0,0,0
state,421,0,0,0,0
state,422,0,0,0,0
state,423,0,0,0,0
state,424,0,0,0,0
state,425,0,0,0,0
state,426,0,0,0,0
state,427,0,0,0,0
state,428,0,0,0,0
state,429,0,0,0,0
state,430,0,0,0,0
state,431,0,0,0,0
state,432,0,0,0,0
state,433,0,0,0,0
state,434,0,0,0,0
state,435,0,0,0,0
state,436,0,0,0,0
state,437,0,0,0,0
state,438,0,0,0,0
state,439,0,0,0,0
state,440,0,0,0,0
state,441,0,0,0,0
state,442,0,0,0,0
state,443,0,0,0,0
state,444,0,0,0,0
state,445,0,0,0,0
state,446,0,0,0,0
state,447,0,0,0,0
state,448,0,0,0,0
state,449,0,0,0,0
state,450,0,0,0,0
state,451,0,0,0,0
state,452,0,0,0,0
state,453,0,0,0,0
state,454,0,0,0,0
state,455,0,0,0,0
state,456,0,0,0,0
state,457,0,0,0,0
state,458,0,0,0,0
state,459,0,0,0,0
state,460,0,0,0,0
state,461,0,0,0,0
state,462,0,0,0,0
state,463,0,0,0,0
state,464,0,0,0,0
state,465,0,0,0,0
state,466,0,0,0,0
state,467,0,0,0,0
state,468,0,0,0,0
state,469,0,0,0,0
state,470,0,0,0,0
state,471,0,0,0,0
state,472,0,0,0,0
state,473,0,0,0,0
state,474,0,0,0,0
state,475,0,0,0,0
state,476,0,0,0,0
state,477,0,0,0,0
state,478,0,0,0,0
state,479,0,0,0,0
state,480,0,0,0,0
state,481,0,0,0,0
state,482,0,0,0,0
state,483,0,0,0,0
state,484,0,0,0,0
state,485,0,0,0,0
state,486,0,0,0,0
state,487,0,0,0,0
state,488,0,0,0,0
state,489,0,0,0,0
state,490,0,0,0,0
state,491,0,0,0,0
state,492,0,0,0,0
state,493,0,0,0,0
state,494,0,0,0,0
state,495,0,0,0,0
state,496,0,0,0,0
state,497,0,0,0,0
state,498,0,0,0,0
state,499,0,0,0,0
state,500,0,0,0,0
state,501,0,0,0,0
state,502,0,0,0,0
state,503,0,0,0,0
state,504,0,0,0,0
state,505,0,0,0,0
state,506,0,0,0,0
state,507,0,0,0,0
state,508,0,0,0,0
state,509,0,0,0,0
state,510,0,0,0,0
state,511,0,0,0,0
state,512,0,0,0,0
state,513,0,0,0,0
state,514,0,0,0,0
state,515,0,0,0,0
state,516,0,0,0,0
state,517,0,0,0,0
state,518,0,0,0,0
state,519,0,0,0,0
state,520,0,0,0,0
state,521,0,0,0,0
state,522,0,0,0,0
state,523,0,0,0,0
state,524,0,0,0,0
state,525,0,0,0,0
state,526,0,0,0,0
state,527,0,0,0,0
state,528,0,0,0,0
state,529,0,0,0,0
state,530,0,0,0,0
state,531,0,0,0,0
state,532,0,0,0,0
state,533,0,0,0,0
state,534,0,0,0,0
state,535,0,0,0,0
state,536,0,0,0,0
state,537,0,0,0,0
state,538,0,0,0,0
state,539,0,0,0,0
state,540,0,0,0,0
state,541,0,0,0,0
state,542,0,0,0,0
state,543,0,0,0,0
state,544,0,0,0,0
state,545,0,0,0,0
state,546,0,0,0,0
state,547,0,0,0,0
state,548,0,0,0,0
state,549,0,0,0,0
state,550,0,0,0,0
state,551,0,0,0,0
state,552,0,0,0,0
state,553,0,0,0,0
state,554,0,0,0,0
state,555,0,0,0,0
state,556,0,0,0,0
state,557,0,0,0,0
state,558,0,0,0,0
state,559,0,0,0,0
state,560,0,0,0,0
state,561,0,0,0,0
state,562,0,0,0,0
state,563,0,0,0,0
state,564,0,0,0,0
state,565,0,0,0,0
state,566,0,0,0,0
state,567,0,0,0,0
state,568,0,0,0,0
state,569,0,0,0,0
state,570,0,0,0,0
state,571,0,0,0,0
state,572,0,0,0,0
state,573,0,0,0,0
state,574,0,0,0,0
state,575,0,0,0,0
state,576,0,0,0,0
state,577,0,0,0,0
state,578,0,0,0,0
state,579,0,0,0,0
state,580,0,0,0,0
state,581,0,0,0,0
state,582,0,0,0,0
state,583,0,0,0,0
state,584,0,0,0,0
state,585,0,0,0,0
state,586,0,0,0,0
state,587,0,0,0,0
state,588,0,0,0,0
state,589,0,0,0,0
state,590,0,0,0,0
state,591,0,0,0,0
state,592,0,0,0,0
state,593,0,0,0,0
state,594,0,0,0,0
state,595,0,0,0,0
state,596,0,0,0,0
state,597,0,0,0,0
state,598,0,0,0,0
state,599,0,0,0,0
state,600,0,0,0,0
state,601,0,0,0,0
state,602,0,0,0,0
state,603,0,0,0,0
state,604,0,0,0,0
state,605,0,0,0,0
state,606,0,0,0,0
state,607,0,0,0,0
state,608,0,0,0,0
state,609,0,0,0,0
state,610,0,0,0,0
state,611,0,0,0,0
state,612,0,0,0,0
state,613,4.0353826819726739e-06,4.0353826819726739e-06,0,0
state,614,6.193348043922465e-06,6.193348043922465e-06,0,0
state,615,9.0474896820778405e-06,9.0474896820778405e-06,0,0
state,616,1.2702246637478828e-05,1.2702246637478828e-05,0,0
state,617,1.7262127559288295e-05,1.7262127559288295e-05,0,0
state,618,0,0,0,0
state,619,8.3149862759968627e-12,8.3149862759968643e-12,1.6155871338926322e-27,1.6155871338926322e-27
state,620,1.6269927783277054e-11,1.6269927783277063e-11,9.6935228033557931e-27,9.6935228033557931e-27
state,621,1.505572909095595e-11,1.505572909095595e-11,0,0
state,622,2.8913711701094373e-11,2.8913711701094373e-11,0,0
state,623,2.4186977019574317e-11,2.4186977019574317e-11,0,0
state,624,0,0,0,0
state,625,2.0011754901870793e-13,2.0011754901870791e-13,2.5243548967072378e-29,2.5243548967072378e-29
state,626,7.3503949344258878e-13,7.3503949344258979e-13,1.0097419586828951e-27,1.0097419586828951e-27
state,627,2.9261153605320565e-13,2.9261153605320555e-13,1.0097419586828951e-28,1.0097419586828951e-28
state,628,1.091987666838579e-12,1.0919876668385814e-12,2.4233807008389483e-27,2.4233807008389483e-27
state,629,3.9833548598848921e-13,3.9833548598848931e-13,1.0097419586828951e-28,1.0097419586828951e-28
state,630,0,0,0,0
state,631,2.6073493035600602e-16,2.6073493035600627e-16,2.4651903288156619e-31,2.4651903288156619e-31
state,632,1.9332541888175319e-15,1.9332541888175346e-15,2.7610131682735413e-30,2.7610131682735413e-30
state,633,3.6245142638144291e-16,3.6245142638144291e-16,0,0
state,634,2.7367613063641366e-15,2.7367613063641414e-15,4.7331654313260708e-30,4.7331654313260708e-30
state,635,4.7516354103292004e-16,4.7516354103292113e-16,1.0846837446788912e-30,1.0846837446788912e-30
state,636,0,0,0,0
state,637,1.546031597990883e-19,1.5460315979908801e-19,2.8888949165808538e-34,2.8888949165808538e-34
state,638,2.2427671941994157e-18,2.2427671941994142e-18,1.5407439555097887e-33,1.5407439555097887e-33
state,639,2.1548190451027532e-19,2.1548190451027585e-19,5.2963073470648986e-34,5.2963073470648986e-34
state,640,3.1809812091231952e-18,3.180981209123196e-18,7.7037197775489434e-34,7.7037197775489434e-34
state,641,2.8333078901091798e-19,2.8333078901091798e-19,0,0
state,642,0,0,0,0
state,643,8.7976245986951599e-23,8.797624598695261e-23,1.0109251417071673e-36,1.0109251417071673e-36
state,644,2.4719225501651143e-21,2.4719225501651271e-21,1.2789378536946488e-35,1.2789378536946488e-35
state,645,1.2324952828507986e-22,1.2324952828507972e-22,1.410593220986745e-37,1.410593220986745e-37
state,646,3.5209951279456983e-21,3.520995127945663e-21,3.5358870072734408e-35,3.5358870072734408e-35
state,647,1.6284830115986665e-22,1.6284830115986968e-22,3.0327754251215018e-36,3.0327754251215018e-36
state,648,0,0,0,0
state,649,4.9895838758831983e-26,4.9895838758832259e-26,2.7550648847397363e-40,2.7550648847397363e-40
state,650,2.6813301219586319e-24,2.6813301219586415e-24,9.550891600431086e-39,9.550891600431086e-39
state,651,7.0281016990450891e-26,7.0281016990451212e-26,3.2142423655296924e-40,3.2142423655296924e-40
state,652,3.8361326031250909e-24,3.8361326031250718e-24,1.9101783200862172e-38,1.9101783200862172e-38
state,653,9.3339126548046563e-26,9.3339126548047723e-26,1.159423138994639e-39,1.159423138994639e-39
state,654,0,0,0,0
state,655,3.5058487860321435e-29,3.505848786032139e-29,4.4841550858394146e-44,4.4841550858394146e-44
state,656,3.122945914639118e-27,3.1229459146391191e-27,1.0761972206014595e-42,1.0761972206014595e-42
state,657,5.0076649704182468e-29,5.0076649704182659e-29,1.9057659114817512e-43,1.9057659114817512e-43
state,658,4.4987610776930159e-27,4.4987610776930008e-27,1.5066761088420433e-41,1.5066761088420433e-41
state,659,6.739247477226578e-29,6.7392474772266061e-29,2.8025969286496341e-43,2.8025969286496341e-43
state,660,0,0,0,0
state,661,8.3044642342357481e-32,8.3044642342357252e-32,2.299005293032903e-46,2.299005293032903e-46
state,662,6.9372198165610368e-30,6.9372198165610438e-30,7.0064923216240854e-45,7.0064923216240854e-45
state,663,1.2060743068539717e-31,1.2060743068539774e-31,5.6927750113195694e-46,5.6927750113195694e-46
state,664,1.0089691936970669e-29,1.0089691936970646e-29,2.2420775429197073e-44,2.2420775429197073e-44
state,665,1.6487607293767022e-31,1.6487607293767009e-31,1.313717310304516e-46,1.313717310304516e-46
state,666,0,0,0,0
state,667,0,0,0,0
state,668,0,0,0,0
state,669,0,0,0,0
state,670,0,0,0,0
state,671,0,0,0,0
state,672,0,0,0,0
state,673,0,0,0,0
state,674,0,0,0,0
state,675,0,0,0,0
state,676,0,0,0,0
state,677,0,0,0,0
state,678,0,0,0,0
state,679,0,0,0,0
state,680,0,0,0,0
state,681,0,0,0,0
state,682,0,0,0,0
state,683,0,0,0,0
state,684,0,0,0,0
state,685,0,0,0,0
state,686,0,0,0,0
state,687,0,0,0,0
state,688,0,0,0,0
state,689,0,0,0,0
state,690,0,0,0,0
state,691,0,0,0,0
state,692,0,0,0,0
state,693,0,0,0,0
state,694,0,0,0,0
state,695,0,0,0,0
state,696,0,0,0,0
state,697,0,0,0,0
state,698,0,0,0,0
state,699,0,0,0,0
state,700,0,0,0,0
state,701,0,0,0,0
state,702,0,0,0,0
state,703,0,0,0,0
state,704,0,0,0,0
state,705,0,0,0,0
state,706,0,0,0,0
state,707,0,0,0,0
state,708,0,0,0,0
state,709,0,0,0,0
state,710,0,0,0,0
state,711,0,0,0,0
state,712,0,0,0,0
state,713,0,0,0,0
state,714,0,0,0,0
state,715,0,0,0,0
state,716,0,0,0,0
state,717,0,0,0,0
state,718,0,0,0,0
state,719,0,0,0,0
state,720,0,0,0,0
state,721,0,0,0,0
state,722,0,0,0,0
state,723,0,0,0,0
state,724,0,0,0,0
state,725,0,0,0,0
state,726,0,0,0,0
state,727,0,0,0,0
state,728,0,0,0,0
state,729,0,0,0,0
state,730,0,0,0,0
state,731,0,0,0,0
state,732,0,0,0,0
state,733,0,0,0,0
state,734,0,0,0,0
state,735,0,0,0,0
state,736,0,0,0,0
state,737,0,0,0,0
state,738,0,0,0,0
state,739,0,0,0,0
state,740,0,0,0,0
state,741,0,0,0,0
state,742,0,0,0,0
state,743,0,0,0,0
state,744,0,0,0,0
state,745,0,0,0,0
state,746,0,0,0,0
state,747,0,0,0,0
state,748,0,0,0,0
state,749,0,0,0,0
state,750,0,0,0,0
state,751,0,0,0,0
state,752,0,0,0,0
state,753,0,0,0,0
state,754,0,0,0,0
state,755,0,0,0,0
state,756,0,0,0,0
state,757,0,0,0,0
state,758,0,0,0,0
state,759,0,0,0,0
state,760,0,0,0,0
state,761,0,0,0,0
state,762,0,0,0,0
state,763,0,0,0,0
state,764,0,0,0,0
state,765,0,0,0,0
state,766,0,0,0,0
state,767,0,0,0,0
state,768,0,0,0,0
state,769,0,0,0,0
state,770,0,0,0,0
state,771,0,0,0,0
state,772,0,0,0,0
state,773,0,0,0,0
state,774,0,0,0,0
state,775,0,0,0,0
state,776,0,0,0,0
state,777,0,0,0,0
state,778,0,0,0,0
state,779,0,0,0,0
state,780,0,0,0,0
state,781,0,0,0,0
state,782,0,0,0,0
state,783,0,0,0,0
state,784,0,0,0,0
state,785,0,0,0,0
state,786,0,0,0,0
state,787,0,0,0,0
state,788,0,0,0,0
state,789,0,0,0,0
state,790,0,0,0,0
state,791,0,0,0,0
state,792,0,0,0,0
state,793,0,0,0,0
state,794,0,0,0,0
state,795,0,0,0,0
state,796,0,0,0,0
state,797,0,0,0,0
state,798,0,0,0,0
state,799,0,0,0,0
state,800,0,0,0,0
state,801,0,0,0,0
state,802,0,0,0,0
state,803,0,0,0,0
state,804,0,0,0,0
state,805,0,0,0,0
state,806,0,0,0,0
state,807,0,0,0,0
state,808,0,0,0,0
state,809,0,0,0,0
state,810,0,0,0,0
state,811,0,0,0,0
state,812,0,0,0,0
state,813,0,0,0,0
state,814,0,0,0,0
state,815,0,0,0,0
state,816,0,0,0,0
state,817,0,0,0,0
state,818,0,0,0,0
state,819,0,0,0,0
state,820,0,0,0,0
state,821,0,0,0,0
state,822,0,0,0,0
state,823,0,0,0,0
state,824,0,0,0,0
state,825,0,0,0,0
state,826,0,0,0,0
state,827,0,0,0,0
state,828,0,0,0,0
state,829,0,0,0,0
state,830,0,0,0,0
state,831,0,0,0,0
state,832,0,0,0,0
state,833,0,0,0,0
state,834,0,0,0,0
state,835,0,0,0,0
state,836,0,0,0,0
state,837,0,0,0,0
state,838,0,0,0,0
state,839,0,0,0,0
state,840,0,0,0,0
state,841,0,0,0,0
state,842,0,0,0,0
state,843,0,0,0,0
state,844,0,0,0,0
state,845,0,0,0,0
state,846,0,0,0,0
state,847,0,0,0,0
state,848,0,0,0,0
state,849,0,0,0,0
state,850,0,0,0,0
state,851,0,0,0,0
state,852,0,0,0,0
state,853,0,0,0,0
state,854,0,0,0,0
state,855,0,0,0,0
state,856,0,0,0,0
state,857,0,0,0,0
state,858,0,0,0,0
state,859,0,0,0,0
state,860,0,0,0,0
state,861,0,0,0,0
state,862,0,0,0,0
state,863,0,0,0,0
state,864,0,0,0,0
state,865,0,0,0,0
state,866,0,0,0,0
state,867,0,0,0,0
state,868,0,0,0,0
state,869,0,0,0,0
state,870,0,0,0,0
state,871,0,0,0,0
state,872,0,0,0,0
state,873,0,0,0,0
state,874,0,0,0,0
state,875,0,0,0,0
state,876,0,0,0,0
state,877,0,0,0,0
state,878,0,0,0,0
state,879,0,0,0,0
state,880,0,0,0,0
state,881,0,0,0,0
state,882,0,0,0,0
state,883,0,0,0,0
state,884,0,0,0,0
state,885,0,0,0,0
state,886,0,0,0,0
state,887,0,0,0,0
state,888,0,0,0,0
state,889,0,0,0,0
state,890,0,0,0,0
state,891,0,0,0,0
state,892,0,0,0,0
state,893,0,0,0,0
state,894,0,0,0,0
state,895,0,0,0,0
state,896,0,0,0,0
state,897,0,0,0,0
state,898,0,0,0,0
state,899,0,0,0,0
state,900,0,0,0,0
state,901,0,0,0,0
state,902,0,0,0,0
state,903,0,0,0,0
state,904,0,0,0,0
state,905,0,0,0,0
state,906,0,0,0,0
state,907,0,0,0,0
state,908,0,0,0,0
state,909,0,0,0,0
state,910,0,0,0,0
state,911,0,0,0,0
state,912,0,0,0,0
state,913,0,0,0,0
state,914,0,0,0,0
state,915,0,0,0,0
state,916,0,0,0,0
state,917,0,0,0,0
state,918,701.58873774923518,701.58873774923518,0,0
state,919,60.13617645663188,60.13617645663188,0,0
state,920,60.136175887230507,60.136175887230507,0,0
state,921,60.136175134109997,60.136175134109997,0,0
state,922,60.136174169689092,60.136174169689092,0,0
state,923,60.136172966356831,60.136172966356831,0,0
state,924,1002.2696253560504,1002.2696253560504,0,0
state,925,5.2245637025854421,5.2245637025854421,0,0
state,926,6.1742588008957,6.1742588008957053,5.3290705182007514e-15,8.6311097251505853e-16
state,927,5.0194958495353408,5.0194958495353408,0,0
state,928,6.0842348890952174,6.0842348890952174,0,0
state,929,4.8224680472924275,4.8224680472924275,0,0
state,930,1002.2696253560504,1002.2696253560504,0,0
state,931,0.50906913332196913,0.50906913332196913,0,0
state,932,0.8606230990066438,0.86062309900664413,3.3306690738754696e-16,3.3306690738754696e-16
state,933,0.46676266416827061,0.46676266416827045,1.6653345369377348e-16,1.6653345369377348e-16
state,934,0.81585061859082919,0.81585061859083008,8.8817841970012523e-16,8.8817841970012523e-16
state,935,0.43051373080970828,0.43051373080970828,0,0
state,936,1002.2696253560504,1002.2696253560504,0,0
state,937,0.015409294644955433,0.01540929464495544,6.9388939039072284e-18,6.9388939039072284e-18
state,938,0.037755223179963063,0.037755223179963104,4.163336342344337e-17,4.163336342344337e-17
state,939,0.01403198961895508,0.01403198961895509,1.0408340855860843e-17,1.0408340855860843e-17
state,940,0.035469460859421022,0.035469460859421049,2.7755575615628914e-17,2.7755575615628914e-17
state,941,0.012870963947896441,0.012870963947896448,6.9388939039072284e-18,6.9388939039072284e-18
state,942,1002.2696253560504,1002.2696253560504,0,0
state,943,0.00037532271869306099,0.00037532271869306083,1.6263032587282567e-19,1.6263032587282567e-19
state,944,0.0012975835686028982,0.0012975835686028991,8.6736173798840355e-19,8.6736173798840355e-19
state,945,0.00034259520245303677,0.0003425952024530372,4.3368086899420177e-19,4.3368086899420177e-19
state,946,0.0012212706834675718,0.0012212706834675714,4.3368086899420177e-19,4.3368086899420177e-19
state,947,0.00031497860901354499,0.00031497860901354494,5.4210108624275222e-20,5.4210108624275222e-20
state,948,1002.2696253560504,1002.2696253560504,0,0
state,949,9.0534103859848599e-06,9.0534103859849073e-06,4.7433845046240819e-20,4.7433845046240819e-20
state,950,4.3940413450962766e-05,4.3940413450962895e-05,1.2874900798265365e-19,1.2874900798265365e-19
state,951,8.2868147651077969e-06,8.2868147651077918e-06,5.082197683525802e-21,5.082197683525802e-21
state,952,4.1450849928048498e-05,4.1450849928048281e-05,2.1684043449710089e-19,2.1684043449710089e-19
state,953,7.6388700282509055e-06,7.6388700282509834e-06,7.7927031147395631e-20,7.7927031147395631e-20
state,954,1002.2696253560504,1002.2696253560504,0,0
state,955,2.1804990907808962e-07,2.1804990907809015e-07,5.2939559203393771e-22,5.2939559203393771e-22
state,956,1.478177728333702e-06,1.4781777283337039e-06,1.9058241313221758e-21,1.9058241313221758e-21
state,957,2.0015116117635896e-07,2.0015116117635936e-07,3.9704669402545328e-22,3.9704669402545328e-22
state,958,1.3976857257284962e-06,1.3976857257284926e-06,3.5998900258307764e-21,3.5998900258307764e-21
state,959,1.8499751338341548e-07,1.8499751338341656e-07,1.0852609636695723e-21,1.0852609636695723e-21
state,960,1002.2696253560504,1002.2696253560504,0,0
state,961,5.4928933742771081e-09,5.492893374277109e-09,8.2718061255302767e-25,8.2718061255302767e-25
state,962,5.0168788045742971e-08,5.0168788045742991e-08,1.9852334701272664e-23,1.9852334701272664e-23
state,963,5.0705940849763024e-09,5.0705940849763115e-09,9.0989867380833044e-24,9.0989867380833044e-24
state,964,4.7578854898527659e-08,4.7578854898527546e-08,1.1249656330721176e-22,1.1249656330721176e-22
state,965,4.7122948567389089e-09,4.7122948567389221e-09,1.3234889800848443e-23,1.3234889800848443e-23
state,966,1002.2696253560504,1002.2696253560504,0,0
state,967,7.2073405416740779e-10,7.2073405416740686e-10,9.3057818912215613e-25,9.3057818912215613e-25
state,968,5.7714186045009191e-09,5.7714186045009224e-09,3.3087224502121107e-24,3.3087224502121107e-24
state,969,6.768790996925116e-10,6.7687909969251263e-10,1.0339757656912846e-24,1.0339757656912846e-24
state,970,5.5225511652532271e-09,5.5225511652532222e-09,4.963083675318166e-24,4.963083675318166e-24
state,971,6.39357652804687e-10,6.3935765280468628e-10,7.2378303598389922e-25,7.2378303598389922e-25
state,972,1002.2696253560504,1002.2696253560504,0,0
state,973,9.9162856023355074e-11,9.9162856023354996e-11,7.7548182426846345e-26,7.7548182426846345e-26
state,974,6.6581218434602937e-10,6.6581218434602957e-10,2.0679515313825692e-25,2.0679515313825692e-25
state,975,9.4165251999898705e-11,9.416525199989886e-11,1.5509636485369269e-25,1.5509636485369269e-25
state,976,6.4125331425986538e-10,6.4125331425986507e-10,3.1019272970738538e-25,3.1019272970738538e-25
state,977,8.9864467970915937e-11,8.986446797091582e-11,1.1632227364026952e-25,1.1632227364026952e-25
state,978,1002.2696253560504,1002.2696253560504,0,0
state,979,1.1059433264713158e-11,1.1059433264713158e-11,0,0
state,980,6.4243643056950253e-11,6.4243643056950253e-11,0,0
state,981,1.0589415187566967e-11,1.058941518756699e-11,2.261821987449685e-26,2.261821987449685e-26
state,982,6.2197221182826348e-11,6.2197221182826348e-11,0,0
state,983,1.0183021751038294e-11,1.0183021751038286e-11,8.0779356694631609e-27,8.0779356694631609e-27
state,984,1002.2696253560504,1002.2696253560504,0,0
state,985,1.0581792314597291e-12,1.0581792314597278e-12,1.2116903504194741e-27,1.2116903504194741e-27
state,986,5.4272417330808405e-12,5.4272417330808373e-12,3.2311742677852644e-27,3.2311742677852644e-27
state,987,1.0193745823145424e-12,1.0193745823145448e-12,2.4233807008389483e-27,2.4233807008389483e-27
state,988,5.2761592798373187e-12,5.276159279837313e-12,5.6545549686242126e-27,5.6545549686242126e-27
state,989,9.8569625000043337e-13,9.8569625000043175e-13,1.6155871338926322e-27,1.6155871338926322e-27
state,990,1002.2696253560504,1002.2696253560504,0,0
state,991,8.8548323155788863e-14,8.8548323155788863e-14,0,0
state,992,4.0844224149414772e-13,4.0844224149414787e-13,1.5146129380243427e-28,1.5146129380243427e-28
state,993,8.5678758735983486e-14,8.5678758735983764e-14,2.7767903863779616e-28,2.7767903863779616e-28
state,994,3.9835969431584228e-13,3.9835969431584249e-13,2.0194839173657902e-28,2.0194839173657902e-28
state,995,8.3181046945335422e-14,8.3181046945335435e-14,1.2621774483536189e-29,1.2621774483536189e-29
state,996,1002.2696253560504,1002.2696253560504,0,0
state,997,6.5589707368331787e-15,6.5589707368331708e-15,7.8886090522101181e-30,7.8886090522101181e-30
state,998,2.7649391105346827e-14,2.7649391105346801e-14,2.5243548967072378e-29,2.5243548967072378e-29
state,999,6.3672651379193012e-15,6.367265137919317e-15,1.5777218104420236e-29,1.5777218104420236e-29
state,1000,2.7035212686191717e-14,2.7035212686191714e-14,3.1554436208840472e-30,3.1554436208840472e-30
state,1001,6.2000355330851235e-15,6.2000355330851179e-15,5.5220263365470826e-30,5.5220263365470826e-30
state,1002,1002.2696253560504,1002.2696253560504,0,0
state,1003,4.3469691912550071e-16,4.3469691912550016e-16,5.4234187233944562e-31,5.4234187233944562e-31
state,1004,1.6968791568873493e-15,1.6968791568873464e-15,2.9582283945787943e-30,2.9582283945787943e-30
state,1005,4.2305489787142944e-16,4.2305489787143037e-16,9.3677232494995152e-31,9.3677232494995152e-31
state,1006,1.6625127942167628e-15,1.6625127942167625e-15,3.944304526105059e-31,3.944304526105059e-31
state,1007,4.1288250822522207e-16,4.1288250822522143e-16,6.4094948549207209e-31,6.4094948549207209e-31
state,1008,1002.2696253560504,1002.2696253560504,0,0
state,1009,2.6034361640942552e-17,2.6034361640942564e-17,1.2325951644078309e-32,1.2325951644078309e-32
state,1010,9.5096754930138798e-17,9.5096754930138712e-17,8.6281661508548166e-32,8.6281661508548166e-32
state,1011,2.5387880149400645e-17,2.5387880149400722e-17,7.7037197775489434e-32,7.7037197775489434e-32
state,1012,9.332124525441514e-17,9.3321245254415214e-17,7.3955709864469857e-32,7.3955709864469857e-32
state,1013,2.4822303477960007e-17,2.4822303477959995e-17,1.2325951644078309e-32,1.2325951644078309e-32
state,1014,1002.2696253560504,1002.2696253560504,0,0
state,1015,1.4217405058295708e-18,1.42174050582957e-18,7.7037197775489434e-34,7.7037197775489434e-34
state,1016,4.8995662195142542e-18,4.8995662195142489e-18,5.3926038442842604e-33,5.3926038442842604e-33
state,1017,1.3887225970204084e-18,1.3887225970204115e-18,3.0814879110195774e-33,3.0814879110195774e-33
state,1018,4.8144744872961487e-18,4.8144744872961495e-18,7.7037197775489434e-34,7.7037197775489434e-34
state,1019,1.3598093861826391e-18,1.3598093861826375e-18,1.5407439555097887e-33,1.5407439555097887e-33
state,1020,1002.2696253560504,1002.2696253560504,0,0
state,1021,7.1362600070550355e-20,7.1362600070550258e-20,9.6296497219361793e-35,9.6296497219361793e-35
state,1022,2.3352046174497686e-19,2.3352046174497633e-19,5.2963073470648986e-34,5.2963073470648986e-34
state,1023,6.980283406368268e-20,6.9802834063682741e-20,6.018531076210112e-35,6.018531076210112e-35
state,1024,2.2972095594523785e-19,2.2972095594523775e-19,9.6296497219361793e-35,9.6296497219361793e-35
state,1025,6.8435981349400785e-20,6.8435981349400665e-20,1.2037062152420224e-34,1.2037062152420224e-34
state,1026,1002.2696253560504,1002.2696253560504,0,0
state,1027,3.3154165630403172e-21,3.3154165630403172e-21,0,0
state,1028,1.0354368521330052e-20,1.0354368521330038e-20,1.3541694921472752e-35,1.3541694921472752e-35
state,1029,3.2468992747096439e-21,3.2468992747096503e-21,6.394689268473244e-36,6.394689268473244e-36
state,1030,1.0195645742767875e-20,1.0195645742767884e-20,9.0277966143151681e-36,9.0277966143151681e-36
state,1031,3.1868225693083367e-21,3.1868225693083355e-21,1.128474576789396e-36,1.128474576789396e-36
state,1032,1002.2696253560504,1002.2696253560504,0,0
state,1033,1.4344232203269251e-22,1.4344232203269267e-22,1.6456920911512025e-37,1.6456920911512025e-37
state,1034,4.2930791354913602e-22,4.2930791354913621e-22,1.88079096131566e-37,1.88079096131566e-37
state,1035,1.4062966165531154e-22,1.4062966165531196e-22,4.231779662960235e-37,4.231779662960235e-37
state,1036,4.2308037010844667e-22,4.230803701084478e-22,1.128474576789396e-36,1.128474576789396e-36
state,1037,1.3816241728165657e-22,1.3816241728165669e-22,1.1754943508222875e-37,1.1754943508222875e-37
state,1038,1002.2696253560504,1002.2696253560504,0,0
state,1039,5.8103525830334199e-24,5.8103525830334235e-24,3.6734198463196485e-39,3.6734198463196485e-39
state,1040,1.6720406488865798e-23,1.672040648886579e-23,8.8162076311671563e-39,8.8162076311671563e-39
state,1041,5.7019662001334496e-24,5.7019662001334607e-24,1.1020259538958945e-38,1.1020259538958945e-38
state,1042,1.6490080020469165e-23,1.6490080020469201e-23,3.5264830524668625e-38,3.5264830524668625e-38
state,1043,5.6068584349030436e-24,5.6068584349030443e-24,7.3468396926392969e-40,7.3468396926392969e-40
state,1044,1002.2696253560504,1002.2696253560504,0,0
state,1045,2.2137670228323701e-25,2.2137670228323706e-25,4.5917748078995606e-41,4.5917748078995606e-41
state,1046,6.1423059730636655e-25,6.1423059730636591e-25,6.4284847310593848e-40,6.4284847310593848e-40
state,1047,2.1743979875943729e-25,2.1743979875943756e-25,2.7550648847397363e-40,2.7550648847397363e-40
state,1048,6.0617324186975206e-25,6.061732418697528e-25,7.3468396926392969e-40,7.3468396926392969e-40
state,1049,2.1398431682121593e-25,2.1398431682121575e-25,1.8367099231598242e-40,1.8367099231598242e-40
state,1050,1002.2696253560504,1002.2696253560504,0,0
state,1051,7.9657888701592315e-27,7.9657888701592272e-27,4.304788882405838e-42,4.304788882405838e-42
state,1052,2.1360144115444863e-26,2.136014411544482e-26,4.304788882405838e-41,4.304788882405838e-41
state,1053,7.8304987944817759e-27,7.8304987944817802e-27,4.304788882405838e-42,4.304788882405838e-42
state,1054,2.1092706817764157e-26,2.1092706817764177e-26,2.0089014784560578e-41,2.0089014784560578e-41
state,1055,7.7117292743002434e-27,7.7117292743002319e-27,1.1479437019748901e-41,1.1479437019748901e-41
state,1056,1002.2696253560504,1002.2696253560504,0,0
state,1057,2.7166740881526779e-28,2.7166740881526743e-28,3.5873240686715317e-43,3.5873240686715317e-43
state,1058,7.0546224572611008e-28,7.054622457261082e-28,1.8833451360525541e-42,1.8833451360525541e-42
state,1059,2.6725419828121377e-28,2.6725419828121368e-28,8.9683101716788293e-44,8.9683101716788293e-44
state,1060,6.9701566987067996e-28,6.9701566987067969e-28,2.6904930515036488e-43,2.6904930515036488e-43
state,1061,2.6337933614238777e-28,2.6337933614238723e-28,5.3809861030072976e-43,5.3809861030072976e-43
state,1062,1002.2696253560504,1002.2696253560504,0,0
state,1063,8.8087738218806782e-30,8.8087738218807006e-30,2.2420775429197073e-44,2.2420775429197073e-44
state,1064,2.2191953612939867e-29,2.2191953612939898e-29,3.0828566215145976e-44,3.0828566215145976e-44
state,1065,8.6717112807961379e-30,8.6717112807961631e-30,2.5223372357846707e-44,2.5223372357846707e-44
state,1066,2.1937440176936536e-29,2.1937440176936601e-29,6.4459729358941585e-44,6.4459729358941585e-44
state,1067,8.5513563574976792e-30,8.5513563574976918e-30,1.2611686178923354e-44,1.2611686178923354e-44
state,1068,1002.2696253560504,1002.2696253560504,0,0
state,1069,2.7230780632096583e-31,2.7230780632096631e-31,4.8169634711165587e-46,4.8169634711165587e-46
state,1070,6.6663684932731766e-31,6.6663684932731792e-31,2.627434620609032e-46,2.627434620609032e-46
state,1071,2.6824410543520859e-31,2.6824410543520916e-31,5.6927750113195694e-46,5.6927750113195694e-46
state,1072,6.5930263653633266e-31,6.5930263653633397e-31,1.313717310304516e-45,1.313717310304516e-45
state,1073,2.6467553729334271e-31,2.6467553729334289e-31,1.7516230804060213e-46,1.7516230804060213e-46
state,1074,1002.2696253560504,1002.2696253560504,0,0
state,1075,8.0451239599466374e-33,8.0451239599466429e-33,5.4738221262688167e-48,5.4738221262688167e-48
state,1076,1.9167085323451731e-32,1.9167085323451717e-32,1.3684555315672042e-47,1.3684555315672042e-47
state,1077,7.9298300919044377e-33,7.9298300919044445e-33,6.8422776578360209e-48,6.8422776578360209e-48
state,1078,1.8964523930533943e-32,1.8964523930533965e-32,2.1895288505075267e-47,2.1895288505075267e-47
state,1079,7.8285808973685096e-33,7.8285808973685109e-33,1.3684555315672042e-48,1.3684555315672042e-48
state,1080,1002.2696253560504,1002.2696253560504,0,0
state,1081,2.2765571802673347e-34,2.2765571802673338e-34,8.5528470722950261e-50,8.5528470722950261e-50
state,1082,5.2855821212671565e-34,5.2855821212671479e-34,8.5528470722950261e-49,8.5528470722950261e-49
state,1083,2.2451876972791475e-34,2.245187697279148e-34,4.276423536147513e-50,4.276423536147513e-50
state,1084,5.2318565200562282e-34,5.2318565200562308e-34,2.5658541216885078e-49,2.5658541216885078e-49
state,1085,2.2176394747044922e-34,2.2176394747044904e-34,1.7105694144590052e-49,1.7105694144590052e-49
state,1086,1002.2696253560504,1002.2696253560504,0,0
state,1087,6.182208935051947e-36,6.182208935051939e-36,8.0182941302765869e-51,8.0182941302765869e-51
state,1088,1.4005737577675103e-35,1.4005737577675082e-35,2.1382117680737565e-50,2.1382117680737565e-50
state,1089,6.1001992642273845e-36,6.1001992642273805e-36,4.0091470651382935e-51,4.0091470651382935e-51
state,1090,1.3868646458407408e-35,1.38686464584074e-35,8.0182941302765869e-51,8.0182941302765869e-51
state,1091,6.0281812030219427e-36,6.0281812030219347e-36,8.0182941302765869e-51,8.0182941302765869e-51
state,1092,1002.2696253560504,1002.2696253560504,0,0
state,1093,1.6139484419239912e-37,1.6139484419239947e-37,3.5497656305911973e-52,3.5497656305911973e-52
state,1094,3.5720967878453193e-37,3.5720967878453255e-37,6.2642922892785835e-52,6.2642922892785835e-52
state,1095,1.5933119803877296e-37,1.5933119803877349e-37,5.2202435743988196e-52,5.2202435743988196e-52
state,1096,3.538387381316493e-37,3.538387381316503e-37,1.0022867662845734e-51,1.0022867662845734e-51
state,1097,1.5751905564574042e-37,1.5751905564574082e-37,3.9673851165431029e-52,3.9673851165431029e-52
state,1098,1002.2696253560504,1002.2696253560504,0,0
state,1099,4.0570069061546228e-39,4.0570069061546286e-39,5.8727740211986721e-54,5.8727740211986721e-54
state,1100,8.7822095817746266e-39,8.7822095817746344e-39,7.8303653615982294e-54,7.8303653615982294e-54
state,1101,4.006945847821618e-39,4.0069458478216297e-39,1.1745548042397344e-53,1.1745548042397344e-53
state,1102,8.7022164969900413e-39,8.7022164969900582e-39,1.6965791616796164e-53,1.6965791616796164e-53
state,1103,3.9629886910587161e-39,3.9629886910587226e-39,6.5253044679985245e-54,6.5253044679985245e-54
state,1104,1002.2696253560504,1002.2696253560504,0,0
state,1105,9.8337497449490803e-41,9.8337497449490865e-41,6.1174729387486167e-56,6.1174729387486167e-56
state,1106,2.0842395548388526e-40,2.0842395548388534e-40,8.1566305849981557e-56,8.1566305849981557e-56
state,1107,9.7165093912043875e-41,9.7165093912044038e-41,1.6313261169996311e-55,1.6313261169996311e-55
state,1108,2.0658952431463752e-40,2.0658952431463768e-40,1.6313261169996311e-55,1.6313261169996311e-55
state,1109,9.6135722903340304e-41,9.6135722903340345e-41,4.0783152924990778e-56,4.0783152924990778e-56
state,1110,1002.2696253560504,1002.2696253560504,0,0
state,1111,2.3014611014832299e-42,2.3014611014832299e-42,0,0
state,1112,4.7808275180870979e-42,4.7808275180870934e-42,4.4606573511708664e-57,4.4606573511708664e-57
state,1113,2.2749194540249449e-42,2.2749194540249462e-42,1.2744735289059618e-57,1.2744735289059618e-57
state,1114,4.7401237400639117e-42,4.7401237400639092e-42,2.5489470578119236e-57,2.5489470578119236e-57
state,1115,2.2516180758325477e-42,2.2516180758325467e-42,9.5585514667947137e-58,9.5585514667947137e-58
state,1116,1002.2696253560504,1002.2696253560504,0,0
state,1117,5.2069899035185107e-44,5.2069899035185077e-44,2.987047333373348e-59,2.987047333373348e-59
state,1118,1.0611422419079502e-43,1.0611422419079489e-43,1.3939554222408957e-58,1.3939554222408957e-58
state,1119,5.1488379130974696e-44,5.1488379130974686e-44,9.9568244445778267e-60,9.9568244445778267e-60
state,1120,1.052393543501167e-43,1.0523935435011654e-43,1.5930919111324523e-58,1.5930919111324523e-58
state,1121,5.0977907369254698e-44,5.0977907369254638e-44,5.974094666746696e-59,5.974094666746696e-59
state,1122,1002.2696253560504,1002.2696253560504,0,0
state,1123,1.1401335767699669e-45,1.1401335767699652e-45,1.711329201411814e-60,1.711329201411814e-60
state,1124,2.2815161642767647e-45,2.2815161642767598e-45,4.9784122222889134e-60,4.9784122222889134e-60
state,1125,1.1277895522070971e-45,1.127789552207096e-45,1.0890276736256998e-60,1.0890276736256998e-60
state,1126,2.26328231430024e-45,2.263282314300235e-45,4.9784122222889134e-60,4.9784122222889134e-60
state,1127,1.1169549609072523e-45,1.1169549609072498e-45,2.4892061111444567e-60,2.4892061111444567e-60
state,1128,1002.2696253560504,1002.2696253560504,0,0
state,1129,2.4185925675552267e-47,2.4185925675552208e-47,5.8340768229948204e-62,5.8340768229948204e-62
state,1130,4.756450352231814e-47,4.7564503522317994e-47,1.4585192057487051e-61,1.4585192057487051e-61
state,1131,2.393180692479021e-47,2.3931806924790157e-47,5.3479037544119187e-62,5.3479037544119187e-62
state,1132,4.7195649341762123e-47,4.7195649341761997e-47,1.2640499783155444e-61,1.2640499783155444e-61
state,1133,2.3708790450579173e-47,2.3708790450579105e-47,6.8064229601606237e-62,6.8064229601606237e-62
state,1134,1002.2696253560504,1002.2696253560504,0,0
state,1135,4.9754081538968066e-49,4.9754081538968104e-49,3.7982270983039195e-64,3.7982270983039195e-64
state,1136,9.6239144923322996e-49,9.6239144923323057e-49,6.0771633572862712e-64,6.0771633572862712e-64
state,1137,4.9246268220596183e-49,4.9246268220596237e-49,5.3175179376254873e-64,5.3175179376254873e-64
state,1138,9.5514281407013393e-49,9.5514281407013485e-49,9.1157450359294068e-64,9.1157450359294068e-64
state,1139,4.8800668167347883e-49,4.8800668167347929e-49,4.5578725179647034e-64,4.5578725179647034e-64
state,1140,1002.2696253560504,1002.2696253560504,0,0
state,1141,9.9345284058116435e-51,9.9345284058116447e-51,1.1869459682199748e-66,1.1869459682199748e-66
state,1142,1.891486104770893e-50,1.8914861047708925e-50,4.7477838728798994e-66,4.7477838728798994e-66
state,1143,9.835939037104399e-51,9.835939037104399e-51,0,0
state,1144,1.8776364463172298e-50,1.8776364463172298e-50,0,0
state,1145,9.7494404342641559e-51,9.7494404342641595e-51,3.5608379046599245e-66,3.5608379046599245e-66
state,1146,1002.2696253560504,1002.2696253560504,0,0
state,1147,1.9270247339126212e-52,1.9270247339126286e-52,7.4184123013748428e-67,7.4184123013748428e-67
state,1148,3.6139880559379524e-52,3.6139880559379643e-52,1.1869459682199748e-66,1.1869459682199748e-66
state,1149,1.908414114865962e-52,1.908414114865969e-52,7.0474916863061006e-67,7.0474916863061006e-67
state,1150,3.5882405726733253e-52,3.5882405726733402e-52,1.4836824602749686e-66,1.4836824602749686e-66
state,1151,1.8920882919057295e-52,1.892088291905737e-52,7.4184123013748428e-67,7.4184123013748428e-67
state,1152,1002.2696253560504,1002.2696253560504,0,0
state,1153,3.6340900008574045e-54,3.6340900008574149e-54,1.0432142298808373e-68,1.0432142298808373e-68
state,1154,6.7178575373568029e-54,6.7178575373568215e-54,1.8546030753437107e-68,1.8546030753437107e-68
state,1155,3.5999062075730478e-54,3.5999062075730594e-54,1.1591269220898192e-68,1.1591269220898192e-68
state,1156,6.6712503037092657e-54,6.6712503037092866e-54,2.0864284597616745e-68,2.0864284597616745e-68
state,1157,3.5699237267086256e-54,3.5699237267086366e-54,1.1011705759853282e-68,1.1011705759853282e-68
state,1158,1002.2696253560504,1002.2696253560504,0,0
state,1159,6.6680573203026097e-56,6.6680573203026214e-56,1.1772382802474726e-70,1.1772382802474726e-70
state,1160,1.2157511656397134e-55,1.2157511656397155e-55,2.173362978918411e-70,2.173362978918411e-70
state,1161,6.606919114401587e-56,6.6069191144016033e-56,1.6300222341888082e-70,1.6300222341888082e-70
state,1162,1.2075309097444404e-55,1.2075309097444431e-55,2.7167037236480137e-70,2.7167037236480137e-70
state,1163,6.5533035122886792e-56,6.5533035122886928e-56,1.3583518618240069e-70,1.3583518618240069e-70
state,1164,1002.2696253560504,1002.2696253560504,0,0
state,1165,1.1912611212818897e-57,1.1912611212818907e-57,9.9046489924667167e-73,9.9046489924667167e-73
state,1166,2.1434852724703247e-57,2.1434852724703266e-57,1.9809297984933433e-72,1.9809297984933433e-72
state,1167,1.1806068225409187e-57,1.1806068225409204e-57,1.6979398272800086e-72,1.6979398272800086e-72
state,1168,2.1293499972120583e-57,2.1293499972120614e-57,3.1128896833466824e-72,3.1128896833466824e-72
state,1169,1.1712649703586893e-57,1.171264970358691e-57,1.6979398272800086e-72,1.6979398272800086e-72
state,1170,1002.2696253560504,1002.2696253560504,0,0
state,1171,2.0735320454529469e-59,2.0735320454529473e-59,4.4217183002083556e-75,4.4217183002083556e-75
state,1172,3.6841272256424058e-59,3.6841272256424058e-59,0,0
state,1173,2.0554299956331804e-59,2.0554299956331812e-59,8.8434366004167113e-75,8.8434366004167113e-75
state,1174,3.6604152268366421e-59,3.6604152268366435e-59,1.3265154900625067e-74,1.3265154900625067e-74
state,1175,2.0395604607152436e-59,2.0395604607152445e-59,8.8434366004167113e-75,8.8434366004167113e-75
state,1176,1002.2696253560504,1002.2696253560504,0,0
state,1177,3.5187431596631102e-61,3.5187431596631081e-61,2.0726804532226667e-76,2.0726804532226667e-76
state,1178,6.1765948010076483e-61,6.1765948010076442e-61,4.1453609064453334e-76,4.1453609064453334e-76
state,1179,3.4887392362444415e-61,3.4887392362444388e-61,2.7635739376302223e-76,2.7635739376302223e-76
state,1180,6.1377689327013906e-61,6.1377689327013878e-61,2.7635739376302223e-76,2.7635739376302223e-76
state,1181,3.4624400846838399e-61,3.4624400846838393e-61,6.9089348440755557e-77,6.9089348440755557e-77
state,1182,1002.2696253560504,1002.2696253560504,0,0
state,1183,5.8250578454812158e-63,5.8250578454812082e-63,7.556647485707639e-78,7.556647485707639e-78
state,1184,1.0106781617383969e-62,1.0106781617383959e-62,1.0795210693868056e-77,1.0795210693868056e-77
state,1185,5.7765156428883532e-63,5.7765156428883456e-63,7.556647485707639e-78,7.556647485707639e-78
state,1186,1.0044695444009194e-62,1.0044695444009179e-62,1.5113294971415278e-77,1.5113294971415278e-77
state,1187,5.7339744628984897e-63,5.7339744628984811e-63,8.6361685550944446e-78,8.6361685550944446e-78
state,1188,1002.2696253560504,1002.2696253560504,0,0
state,1189,9.4123609276467252e-65,9.4123609276467033e-65,2.1927771721919488e-79,2.1927771721919488e-79
state,1190,1.6149633765998439e-64,1.6149633765998401e-64,3.7108536760171442e-79,3.7108536760171442e-79
state,1191,9.3356629496732296e-65,9.3356629496732077e-65,2.1927771721919488e-79,2.1927771721919488e-79
state,1192,1.6052625340773581e-64,1.6052625340773544e-64,3.7108536760171442e-79,3.7108536760171442e-79
state,1193,9.2684582543247972e-65,9.2684582543247803e-65,1.6867516709168837e-79,1.6867516709168837e-79
state,1194,1002.2696253560504,1002.2696253560504,0,0
state,1195,1.4853207528723177e-66,1.485320752872313e-66,4.7439890744537355e-81,4.7439890744537355e-81
state,1196,2.5212968757135357e-66,2.5212968757135283e-66,7.3795385602613663e-81,7.3795385602613663e-81
state,1197,1.4734796455954939e-66,1.4734796455954889e-66,5.0075440230344985e-81,5.0075440230344985e-81
state,1198,2.5064793895499186e-66,2.5064793895499117e-66,6.8524286630998401e-81,6.8524286630998401e-81
state,1199,1.4631059596914934e-66,1.4631059596914889e-66,4.4804341258729724e-81,4.4804341258729724e-81
state,1200,1002.2696253560504,1002.2696253560504,0,0
state,1201,2.2902963552618625e-68,2.2902963552618522e-68,1.0295115178936058e-82,1.0295115178936058e-82
state,1202,3.8477940194185982e-68,3.8477940194185834e-68,1.4824965857667923e-82,1.4824965857667923e-82
state,1203,2.2724250794289173e-68,2.2724250794289074e-68,9.8833105717786155e-83,9.8833105717786155e-83
state,1204,3.825658477507046e-68,3.8256584775070337e-68,1.2354138214723269e-82,1.2354138214723269e-82
state,1205,2.2567712367945759e-68,2.256771236794566e-68,9.8833105717786155e-83,9.8833105717786155e-83
state,1206,1002.2696253560504,1002.2696253560504,0,0
state,1207,3.4524606592530845e-70,3.4524606592530987e-70,1.415578337103708e-84,1.415578337103708e-84
state,1208,5.7429019896027424e-70,5.7429019896027688e-70,2.6381232646023648e-84,2.6381232646023648e-84
state,1209,3.4260806371321815e-70,3.4260806371321937e-70,1.2225449274986569e-84,1.2225449274986569e-84
state,1210,5.710546537245437e-70,5.7105465372454641e-70,2.7024677344707152e-84,2.7024677344707152e-84
state,1211,3.4029778251121822e-70,3.4029778251121963e-70,1.415578337103708e-84,1.415578337103708e-84
state,1212,1002.2696253560504,1002.2696253560504,0,0
state,1213,5.0902300823769316e-72,5.0902300823769487e-72,1.7091499808780565e-86,1.7091499808780565e-86
state,1214,8.3864632164858489e-72,8.386463216485881e-72,3.2172234934175181e-86,3.2172234934175181e-86
state,1215,5.0521284227085848e-72,5.0521284227085988e-72,1.4075352783701642e-86,1.4075352783701642e-86
state,1216,8.3401687209510522e-72,8.3401687209510843e-72,3.2172234934175181e-86,3.2172234934175181e-86
state,1217,5.0187659975292281e-72,5.0187659975292442e-72,1.608611746708759e-86,1.608611746708759e-86
state,1218,1002.2696253560504,1002.2696253560504,0,0
state,1219,7.3436916944951317e-74,7.3436916944951506e-74,1.885091890674327e-88,1.885091890674327e-88
state,1220,1.1987859835895556e-73,1.1987859835895592e-73,3.6130927904591267e-88,3.6130927904591267e-88
state,1221,7.2898217671308278e-74,7.2898217671308419e-74,1.4138189180057452e-88,1.4138189180057452e-88
state,1222,1.1922994754164904e-73,1.192299475416494e-73,3.6130927904591267e-88,3.6130927904591267e-88
state,1223,7.2426606629515953e-74,7.242660662951611e-74,1.5709099088952725e-88,1.5709099088952725e-88
state,1224,701.58873774923518,701.58873774923518,0,0
state,1225,60.125925510060171,60.125925510060171,0,0
state,1226,60.12044313406281,60.12044313406281,0,0
state,1227,60.113192101299823,60.113192101299823,0,0
state,1228,60.103907081271799,60.103907081271799,0,0
state,1229,60.092322566651845,60.092322566651845,0,0
state,1230,1002.2696253560504,1002.2696253560504,0,0
state,1231,0.00048449122750505541,0.00048449122750505541,0,0
state,1232,0.00056335192749217998,0.00056335192749217998,0,0
state,1233,0.00046786400689608366,0.00046786400689608366,0,0
state,1234,0.00055554175343735775,0.00055554175343735775,0,0
state,1235,0.00045202030859871741,0.00045202030859871741,0,0
state,1236,1002.2696253560504,1002.2696253560504,0,0
state,1237,3.4990056110131388e-05,3.4990056110131395e-05,6.7762635780344027e-21,6.7762635780344027e-21
state,1238,5.7458732961318116e-05,5.745873296131815e-05,3.3881317890172014e-20,3.3881317890172014e-20
state,1239,3.2488260504544861e-05,3.2488260504544861e-05,0,0
state,1240,5.4780384475281792e-05,5.4780384475281873e-05,8.1315162936412833e-20,8.1315162936412833e-20
state,1241,3.0337058500283696e-05,3.0337058500283696e-05,0,0
state,1242,1002.2696253560504,1002.2696253560504,0,0
state,1243,9.6783960788685331e-07,9.6783960788685352e-07,2.1175823681357508e-22,2.1175823681357508e-22
state,1244,2.252433017406697e-06,2.2524330174066995e-06,2.541098841762901e-21,2.541098841762901e-21
state,1245,8.9484056024318713e-07,8.9484056024318798e-07,8.4703294725430034e-22,8.4703294725430034e-22
state,1246,2.1353695211506399e-06,2.1353695211506429e-06,2.9646153153900512e-21,2.9646153153900512e-21
state,1247,8.3279957351250229e-07,8.3279957351250325e-07,9.5291206566108788e-22,9.5291206566108788e-22
state,1248,1002.2696253560504,1002.2696253560504,0,0
state,1249,2.3144447115433586e-08,2.3144447115433586e-08,0,0
state,1250,7.4762927703358311e-08,7.4762927703358364e-08,5.2939559203393771e-23,5.2939559203393771e-23
state,1251,2.1449899517451201e-08,2.1449899517451237e-08,3.6395946952333218e-23,3.6395946952333218e-23
state,1252,7.1010194798679689e-08,7.1010194798679689e-08,0,0
state,1253,2.0008173099891795e-08,2.0008173099891775e-08,1.9852334701272664e-23,1.9852334701272664e-23
state,1254,1002.2696253560504,1002.2696253560504,0,0
state,1255,5.486738737606714e-10,5.486738737606716e-10,2.0679515313825692e-25,2.0679515313825692e-25
state,1256,2.4454011985286411e-09,2.4454011985286444e-09,3.3087224502121107e-24,3.3087224502121107e-24
state,1257,5.0982755938250768e-10,5.0982755938250851e-10,8.2718061255302767e-25,8.2718061255302767e-25
state,1258,2.3276344848019148e-09,2.3276344848019136e-09,1.2407709188295415e-24,1.2407709188295415e-24
state,1259,4.7672697392048022e-10,4.7672697392048095e-10,7.2378303598389922e-25,7.2378303598389922e-25
state,1260,1002.2696253560504,1002.2696253560504,0,0
state,1261,1.2980646671784773e-11,1.2980646671784774e-11,1.6155871338926322e-27,1.6155871338926322e-27
state,1262,7.9243791058868596e-11,7.9243791058868687e-11,9.0472879497987402e-26,9.0472879497987402e-26
state,1263,1.2094348231518113e-11,1.2094348231518134e-11,2.1002632740604218e-26,2.1002632740604218e-26
state,1264,7.5590476038141205e-11,7.5590476038141192e-11,1.2924697071141057e-26,1.2924697071141057e-26
state,1265,1.1337994755568706e-11,1.1337994755568705e-11,1.6155871338926322e-27,1.6155871338926322e-27
state,1266,1002.2696253560504,1002.2696253560504,0,0
state,1267,3.5347004914968088e-13,3.5347004914968068e-13,2.0194839173657902e-28,2.0194839173657902e-28
state,1268,2.6861507130869321e-12,2.6861507130869329e-12,8.0779356694631609e-28,8.0779356694631609e-28
state,1269,3.3228222173062118e-13,3.3228222173062159e-13,4.0389678347315804e-28,4.0389678347315804e-28
state,1270,2.5720186896530795e-12,2.5720186896530775e-12,2.0194839173657902e-27,2.0194839173657902e-27
state,1271,3.1414872004307035e-13,3.1414872004306989e-13,4.543838814073028e-28,4.543838814073028e-28
state,1272,1002.2696253560504,1002.2696253560504,0,0
state,1273,4.2727797671245862e-14,4.2727797671245837e-14,2.5243548967072378e-29,2.5243548967072378e-29
state,1274,2.7991108439975558e-13,2.7991108439975573e-13,1.5146129380243427e-28,1.5146129380243427e-28
state,1275,4.0635285609535436e-14,4.0635285609535537e-14,1.0097419586828951e-28,1.0097419586828951e-28
state,1276,2.698109364409301e-13,2.698109364409298e-13,3.0292258760486853e-28,3.0292258760486853e-28
state,1277,3.8833208050178168e-14,3.8833208050178117e-14,5.0487097934144756e-29,5.0487097934144756e-29
state,1278,1002.2696253560504,1002.2696253560504,0,0
state,1279,4.6433428699121324e-15,4.6433428699121293e-15,3.1554436208840472e-30,3.1554436208840472e-30
state,1280,2.647364260147079e-14,2.6473642601470794e-14,3.1554436208840472e-30,3.1554436208840472e-30
state,1281,4.4502791014143948e-15,4.4502791014144075e-15,1.2621774483536189e-29,1.2621774483536189e-29
state,1282,2.5645403204549122e-14,2.5645403204549119e-14,3.1554436208840472e-30,3.1554436208840472e-30
state,1283,4.2832623851243604e-15,4.2832623851243589e-15,1.5777218104420236e-30,1.5777218104420236e-30
state,1284,1002.2696253560504,1002.2696253560504,0,0
state,1285,4.3546056247762995e-16,4.3546056247762976e-16,1.9721522630525295e-31,1.9721522630525295e-31
state,1286,2.2018802045692427e-15,2.2018802045692427e-15,0,0
state,1287,4.1975197360399142e-16,4.1975197360399235e-16,9.3677232494995152e-31,9.3677232494995152e-31
state,1288,2.1414688707181646e-15,2.141468870718165e-15,3.944304526105059e-31,3.944304526105059e-31
state,1289,4.0611361968639022e-16,4.0611361968638992e-16,2.9582283945787943e-31,2.9582283945787943e-31
state,1290,1002.2696253560504,1002.2696253560504,0,0
state,1291,3.5851585807945205e-17,3.5851585807945161e-17,4.3140830754274083e-32,4.3140830754274083e-32
state,1292,1.6358395746108785e-16,1.6358395746108768e-16,1.7256332301709633e-31,1.7256332301709633e-31
state,1293,3.4704044547870715e-17,3.4704044547870807e-17,9.2444637330587321e-32,9.2444637330587321e-32
state,1294,1.5959251824762126e-16,1.5959251824762114e-16,1.2325951644078309e-31,1.2325951644078309e-31
state,1295,3.3704957791082265e-17,3.3704957791082216e-17,4.9303806576313238e-32,4.9303806576313238e-32
state,1296,1002.2696253560504,1002.2696253560504,0,0
state,1297,2.6204842390827733e-18,2.6204842390827733e-18,0,0
state,1298,1.0954148416716737e-17,1.0954148416716738e-17,1.5407439555097887e-33,1.5407439555097887e-33
state,1299,2.5446180680189283e-18,2.544618068018938e-18,9.6296497219361793e-33,9.6296497219361793e-33
state,1300,1.0713084272119533e-17,1.0713084272119543e-17,1.0785207688568521e-32,1.0785207688568521e-32
state,1301,2.4784267319169071e-18,2.4784267319169082e-18,1.1555579666323415e-33,1.1555579666323415e-33
state,1302,1002.2696253560504,1002.2696253560504,0,0
state,1303,1.7177768134745962e-19,1.7177768134745945e-19,1.6851887013388314e-34,1.6851887013388314e-34
state,1304,6.6611448047832622e-19,6.6611448047832545e-19,7.7037197775489434e-34,7.7037197775489434e-34
state,1305,1.6721162333335239e-19,1.6721162333335287e-19,4.8148248609680896e-34,4.8148248609680896e-34
state,1306,6.527257110431817e-19,6.5272571104318199e-19,2.8888949165808538e-34,2.8888949165808538e-34
state,1307,1.6322148679346326e-19,1.6322148679346311e-19,1.4444474582904269e-34,1.4444474582904269e-34
state,1308,1002.2696253560504,1002.2696253560504,0,0
state,1309,1.0194494082384554e-20,1.0194494082384542e-20,1.2037062152420224e-35,1.2037062152420224e-35
state,1310,3.7039229068101974e-20,3.7039229068101914e-20,6.018531076210112e-35,6.018531076210112e-35
state,1311,9.9428925301556005e-21,9.942892530155623e-21,2.256949153578792e-35,2.256949153578792e-35
state,1312,3.6351991759617414e-20,3.6351991759617396e-20,1.8055593228630336e-35,1.8055593228630336e-35
state,1313,9.7227595938587523e-21,9.7227595938587388e-21,1.3541694921472752e-35,1.3541694921472752e-35
state,1314,1002.2696253560504,1002.2696253560504,0,0
state,1315,5.5247596449026186e-22,5.5247596449026214e-22,2.82118644197349e-37,2.82118644197349e-37
state,1316,1.8955700980605215e-21,1.89557009806052e-21,1.504632769052528e-36,1.504632769052528e-36
state,1317,5.3971122013791281e-22,5.3971122013791432e-22,1.504632769052528e-36,1.504632769052528e-36
state,1318,1.8628214355809075e-21,1.8628214355809102e-21,2.633107345841924e-36,2.633107345841924e-36
state,1319,5.2853268959008913e-22,5.2853268959008904e-22,9.4039548065783001e-38,9.4039548065783001e-38
state,1320,1002.2696253560504,1002.2696253560504,0,0
state,1321,2.7551331299838738e-23,2.7551331299838727e-23,1.1754943508222875e-38,1.1754943508222875e-38
state,1322,8.9824354822341716e-23,8.9824354822341586e-23,1.2930437859045163e-37,1.2930437859045163e-37
state,1323,2.6951795578965661e-23,2.6951795578965708e-23,4.70197740328915e-38,4.70197740328915e-38
state,1324,8.8369393193616712e-23,8.8369393193616724e-23,1.1754943508222875e-38,1.1754943508222875e-38
state,1325,2.6426388488201985e-23,2.6426388488201955e-23,2.9387358770557188e-38,2.9387358770557188e-38
state,1326,1002.2696253560504,1002.2696253560504,0,0
state,1327,1.2728939084612675e-24,1.2728939084612659e-24,1.6530389308438418e-39,1.6530389308438418e-39
state,1328,3.9628729482208501e-24,3.9628729482208399e-24,1.0285575569695016e-38,1.0285575569695016e-38
state,1329,1.2466895483253583e-24,1.2466895483253589e-24,5.5101297694794727e-40,5.5101297694794727e-40
state,1330,3.9023618168927233e-24,3.9023618168927226e-24,7.3468396926392969e-40,7.3468396926392969e-40
state,1331,1.2237125655008765e-24,1.2237125655008746e-24,1.8367099231598242e-39,1.8367099231598242e-39
state,1332,1002.2696253560504,1002.2696253560504,0,0
state,1333,5.4807342646555752e-26,5.4807342646555775e-26,2.2958874039497803e-41,2.2958874039497803e-41
state,1334,1.6358599518568517e-25,1.6358599518568497e-25,2.0662986635548023e-40,2.0662986635548023e-40
state,1335,5.3736365388506362e-26,5.3736365388506454e-26,9.1835496157991212e-41,9.1835496157991212e-41
state,1336,1.6122115586265269e-25,1.612211558626529e-25,2.0662986635548023e-40,2.0662986635548023e-40
state,1337,5.2796890984478422e-26,5.2796890984478422e-26,0,0
state,1338,1002.2696253560504,1002.2696253560504,0,0
state,1339,2.2107305554689871e-27,2.2107305554689907e-27,3.5873240686715317e-42,3.5873240686715317e-42
state,1340,6.3466124223137726e-27,6.3466124223137733e-27,7.1746481373430634e-43,7.1746481373430634e-43
state,1341,2.1696198372908883e-27,2.1696198372908947e-27,6.4571833236087571e-42,6.4571833236087571e-42
state,1342,6.2594550656624993e-27,6.2594550656625151e-27,1.5784225902154739e-41,1.5784225902154739e-41
state,1343,2.1335450770883071e-27,2.1335450770883092e-27,2.152394441202919e-42,2.152394441202919e-42
state,1344,1002.2696253560504,1002.2696253560504,0,0
state,1345,8.3917857300019102e-29,8.3917857300019147e-29,4.4841550858394146e-44,4.4841550858394146e-44
state,1346,2.3234560810364903e-28,2.3234560810364894e-28,8.9683101716788293e-44,8.9683101716788293e-44
state,1347,8.2429716369752739e-29,8.2429716369752929e-29,1.9057659114817512e-43,1.9057659114817512e-43
state,1348,2.293062051141079e-28,2.293062051141083e-28,4.0357395772554732e-43,4.0357395772554732e-43
state,1349,8.1123536374900402e-29,8.1123536374900436e-29,3.363116314379561e-44,3.363116314379561e-44
state,1350,1002.2696253560504,1002.2696253560504,0,0
state,1351,3.0096810245716676e-30,3.0096810245716691e-30,1.4012984643248171e-45,1.4012984643248171e-45
state,1352,8.0551721592858359e-30,8.0551721592858289e-30,7.0064923216240854e-45,7.0064923216240854e-45
state,1353,2.9586979655861678e-30,2.9586979655861727e-30,4.9045446251368597e-45,4.9045446251368597e-45
state,1354,7.954573723144941e-30,7.9545737231449494e-30,8.4077907859489024e-45,8.4077907859489024e-45
state,1355,2.9139401880337692e-30,2.9139401880337678e-30,1.4012984643248171e-45,1.4012984643248171e-45
state,1356,1002.2696253560504,1002.2696253560504,0,0
state,1357,1.0234084566697512e-31,1.0234084566697507e-31,4.3790577010150533e-47,4.3790577010150533e-47
state,1358,2.6530610326747276e-31,2.6530610326747233e-31,4.3790577010150533e-46,4.3790577010150533e-46
state,1359,1.0068231925647003e-31,1.0068231925647008e-31,4.3790577010150533e-47,4.3790577010150533e-47
state,1360,2.6213695596148563e-31,2.6213695596148581e-31,1.7516230804060213e-46,1.7516230804060213e-46
state,1361,9.9226101386056321e-32,9.9226101386056189e-32,1.313717310304516e-46,1.313717310304516e-46
state,1362,1002.2696253560504,1002.2696253560504,0,0
state,1363,3.3095864133748495e-33,3.3095864133748467e-33,2.7369110631344083e-48,2.7369110631344083e-48
state,1364,8.3250518325496847e-33,8.3250518325496655e-33,1.9158377441940858e-47,1.9158377441940858e-47
state,1365,3.2582043916453401e-33,3.2582043916453394e-33,6.8422776578360209e-49,6.8422776578360209e-49
state,1366,8.2297792629098574e-33,8.2297792629098533e-33,4.1053665947016125e-48,4.1053665947016125e-48
state,1367,3.213085577957544e-33,3.2130855779575371e-33,6.8422776578360209e-48,6.8422776578360209e-48
state,1368,1002.2696253560504,1002.2696253560504,0,0
state,1369,1.0206415072130859e-34,1.0206415072130885e-34,2.5658541216885078e-49,2.5658541216885078e-49
state,1370,2.4951539656865866e-34,2.4951539656865904e-34,3.8487811825327617e-49,3.8487811825327617e-49
state,1371,1.0054416706064423e-34,1.0054416706064453e-34,2.9934964753032591e-49,2.9934964753032591e-49
state,1372,2.4677574443021625e-34,2.4677574443021702e-34,7.6975623650655235e-49,7.6975623650655235e-49
state,1373,9.9209380510330649e-35,9.920938051033082e-35,1.7105694144590052e-49,1.7105694144590052e-49
state,1374,1002.2696253560504,1002.2696253560504,0,0
state,1375,3.0088007574258725e-36,3.0088007574258779e-36,5.3455294201843913e-51,5.3455294201843913e-51
state,1376,7.1592223646176707e-36,7.1592223646176747e-36,4.0091470651382935e-51,4.0091470651382935e-51
state,1377,2.9657645103459669e-36,2.9657645103459729e-36,6.0137205977074402e-51,6.0137205977074402e-51
state,1378,7.0837025139863755e-36,7.0837025139863889e-36,1.3363823550460978e-50,1.3363823550460978e-50
state,1379,2.9279707773907329e-36,2.9279707773907356e-36,2.6727647100921956e-51,2.6727647100921956e-51
state,1380,1002.2696253560504,1002.2696253560504,0,0
state,1381,8.4970256529464929e-38,8.497025652946497e-38,4.1761948595190557e-53,4.1761948595190557e-53
state,1382,1.9705081609859058e-37,1.9705081609859058e-37,0,0
state,1383,8.3801507659226743e-38,8.3801507659226817e-38,7.3083410041583475e-53,7.3083410041583475e-53
state,1384,1.9505133989387953e-37,1.9505133989387982e-37,2.923336401663339e-52,2.923336401663339e-52
state,1385,8.2775130536463098e-38,8.2775130536463119e-38,2.0880974297595278e-53,2.0880974297595278e-53
state,1386,1002.2696253560504,1002.2696253560504,0,0
state,1387,2.3031885893515916e-39,2.3031885893515913e-39,3.2626522339992623e-55,3.2626522339992623e-55
state,1388,5.2123262399225963e-39,5.2123262399225898e-39,6.5253044679985245e-54,6.5253044679985245e-54
state,1389,2.2726864998275956e-39,2.2726864998275969e-39,1.3050608935997049e-54,1.3050608935997049e-54
state,1390,5.1613891143385309e-39,5.1613891143385342e-39,3.2626522339992623e-54,3.2626522339992623e-54
state,1391,2.2459006711557214e-39,2.2459006711557204e-39,9.7879567019977868e-55,9.7879567019977868e-55
state,1392,1002.2696253560504,1002.2696253560504,0,0
state,1393,6.0025271612053734e-41,6.0025271612053673e-41,6.1174729387486167e-56,6.1174729387486167e-56
state,1394,1.3272286844792712e-40,1.3272286844792691e-40,2.0391576462495389e-55,2.0391576462495389e-55
state,1395,5.9258956526684646e-41,5.9258956526684615e-41,3.0587364693743084e-56,3.0587364693743084e-56
state,1396,1.3147226698776614e-40,1.3147226698776608e-40,6.1174729387486167e-56,6.1174729387486167e-56
state,1397,5.8586036768601065e-41,5.8586036768600983e-41,8.1566305849981557e-56,8.1566305849981557e-56
state,1398,1002.2696253560504,1002.2696253560504,0,0
state,1399,1.5064784044372436e-42,1.5064784044372471e-42,3.504802204491395e-57,3.504802204491395e-57
state,1400,3.2581678079726247e-42,3.2581678079726317e-42,7.00960440898279e-57,7.00960440898279e-57
state,1401,1.4879161835182968e-42,1.4879161835183016e-42,4.7792757333973568e-57,4.7792757333973568e-57
state,1402,3.2285324965250723e-42,3.2285324965250812e-42,8.9213147023417328e-57,8.9213147023417328e-57
state,1403,1.4716172921995918e-42,1.4716172921995957e-42,3.8234205867178855e-57,3.8234205867178855e-57
state,1404,1002.2696253560504,1002.2696253560504,0,0
state,1405,3.6461707059879979e-44,3.6461707059880034e-44,5.4762534445178047e-59,5.4762534445178047e-59
state,1406,7.7216304608636254e-44,7.7216304608636334e-44,7.9654595556622614e-59,7.9654595556622614e-59
state,1407,3.6027587642256727e-44,3.6027587642256827e-44,9.9568244445778267e-59,9.9568244445778267e-59
state,1408,7.6537587110391154e-44,7.6537587110391284e-44,1.2943871777951175e-58,1.2943871777951175e-58
state,1409,3.5646431976542852e-44,3.5646431976542907e-44,5.4762534445178047e-59,5.4762534445178047e-59
state,1410,1002.2696253560504,1002.2696253560504,0,0
state,1411,8.5216764955594726e-46,8.5216764955594804e-46,7.7787690973264271e-61,7.7787690973264271e-61
state,1412,1.7688706520808724e-45,1.7688706520808731e-45,6.2230152778611417e-61,6.2230152778611417e-61
state,1413,8.4235239200614269e-46,8.4235239200614378e-46,1.0890276736256998e-60,1.0890276736256998e-60
state,1414,1.7538291972309645e-45,1.7538291972309664e-45,1.8669045833583425e-60,1.8669045833583425e-60
state,1415,8.3373544091619168e-46,8.3373544091619215e-46,4.6672614583958563e-61,4.6672614583958563e-61
state,1416,1002.2696253560504,1002.2696253560504,0,0
state,1417,1.925529606293433e-47,1.9255296062934335e-47,4.861730685829017e-63,4.861730685829017e-63
state,1418,3.9213361552958052e-47,3.9213361552958018e-47,3.4032114800803119e-62,3.4032114800803119e-62
state,1419,1.9040505326180941e-47,1.9040505326180951e-47,9.7234613716580339e-63,9.7234613716580339e-63
state,1420,3.8890438395774567e-47,3.8890438395774538e-47,2.9170384114974102e-62,2.9170384114974102e-62
state,1421,1.885195783470409e-47,1.8851957834704083e-47,7.2925960287435254e-63,7.2925960287435254e-63
state,1422,1002.2696253560504,1002.2696253560504,0,0
state,1423,4.2111043124224513e-49,4.2111043124224483e-49,3.0385816786431356e-64,3.0385816786431356e-64
state,1424,8.4213914707583081e-49,8.421391470758302e-49,6.0771633572862712e-64,6.0771633572862712e-64
state,1425,4.1655618256807121e-49,4.1655618256807106e-49,1.5192908393215678e-64,1.5192908393215678e-64
state,1426,8.3541612418655492e-49,8.3541612418655401e-49,9.1157450359294068e-64,9.1157450359294068e-64
state,1427,4.1255884820244384e-49,4.1255884820244347e-49,3.7982270983039195e-64,3.7982270983039195e-64
state,1428,1002.2696253560504,1002.2696253560504,0,0
state,1429,8.9230073879903003e-51,8.9230073879902872e-51,1.3056405650419723e-65,1.3056405650419723e-65
state,1430,1.7537692839515688e-50,1.753769283951565e-50,3.7982270983039195e-65,3.7982270983039195e-65
state,1431,8.8293516305243494e-51,8.8293516305243387e-51,1.0682513713979774e-65,1.0682513713979774e-65
state,1432,1.7401830714562781e-50,1.740183071456275e-50,3.0860595173719346e-65,3.0860595173719346e-65
state,1433,8.7471590476393309e-51,8.7471590476393107e-51,2.0178081459739572e-65,2.0178081459739572e-65
state,1434,1002.2696253560504,1002.2696253560504,0,0
state,1435,1.8336403601813431e-52,1.8336403601813387e-52,4.4510473808249057e-67,4.4510473808249057e-67
state,1436,3.5448442117331087e-52,3.5448442117330983e-52,1.038577722192478e-66,1.038577722192478e-66
state,1437,1.8149436230168885e-52,1.8149436230168837e-52,4.8219679958936478e-67,4.8219679958936478e-67
state,1438,3.5181705915054051e-52,3.5181705915053954e-52,9.6439359917872956e-67,9.6439359917872956e-67
state,1439,1.7985375425086218e-52,1.7985375425086173e-52,4.4510473808249057e-67,4.4510473808249057e-67
state,1440,1002.2696253560504,1002.2696253560504,0,0
state,1441,3.6575961084383423e-54,3.6575961084383464e-54,4.0569442273143671e-69,4.0569442273143671e-69
state,1442,6.9603147084658361e-54,6.9603147084658407e-54,4.6365076883592767e-69,4.6365076883592767e-69
state,1443,3.6213317793297433e-54,3.6213317793297474e-54,4.0569442273143671e-69,4.0569442273143671e-69
state,1444,6.9093969573156262e-54,6.9093969573156343e-54,8.1138884546287343e-69,8.1138884546287343e-69
state,1445,3.589514979562465e-54,3.5895149795624685e-54,3.4773807662694575e-69,3.4773807662694575e-69
state,1446,1002.2696253560504,1002.2696253560504,0,0
state,1447,7.0879845195757832e-56,7.0879845195757832e-56,0,0
state,1448,1.3286639252647809e-55,1.3286639252647806e-55,3.6222716315306849e-71,3.6222716315306849e-71
state,1449,7.0195901975057546e-56,7.0195901975057564e-56,1.8111358157653425e-71,1.8111358157653425e-71
state,1450,1.3192061306397287e-55,1.3192061306397287e-55,0,0
state,1451,6.9595928377287113e-56,6.9595928377287149e-56,3.6222716315306849e-71,3.6222716315306849e-71
state,1452,1002.2696253560504,1002.2696253560504,0,0
state,1453,1.3354883825370993e-57,1.3354883825371047e-57,5.3768094530533605e-72,5.3768094530533605e-72
state,1454,2.4676440609386866e-57,2.4676440609386951e-57,8.4896991364000428e-72,8.4896991364000428e-72
state,1455,1.3229364898363631e-57,1.3229364898363679e-57,4.8108295106266909e-72,4.8108295106266909e-72
state,1456,2.4505379131681876e-57,2.4505379131681972e-57,9.6216590212533819e-72,9.6216590212533819e-72
state,1457,1.311927325496575e-57,1.3119273254965806e-57,5.6597994242666952e-72,5.6597994242666952e-72
state,1458,1002.2696253560504,1002.2696253560504,0,0
state,1459,2.44834699469719e-59,2.448346994697197e-59,7.074749280333369e-74,7.074749280333369e-74
state,1460,4.4620938544728118e-59,4.4620938544728242e-59,1.2380811240583396e-73,1.2380811240583396e-73
state,1461,2.4259159302371755e-59,2.4259159302371826e-59,7.074749280333369e-74,7.074749280333369e-74
state,1462,4.4319467633670411e-59,4.4319467633670561e-59,1.5033842220708409e-73,1.5033842220708409e-73
state,1463,2.4062449404331393e-59,2.4062449404331477e-59,8.4012647703958757e-74,8.4012647703958757e-74
state,1464,1002.2696253560504,1002.2696253560504,0,0
state,1465,4.3704736718193566e-61,4.3704736718193649e-61,8.2907218128906668e-76,8.2907218128906668e-76
state,1466,7.8609374474468914e-61,7.8609374474469066e-61,1.5199656656966223e-75,1.5199656656966223e-75
state,1467,4.3314141082914672e-61,4.3314141082914789e-61,1.1745189234928445e-75,1.1745189234928445e-75
state,1468,7.809136034438022e-61,7.8091360344380386e-61,1.6581443625781334e-75,1.6581443625781334e-75
state,1469,4.2971662549906833e-61,4.2971662549906923e-61,8.9816152972982224e-76,8.9816152972982224e-76
state,1470,1002.2696253560504,1002.2696253560504,0,0
state,1471,7.6014680893152145e-63,7.6014680893152231e-63,8.6361685550944446e-78,8.6361685550944446e-78
state,1472,1.3500956845891182e-62,1.3500956845891193e-62,1.0795210693868056e-77,1.0795210693868056e-77
state,1473,7.5351531409055037e-63,7.5351531409055134e-63,9.7156896244812502e-78,9.7156896244812502e-78
state,1474,1.3414121273903943e-62,1.3414121273903965e-62,2.1590421387736112e-77,2.1590421387736112e-77
state,1475,7.4770170604829004e-63,7.4770170604829122e-63,1.1874731763254861e-77,1.1874731763254861e-77
state,1476,1002.2696253560504,1002.2696253560504,0,0
state,1477,1.2890076826807512e-64,1.2890076826807517e-64,5.0602550127506511e-80,5.0602550127506511e-80
state,1478,2.261883516656388e-64,2.2618835166563884e-64,3.3735033418337674e-80,3.3735033418337674e-80
state,1479,1.2780237564156888e-64,1.2780237564156893e-64,5.0602550127506511e-80,5.0602550127506511e-80
state,1480,2.2476747392868016e-64,2.247674739286802e-64,3.3735033418337674e-80,3.3735033418337674e-80
state,1481,1.2683961308308643e-64,1.2683961308308646e-64,3.3735033418337674e-80,3.3735033418337674e-80
state,1482,1002.2696253560504,1002.2696253560504,0,0
state,1483,2.1323784274205147e-66,2.1323784274205139e-66,7.9066484574228924e-82,7.9066484574228924e-82
state,1484,3.6986160580273665e-66,3.6986160580273639e-66,2.6355494858076308e-81,2.6355494858076308e-81
state,1485,2.1146198317651308e-66,2.11461983176513e-66,7.9066484574228924e-82,7.9066484574228924e-82
state,1486,3.6759096014657343e-66,3.6759096014657328e-66,1.5813296914845785e-81,1.5813296914845785e-81
state,1487,2.0990567142969043e-66,2.0990567142969035e-66,7.9066484574228924e-82,7.9066484574228924e-82
state,1488,1002.2696253560504,1002.2696253560504,0,0
state,1489,3.4432817622771941e-68,3.4432817622771895e-68,4.5298506787318654e-83,4.5298506787318654e-83
state,1490,5.9061896503343318e-68,5.9061896503343243e-68,7.4124829288339616e-83,7.4124829288339616e-83
state,1491,3.4152406385429342e-68,3.4152406385429297e-68,4.5298506787318654e-83,4.5298506787318654e-83
state,1492,5.8707332270389752e-68,5.8707332270389686e-68,6.588873714519077e-83,6.588873714519077e-83
state,1493,3.3906704171033053e-68,3.3906704171033003e-68,4.9416552858893078e-83,4.9416552858893078e-83
state,1494,1002.2696253560504,1002.2696253560504,0,0
state,1495,5.4302159608516826e-70,5.4302159608516691e-70,1.3512338672353576e-84,1.3512338672353576e-84
state,1496,9.2150832717564347e-70,9.2150832717564141e-70,2.0590230357872116e-84,2.0590230357872116e-84
state,1497,5.3869508206944182e-70,5.3869508206944053e-70,1.2868893973670072e-84,1.2868893973670072e-84
state,1498,9.1609577279122499e-70,9.1609577279122319e-70,1.8016451563138101e-84,1.8016451563138101e-84
state,1499,5.3490475330088807e-70,5.3490475330088704e-70,1.0295115178936058e-84,1.0295115178936058e-84
state,1500,1002.2696253560504,1002.2696253560504,0,0
state,1501,8.3680342658406239e-72,8.3680342658405968e-72,2.7145323225710309e-86,2.7145323225710309e-86
state,1502,1.4054943222915008e-71,1.4054943222914972e-71,3.6193764300947078e-86,3.6193764300947078e-86
state,1503,8.302774301173926e-72,8.3027743011738989e-72,2.7145323225710309e-86,2.7145323225710309e-86
state,1504,1.3974132174243689e-71,1.3974132174243651e-71,3.8204528984333027e-86,3.8204528984333027e-86
state,1505,8.2456119263624541e-72,8.245611926362429e-72,2.513455854232436e-86,2.513455854232436e-86
state,1506,1002.2696253560504,1002.2696253560504,0,0
state,1507,1.2606852999887672e-73,1.2606852999887619e-73,5.3410936902439265e-88,5.3410936902439265e-88
state,1508,2.0965315098435023e-73,2.0965315098434945e-73,7.8545495444763625e-88,7.8545495444763625e-88
state,1509,1.2510576035931993e-73,1.251057603593194e-73,5.3410936902439265e-88,5.3410936902439265e-88
state,1510,2.0847258349580912e-73,2.0847258349580837e-73,7.540367562697308e-88,7.540367562697308e-88
state,1511,1.2426260008834559e-73,1.2426260008834508e-73,5.1840026993543992e-88,5.1840026993543992e-88
state,1512,1002.2696253560504,1002.2696253560504,0,0
state,1513,1.8576850858555869e-75,1.8576850858555942e-75,7.3636401979465898e-90,7.3636401979465898e-90
state,1514,3.0599306677434227e-75,3.0599306677434364e-75,1.3745461702833634e-89,1.3745461702833634e-89
state,1515,1.8437869383889038e-75,1.8437869383889109e-75,7.1181855246817035e-90,7.1181855246817035e-90
state,1516,3.0430478559069434e-75,3.0430478559069581e-75,1.472728039589318e-89,1.472728039589318e-89
state,1517,1.8316175506060095e-75,1.8316175506060168e-75,7.3636401979465898e-90,7.3636401979465898e-90
state,1518,1002.2696253560504,1002.2696253560504,0,0
state,1519,2.6786485534574573e-77,2.6786485534574669e-77,9.5880731744096222e-92,9.5880731744096222e-92
state,1520,4.3716619855918474e-77,4.3716619855918643e-77,1.6875008786960935e-91,1.6875008786960935e-91
state,1521,2.6590088716009597e-77,2.659008871600967e-77,7.2869356125513129e-92,7.2869356125513129e-92
state,1522,4.3480187315534515e-77,4.3480187315534676e-77,1.6107962933008165e-91,1.6107962933008165e-91
state,1523,2.6418151395182386e-77,2.6418151395182474e-77,8.8210273204568524e-92,8.8210273204568524e-92
state,1524,1002.2696253560504,1002.2696253560504,0,0
state,1525,3.7811597724094262e-79,3.7811597724094364e-79,1.0187327747810224e-93,1.0187327747810224e-93
state,1526,6.1162502683667957e-79,6.1162502683668137e-79,1.7977637202018042e-93,1.7977637202018042e-93
state,1527,3.7539809027562681e-79,3.7539809027562753e-79,7.1910548808072166e-94,7.1910548808072166e-94
state,1528,6.0838128947430683e-79,6.0838128947430875e-79,1.9176146348819244e-93,1.9176146348819244e-93
state,1529,3.7301910977572151e-79,3.7301910977572247e-79,9.5880731744096222e-94,9.5880731744096222e-94
state,1530,300,300,0,0
state,1531,300,300,0,0
state,1532,300,300,0,0
state,1533,300,300,0,0
state,1534,300,300,0,0
state,1535,300,300,0,0
state,1536,300,300,0,0
state,1537,300,300,0,0
state,1538,300,300,0,0
state,1539,300,300,0,0
state,1540,300,300,0,0
state,1541,300,300,0,0
state,1542,300,300,0,0
state,1543,300,300,0,0
state,1544,300,300,0,0
state,1545,300,300,0,0
state,1546,300,300,0,0
state,1547,300,300,0,0
state,1548,300,300,0,0
state,1549,300,300,0,0
state,1550,300,300,0,0
state,1551,300,300,0,0
state,1552,300,300,0,0
state,1553,300,300,0,0
state,1554,300,300,0,0
state,1555,300,300,0,0
state,1556,300,300,0,0
state,1557,300,300,0,0
state,1558,300,300,0,0
state,1559,300,300,0,0
state,1560,300,300,0,0
state,1561,300,300,0,0
state,1562,300,300,0,0
state,1563,300,300,0,0
state,1564,300,300,0,0
state,1565,300,300,0,0
state,1566,300,300,0,0
state,1567,300,300,0,0
state,1568,300,300,0,0
state,1569,300,300,0,0
state,1570,300,300,0,0
state,1571,300,300,0,0
state,1572,300,300,0,0
state,1573,300,300,0,0
state,1574,300,300,0,0
state,1575,300,300,0,0
state,1576,300,300,0,0
state,1577,300,300,0,0
state,1578,300,300,0,0
state,1579,300,300,0,0
state,1580,300,300,0,0
state,1581,300,300,0,0
state,1582,300,300,0,0
state,1583,300,300,0,0
state,1584,300,300,0,0
state,1585,300,300,0,0
state,1586,300,300,0,0
state,1587,300,300,0,0
state,1588,300,300,0,0
state,1589,300,300,0,0
state,1590,300,300,0,0
state,1591,300,300,0,0
state,1592,300,300,0,0
state,1593,300,300,0,0
state,1594,300,300,0,0
state,1595,300,300,0,0
state,1596,300,300,0,0
state,1597,300,300,0,0
state,1598,300,300,0,0
state,1599,300,300,0,0
state,1600,300,300,0,0
state,1601,300,300,0,0
state,1602,300,300,0,0
state,1603,300,300,0,0
state,1604,300,300,0,0
state,1605,300,300,0,0
state,1606,300,300,0,0
state,1607,300,300,0,0
state,1608,300,300,0,0
state,1609,300,300,0,0
state,1610,300,300,0,0
state,1611,300,300,0,0
state,1612,300,300,0,0
state,1613,300,300,0,0
state,1614,300,300,0,0
state,1615,300,300,0,0
state,1616,300,300,0,0
state,1617,300,300,0,0
state,1618,300,300,0,0
state,1619,300,300,0,0
state,1620,300,300,0,0
state,1621,300,300,0,0
state,1622,300,300,0,0
state,1623,300,300,0,0
state,1624,300,300,0,0
state,1625,300,300,0,0
state,1626,300,300,0,0
state,1627,300,300,0,0
state,1628,300,300,0,0
state,1629,300,300,0,0
state,1630,300,300,0,0
state,1631,300,300,0,0
state,1632,300,300,0,0
state,1633,300,300,0,0
state,1634,300,300,0,0
state,1635,300,300,0,0
state,1636,300,300,0,0
state,1637,300,300,0,0
state,1638,300,300,0,0
state,1639,300,300,0,0
state,1640,300,300,0,0
state,1641,300,300,0,0
state,1642,300,300,0,0
state,1643,300,300,0,0
state,1644,300,300,0,0
state,1645,300,300,0,0
state,1646,300,300,0,0
state,1647,300,300,0,0
state,1648,300,300,0,0
state,1649,300,300,0,0
state,1650,300,300,0,0
state,1651,300,300,0,0
state,1652,300,300,0,0
state,1653,300,300,0,0
state,1654,300,300,0,0
state,1655,300,300,0,0
state,1656,300,300,0,0
state,1657,300,300,0,0
state,1658,300,300,0,0
state,1659,300,300,0,0
state,1660,300,300,0,0
state,1661,300,300,0,0
state,1662,300,300,0,0
state,1663,300,300,0,0
state,1664,300,300,0,0
state,1665,300,300,0,0
state,1666,300,300,0,0
state,1667,300,300,0,0
state,1668,300,300,0,0
state,1669,300,300,0,0
state,1670,300,300,0,0
state,1671,300,300,0,0
state,1672,300,300,0,0
state,1673,300,300,0,0
state,1674,300,300,0,0
state,1675,300,300,0,0
state,1676,300,300,0,0
state,1677,300,300,0,0
state,1678,300,300,0,0
state,1679,300,300,0,0
state,1680,300,300,0,0
state,1681,300,300,0,0
state,1682,300,300,0,0
total_pressure,0,2500000,2500000,0,0
total_pressure,1,2499840.1175340065,2499840.1175340065,0,0
total_pressure,2,2499717.4157618796,2499717.4157618796,0,0
total_pressure,3,2499608.6875853878,2499608.6875853878,0,0
total_pressure,4,2499503.4204527079,2499503.4204527079,0,0
total_pressure,5,2499398.3077424006,2499398.3077424006,0,0
total_pressure,6,2499293.1998784724,2499293.1998784724,0,0
total_pressure,7,2499188.0921684126,2499188.0921684126,0,0
total_pressure,8,2499082.9844633276,2499082.9844633276,0,0
total_pressure,9,2498977.8767587901,2498977.8767587901,0,0
total_pressure,10,2498872.7690542527,2498872.7690542527,0,0
total_pressure,11,2498767.6613497157,2498767.6613497157,0,0
total_pressure,12,2498662.5536451787,2498662.5536451787,0,0
total_pressure,13,2498557.4459406417,2498557.4459406417,0,0
total_pressure,14,2498452.3382361047,2498452.3382361047,0,0
total_pressure,15,2498347.2305315677,2498347.2305315677,0,0
total_pressure,16,2498242.1228270307,2498242.1228270307,0,0
total_pressure,17,2498137.0151224937,2498137.0151224937,0,0
total_pressure,18,2498031.9074179567,2498031.9074179567,0,0
total_pressure,19,2497926.7997134198,2497926.7997134198,0,0
total_pressure,20,2497821.6920088828,2497821.6920088828,0,0
total_pressure,21,2497716.5843043458,2497716.5843043458,0,0
total_pressure,22,2497611.4765998088,2497611.4765998088,0,0
total_pressure,23,2497506.3688952718,2497506.3688952718,0,0
total_pressure,24,2497401.2611907348,2497401.2611907348,0,0
total_pressure,25,2497296.1534861978,2497296.1534861978,0,0
total_pressure,26,2497191.0457816608,2497191.0457816608,0,0
total_pressure,27,2497085.9380771238,2497085.9380771238,0,0
total_pressure,28,2496980.8303725868,2496980.8303725868,0,0
total_pressure,29,2496875.7226680499,2496875.7226680499,0,0
total_pressure,30,2496770.6149635129,2496770.6149635129,0,0
total_pressure,31,2496665.5072589759,2496665.5072589759,0,0
total_pressure,32,2496560.3995544389,2496560.3995544389,0,0
total_pressure,33,2496455.2918499019,2496455.2918499019,0,0
total_pressure,34,2496350.1841453649,2496350.1841453649,0,0
total_pressure,35,2496245.0764408279,2496245.0764408279,0,0
total_pressure,36,2496139.9687362909,2496139.9687362909,0,0
total_pressure,37,2496034.8610317539,2496034.8610317539,0,0
total_pressure,38,2495929.753327217,2495929.753327217,0,0
total_pressure,39,2495824.64562268,2495824.64562268,0,0
total_pressure,40,2495719.537918143,2495719.537918143,0,0
total_pressure,41,2495614.430213606,2495614.430213606,0,0
total_pressure,42,2495509.322509069,2495509.322509069,0,0
total_pressure,43,2495404.214804532,2495404.214804532,0,0
total_pressure,44,2495299.107099995,2495299.107099995,0,0
total_pressure,45,2495193.999395458,2495193.999395458,0,0
total_pressure,46,2495088.891690921,2495088.891690921,0,0
total_pressure,47,2494983.783986384,2494983.783986384,0,0
total_pressure,48,2494878.6762818471,2494878.6762818471,0,0
total_pressure,49,2494773.5685773101,2494773.5685773101,0,0
total_pressure,50,2494668.4608727731,2494668.4608727731,0,0
interstitial_gas_velocity,0,0.10000000000000001,0.10000000000000001,0,0
interstitial_gas_velocity,1,0.087524621180863169,0.087524621180863169,0,0
interstitial_gas_velocity,2,0.082352679551772445,0.082352679551772473,2.7755575615628914e-17,2.7755575615628914e-17
interstitial_gas_velocity,3,0.081021620898960589,0.081021620898960589,0,0
interstitial_gas_velocity,4,0.08096202328142689,0.08096202328142689,0,0
interstitial_gas_velocity,5,0.080960157432904745,0.080960157432904745,0,0
interstitial_gas_velocity,6,0.080960098188966254,0.080960098188966254,0,0
interstitial_gas_velocity,7,0.08096009627305667,0.08096009627305667,0,0
interstitial_gas_velocity,8,0.080960096059563683,0.080960096059563683,0,0
interstitial_gas_velocity,9,0.080960096060908079,0.080960096060908079,0,0
interstitial_gas_velocity,10,0.080960096060749845,0.080960096060749845,0,0
interstitial_gas_velocity,11,0.080960096060733691,0.080960096060733691,0,0
interstitial_gas_velocity,12,0.080960096060732081,0.080960096060732081,0,0
interstitial_gas_velocity,13,0.080960096060731804,0.080960096060731804,0,0
interstitial_gas_velocity,14,0.08096009606073179,0.08096009606073179,0,0
interstitial_gas_velocity,15,0.08096009606073179,0.08096009606073179,0,0
interstitial_gas_velocity,16,0.08096009606073179,0.08096009606073179,0,0
interstitial_gas_velocity,17,0.08096009606073179,0.08096009606073179,0,0
interstitial_gas_velocity,18,0.08096009606073179,0.08096009606073179,0,0
interstitial_gas_velocity,19,0.08096009606073179,0.08096009606073179,0,0
interstitial_gas_velocity,20,0.08096009606073179,0.08096009606073179,0,0
interstitial_gas_velocity,21,0.08096009606073179,0.08096009606073179,0,0
interstitial_gas_velocity,22,0.08096009606073179,0.08096009606073179,0,0
interstitial_gas_velocity,23,0.08096009606073179,0.08096009606073179,0,0
interstitial_gas_velocity,24,0.08096009606073179,0.08096009606073179,0,0
interstitial_gas_velocity,25,0.08096009606073179,0.08096009606073179,0,0
interstitial_gas_velocity,26,0.08096009606073179,0.08096009606073179,0,0
interstitial_gas_velocity,27,0.08096009606073179,0.08096009606073179,0,0
interstitial_gas_velocity,28,0.08096009606073179,0.08096009606073179,0,0
interstitial_gas_velocity,29,0.08096009606073179,0.08096009606073179,0,0
interstitial_gas_velocity,30,0.08096009606073179,0.08096009606073179,0,0
interstitial_gas_velocity,31,0.08096009606073179,0.08096009606073179,0,0
interstitial_gas_velocity,32,0.08096009606073179,0.08096009606073179,0,0
interstitial_gas_velocity,33,0.08096009606073179,0.08096009606073179,0,0
interstitial_gas_velocity,34,0.08096009606073179,0.08096009606073179,0,0
interstitial_gas_velocity,35,0.08096009606073179,0.08096009606073179,0,0
interstitial_gas_velocity,36,0.08096009606073179,0.08096009606073179,0,0
interstitial_gas_velocity,37,0.08096009606073179,0.08096009606073179,0,0
interstitial_gas_velocity,38,0.08096009606073179,0.08096009606073179,0,0
interstitial_gas_velocity,39,0.08096009606073179,0.08096009606073179,0,0
interstitial_gas_velocity,40,0.08096009606073179,0.08096009606073179,0,0
interstitial_gas_velocity,41,0.08096009606073179,0.08096009606073179,0,0
interstitial_gas_velocity,42,0.08096009606073179,0.08096009606073179,0,0
interstitial_gas_velocity,43,0.08096009606073179,0.08096009606073179,0,0
interstitial_gas_velocity,44,0.08096009606073179,0.08096009606073179,0,0
interstitial_gas_velocity,45,0.08096009606073179,0.08096009606073179,0,0
interstitial_gas_velocity,46,0.08096009606073179,0.08096009606073179,0,0
interstitial_gas_velocity,47,0.08096009606073179,0.08096009606073179,0,0
interstitial_gas_velocity,48,0.08096009606073179,0.08096009606073179,0,0
interstitial_gas_velocity,49,0.08096009606073179,0.08096009606073179,0,0
interstitial_gas_velocity,50,0.08096009606073179,0.08096009606073179,0,0
