field,index,singlebed,multibed,absolute_difference,relative_difference
state,0,701.58873774923518,701.58873774923518,0,0
state,1,60.136177521363017,60.136177521363017,0,0
state,2,60.136177521363017,60.136177521363017,0,0
state,3,60.136177521363017,60.136177521363017,0,0
state,4,60.136177521363017,60.136177521363017,0,0
state,5,60.136177521363017,60.136177521363017,0,0
state,6,895.59683546297356,895.59683546297356,0,0
state,7,22.566373513306377,22.566373513306377,0,0
state,8,22.002585667730404,22.002585667730404,0,0
state,9,21.159315444817295,21.159315444817295,0,0
state,10,20.914212510660199,20.914212510660199,0,0
state,11,20.063339114094283,20.063339114094283,0,0
state,12,991.86881840932244,991.86881840932244,0,0
state,13,2.1769588069709949,2.176958806970994,8.8817841970012523e-16,4.079904575392175e-16
state,14,2.3986222722811039,2.3986222722811039,0,0
state,15,1.9130773466484674,1.9130773466484663,1.1102230246251565e-15,5.8033357959633125e-16
state,16,2.1938142366148421,2.1938142366148421,0,0
state,17,1.7534956200177394,1.7534956200177387,6.6613381477509392e-16,3.7988906682775455e-16
state,18,1001.9413984226901,1001.9413984226901,0,0
state,19,0.057575158212706645,0.057575158212706631,1.3877787807814457e-17,1.3877787807814457e-17
state,20,0.093325082746297458,0.093325082746297458,0,0
state,21,0.050500762532305309,0.050500762532305302,6.9388939039072284e-18,6.9388939039072284e-18
state,22,0.085346905148571142,0.085346905148571114,2.7755575615628914e-17,2.7755575615628914e-17
state,23,0.046300597924814592,0.046300597924814585,6.9388939039072284e-18,6.9388939039072284e-18
state,24,1002.2597556583227,1002.2597556583227,0,0
state,25,0.0013818228310161767,0.0013818228310161758,8.6736173798840355e-19,8.6736173798840355e-19
state,26,0.0032906614327680586,0.0032906614327680569,1.7347234759768071e-18,1.7347234759768071e-18
state,27,0.0012154442710977692,0.0012154442710977686,6.5052130349130266e-19,6.5052130349130266e-19
state,28,0.0030193418206177804,0.0030193418206177786,1.7347234759768071e-18,1.7347234759768071e-18
state,29,0.0011167292740981284,0.0011167292740981278,6.5052130349130266e-19,6.5052130349130266e-19
state,30,1002.2693190372511,1002.2693190372511,0,0
state,31,3.3092632003272518e-05,3.3092632003272505e-05,1.3552527156068805e-20,1.3552527156068805e-20
state,32,0.00011545630798323733,0.00011545630798323729,4.0657581468206416e-20,4.0657581468206416e-20
state,33,2.9196052148397667e-05,2.9196052148397647e-05,2.0328790734103208e-20,2.0328790734103208e-20
state,34,0.00010631340243199881,0.00010631340243199875,6.7762635780344027e-20,6.7762635780344027e-20
state,35,2.6884572126390557e-05,2.6884572126390547e-05,1.0164395367051604e-20,1.0164395367051604e-20
state,36,1002.2696155826698,1002.2696155826698,0,0
state,37,7.92738789500436e-07,7.9273878950043579e-07,2.1175823681357508e-22,2.1175823681357508e-22
state,38,4.0432354422900039e-06,4.043235442290003e-06,8.4703294725430034e-22,8.4703294725430034e-22
state,39,7.0157733839279834e-07,7.0157733839279792e-07,4.2351647362715017e-22,4.2351647362715017e-22
state,40,3.7367175193276208e-06,3.7367175193276187e-06,2.1175823681357508e-21,2.1175823681357508e-21
state,41,6.4750657164467112e-07,6.4750657164467101e-07,1.0587911840678754e-22,1.0587911840678754e-22
state,42,1002.2696250049158,1002.2696250049158,0,0
state,43,1.9005086000889588e-08,1.9005086000889568e-08,1.9852334701272664e-23,1.9852334701272664e-23
state,44,1.4131178027324704e-07,1.4131178027324683e-07,2.1175823681357508e-22,2.1175823681357508e-22
state,45,1.6874435437442551e-08,1.6874435437442525e-08,2.6469779601696886e-23,2.6469779601696886e-23
state,46,1.31094305390849e-07,1.3109430539084879e-07,2.1175823681357508e-22,2.1175823681357508e-22
state,47,1.5610782902815089e-08,1.561078290281507e-08,1.9852334701272664e-23,1.9852334701272664e-23
state,48,1002.269625295979,1002.269625295979,0,0
state,49,3.7744432420998232e-09,3.7744432420998216e-09,1.6543612251060553e-24,1.6543612251060553e-24
state,50,2.5502877757827362e-08,2.5502877757827342e-08,1.9852334701272664e-23,1.9852334701272664e-23
state,51,3.4483408102683963e-09,3.4483408102683943e-09,2.0679515313825692e-24,2.0679515313825692e-24
state,52,2.4085989424284022e-08,2.4085989424283999e-08,2.3161057151484775e-23,2.3161057151484775e-23
state,53,3.2550317515376674e-09,3.2550317515376632e-09,4.1359030627651384e-24,4.1359030627651384e-24
state,54,1002.2696253468398,1002.2696253468398,0,0
state,55,6.4287839694424289e-10,6.428783969442432e-10,3.1019272970738538e-25,3.1019272970738538e-25
state,56,3.7770327131590962e-09,3.7770327131590954e-09,8.2718061255302767e-25,8.2718061255302767e-25
state,57,5.9986683917658317e-10,5.9986683917658275e-10,4.1359030627651384e-25,4.1359030627651384e-25
state,58,3.6122389091386128e-09,3.6122389091386087e-09,4.1359030627651384e-24,4.1359030627651384e-24
state,59,5.7441347025367782e-10,5.7441347025367782e-10,0,0
state,60,1002.2696253548716,1002.2696253548716,0,0
state,61,9.0961085761895526e-11,9.0961085761895552e-11,2.5849394142282115e-26,2.5849394142282115e-26
state,62,4.6552918406369279e-10,4.65529184063693e-10,2.0679515313825692e-25,2.0679515313825692e-25
state,63,8.6033963506678271e-11,8.6033963506678271e-11,0,0
state,64,4.4902872032396227e-10,4.4902872032396165e-10,6.2038545941477076e-25,6.2038545941477076e-25
state,65,8.3126046520983379e-11,8.312604652098343e-11,5.169878828456423e-26,5.169878828456423e-26
state,66,1002.269625355922,1002.269625355922,0,0
state,67,1.0645944884367952e-11,1.0645944884367951e-11,1.6155871338926322e-27,1.6155871338926322e-27
state,68,4.8384053605327624e-11,4.8384053605327624e-11,0,0
state,69,1.015568529982332e-11,1.0155685299823314e-11,6.4623485355705287e-27,6.4623485355705287e-27
state,70,4.6939541338707767e-11,4.693954133870767e-11,9.6935228033557931e-26,9.6935228033557931e-26
state,71,9.8672424523876278e-12,9.8672424523876246e-12,3.2311742677852644e-27,3.2311742677852644e-27
state,72,1002.269625356037,1002.269625356037,0,0
state,73,1.0454468496991798e-12,1.0454468496991811e-12,1.2116903504194741e-27,1.2116903504194741e-27
state,74,4.3058434833141286e-12,4.3058434833141334e-12,4.8467614016778965e-27,4.8467614016778965e-27
state,75,1.0029368175304617e-12,1.0029368175304623e-12,6.0584517520973707e-28,6.0584517520973707e-28
state,76,4.1940992145161805e-12,4.1940992145161797e-12,8.0779356694631609e-28,8.0779356694631609e-28
state,77,9.7800511683836844e-13,9.7800511683836925e-13,8.0779356694631609e-28,8.0779356694631609e-28
state,78,1002.2696253560501,1002.2696253560501,0,0
state,79,8.7842644609130268e-14,8.7842644609130293e-14,2.5243548967072378e-29,2.5243548967072378e-29
state,80,3.3335108045151278e-13,3.3335108045151278e-13,0,0
state,81,8.4605942812946738e-14,8.4605942812946751e-14,1.2621774483536189e-29,1.2621774483536189e-29
state,82,3.2564361713408327e-13,3.2564361713408307e-13,2.0194839173657902e-28,2.0194839173657902e-28
state,83,8.2713439929840233e-14,8.2713439929840258e-14,2.5243548967072378e-29,2.5243548967072378e-29
state,84,1002.2696253560504,1002.2696253560504,0,0
state,85,6.4358335842407952e-15,6.435833584240792e-15,3.1554436208840472e-30,3.1554436208840472e-30
state,86,2.2788131440203878e-14,2.2788131440203869e-14,9.4663308626521417e-30,9.4663308626521417e-30
state,87,6.2172558358512317e-15,6.217255835851227e-15,4.7331654313260708e-30,4.7331654313260708e-30
state,88,2.2310077799105867e-14,2.2310077799105842e-14,2.5243548967072378e-29,2.5243548967072378e-29
state,89,6.0898264658759287e-15,6.0898264658759248e-15,3.944304526105059e-30,3.944304526105059e-30
state,90,1002.2696253560504,1002.2696253560504,0,0
state,91,4.1797401765700741e-16,4.1797401765700781e-16,3.944304526105059e-31,3.944304526105059e-31
state,92,1.3939353313018891e-15,1.3939353313018911e-15,1.9721522630525295e-30,1.9721522630525295e-30
state,93,4.0474340933886921e-16,4.0474340933886945e-16,2.4651903288156619e-31,2.4651903288156619e-31
state,94,1.367052111970843e-15,1.3670521119708438e-15,7.8886090522101181e-31,7.8886090522101181e-31
state,95,3.9705178177713992e-16,3.9705178177714026e-16,3.4512664603419266e-31,3.4512664603419266e-31
state,96,1002.2696253560504,1002.2696253560504,0,0
state,97,2.4397455217825529e-17,2.4397455217825516e-17,1.2325951644078309e-32,1.2325951644078309e-32
state,98,7.7178234686124721e-17,7.7178234686124795e-17,7.3955709864469857e-32,7.3955709864469857e-32
state,99,2.3672373104034227e-17,2.3672373104034227e-17,0,0
state,100,7.5796916397972539e-17,7.5796916397972502e-17,3.6977854932234928e-32,3.6977854932234928e-32
state,101,2.3252004845783044e-17,2.3252004845783044e-17,0,0
state,102,1002.2696253560504,1002.2696253560504,0,0
state,103,1.2947355865232299e-18,1.294735586523228e-18,1.9259299443872359e-33,1.9259299443872359e-33
state,104,3.9060148752809763e-18,3.9060148752809748e-18,1.5407439555097887e-33,1.5407439555097887e-33
state,105,1.2584290199175306e-18,1.2584290199175292e-18,1.3481509610710651e-33,1.3481509610710651e-33
state,106,3.8406971179214263e-18,3.8406971179214201e-18,6.1629758220391547e-33,6.1629758220391547e-33
state,107,1.2374373083827464e-18,1.2374373083827459e-18,5.7777898331617076e-34,5.7777898331617076e-34
state,108,1002.2696253560504,1002.2696253560504,0,0
state,109,6.3067072105038177e-20,6.306707210503819e-20,1.2037062152420224e-35,1.2037062152420224e-35
state,110,1.8221898868551371e-19,1.8221898868551388e-19,1.6851887013388314e-34,1.6851887013388314e-34
state,111,6.1392612091356186e-20,6.1392612091356246e-20,6.018531076210112e-35,6.018531076210112e-35
state,112,1.7935791868685586e-19,1.7935791868685586e-19,0,0
state,113,6.0427088270055001e-20,6.0427088270055073e-20,7.2222372914521344e-35,7.2222372914521344e-35
state,114,1002.2696253560504,1002.2696253560504,0,0
state,115,2.8422460535459554e-21,2.8422460535459618e-21,6.394689268473244e-36,6.394689268473244e-36
state,116,7.891623902642903e-21,7.891623902642924e-21,2.1064858766735392e-35,2.1064858766735392e-35
state,117,2.77061265789e-21,2.7706126578900068e-21,6.770847460736376e-36,6.770847460736376e-36
state,118,7.7748536724839563e-21,7.7748536724839684e-21,1.2037062152420224e-35,1.2037062152420224e-35
state,119,2.7294191630943246e-21,2.7294191630943321e-21,7.5231638452626401e-36,7.5231638452626401e-36
state,120,1002.2696253560504,1002.2696253560504,0,0
state,121,1.1930252444222299e-22,1.1930252444222315e-22,1.6456920911512025e-37,1.6456920911512025e-37
state,122,3.1921881748306582e-22,3.1921881748306633e-22,5.172175143618065e-37,5.172175143618065e-37
state,123,1.1644252490510794e-22,1.1644252490510806e-22,1.1754943508222875e-37,1.1754943508222875e-37
state,124,3.1475493971779643e-22,3.1475493971779676e-22,3.291384182302405e-37,3.291384182302405e-37
state,125,1.1480231163345937e-22,1.1480231163345956e-22,1.88079096131566e-37,1.88079096131566e-37
state,126,1002.2696253560504,1002.2696253560504,0,0
state,127,4.6903285094498853e-24,4.690328509449886e-24,7.3468396926392969e-40,7.3468396926392969e-40
state,128,1.2123125552164679e-23,1.2123125552164689e-23,1.0285575569695016e-38,1.0285575569695016e-38
state,129,4.5831935517120303e-24,4.583193551712034e-24,3.6734198463196485e-39,3.6734198463196485e-39
state,130,1.1962548783112836e-23,1.1962548783112838e-23,1.4693679385278594e-39,1.4693679385278594e-39
state,131,4.5219186226739882e-24,4.5219186226739904e-24,2.2040519077917891e-39,2.2040519077917891e-39
state,132,1002.2696253560504,1002.2696253560504,0,0
state,133,1.7353608356184942e-25,1.7353608356184931e-25,1.1479437019748901e-40,1.1479437019748901e-40
state,134,4.341908451192672e-25,4.341908451192672e-25,0,0
state,135,1.6975331366480092e-25,1.697533136648009e-25,2.2958874039497803e-41,2.2958874039497803e-41
state,136,4.2873295232963119e-25,4.2873295232963083e-25,3.6734198463196485e-40,3.6734198463196485e-40
state,137,1.6759568682439159e-25,1.6759568682439153e-25,6.8876622118493409e-41,6.8876622118493409e-41
state,138,1002.2696253560504,1002.2696253560504,0,0
state,139,6.0670232613587205e-27,6.0670232613587083e-27,1.2196901833483208e-41,1.2196901833483208e-41
state,140,1.4721656992664832e-26,1.4721656992664818e-26,1.4349296274686127e-41,1.4349296274686127e-41
state,141,5.9406261122871497e-27,5.9406261122871425e-27,7.1746481373430634e-42,7.1746481373430634e-42
state,142,1.4545737682556279e-26,1.454573768255625e-26,2.8698592549372254e-41,2.8698592549372254e-41
state,143,5.8687277698638582e-27,5.8687277698638503e-27,7.8921129510773697e-42,7.8921129510773697e-42
state,144,1002.2696253560504,1002.2696253560504,0,0
state,145,2.0113231015990469e-28,2.0113231015990504e-28,3.5873240686715317e-43,3.5873240686715317e-43
state,146,4.7412295529067564e-28,4.7412295529067689e-28,1.2555634240350361e-42,1.2555634240350361e-42
state,147,1.9712158358687007e-28,1.9712158358687051e-28,4.4841550858394146e-43,4.4841550858394146e-43
state,148,4.6872860115939933e-28,4.6872860115939995e-28,6.2778171201751805e-43,6.2778171201751805e-43
state,149,1.948463611979274e-28,1.9484636119792783e-28,4.2599473315474439e-43,4.2599473315474439e-43
state,150,1002.2696253560504,1002.2696253560504,0,0
state,151,6.3420330920474181e-30,6.3420330920474223e-30,4.2038953929744512e-45,4.2038953929744512e-45
state,152,1.4546109592779899e-29,1.4546109592779924e-29,2.5223372357846707e-44,2.5223372357846707e-44
state,153,6.2208100878139102e-30,6.2208100878139207e-30,1.0509738482436128e-44,1.0509738482436128e-44
state,154,1.4388300039051821e-29,1.4388300039051832e-29,1.1210387714598537e-44,1.1210387714598537e-44
state,155,6.1522276379583791e-30,6.1522276379583889e-30,9.8090892502737195e-45,9.8090892502737195e-45
state,156,1002.2696253560504,1002.2696253560504,0,0
state,157,1.9070893407003016e-31,1.9070893407003016e-31,0,0
state,158,4.2621947749655751e-31,4.2621947749655786e-31,3.5032461608120427e-46,3.5032461608120427e-46
state,159,1.8720966025655333e-31,1.8720966025655346e-31,1.313717310304516e-46,1.313717310304516e-46
state,160,4.2180392323708631e-31,4.2180392323708631e-31,0,0
state,161,1.852352158136248e-31,1.8523521581362489e-31,8.7581154020301067e-47,8.7581154020301067e-47
state,162,1002.2696253560504,1002.2696253560504,0,0
state,163,5.4818749373488225e-33,5.4818749373488171e-33,5.4738221262688167e-48,5.4738221262688167e-48
state,164,1.1954469610926934e-32,1.1954469610926937e-32,2.7369110631344083e-48,2.7369110631344083e-48
state,165,5.3851767859878759e-33,5.3851767859878732e-33,2.7369110631344083e-48,2.7369110631344083e-48
state,166,1.1836039105330754e-32,1.1836039105330744e-32,9.5791887209704292e-48,9.5791887209704292e-48
state,167,5.3307591415958457e-33,5.3307591415958443e-33,1.3684555315672042e-48,1.3684555315672042e-48
state,168,1002.2696253560504,1002.2696253560504,0,0
state,169,1.509420055298194e-34,1.5094200552981912e-34,2.7796752984958835e-49,2.7796752984958835e-49
state,170,3.215955014687282e-34,3.2159550146872786e-34,3.4211388289180104e-49,3.4211388289180104e-49
state,171,1.4837867088895931e-34,1.4837867088895914e-34,1.7105694144590052e-49,1.7105694144590052e-49
state,172,3.1854457890535417e-34,3.1854457890535366e-34,5.1317082433770156e-49,5.1317082433770156e-49
state,173,1.4693987169169667e-34,1.4693987169169649e-34,1.7105694144590052e-49,1.7105694144590052e-49
state,174,1002.2696253560504,1002.2696253560504,0,0
state,175,3.9886678270630018e-36,3.9886678270630105e-36,8.6864853077996358e-51,8.6864853077996358e-51
state,176,8.3129206299158766e-36,8.312920629915898e-36,2.1382117680737565e-50,2.1382117680737565e-50
state,177,3.923363789988847e-36,3.923363789988857e-36,1.0022867662845734e-50,1.0022867662845734e-50
state,178,8.2372966081676132e-36,8.2372966081676306e-36,1.7372970615599272e-50,1.7372970615599272e-50
state,179,3.8868018178051811e-36,3.8868018178051924e-36,1.1359250017891831e-50,1.1359250017891831e-50
state,180,1002.2696253560504,1002.2696253560504,0,0
state,181,1.0132528815095143e-37,1.0132528815095156e-37,1.2528584578557167e-52,1.2528584578557167e-52
state,182,2.0680748411752086e-37,2.068074841175212e-37,3.3409558876152446e-52,3.3409558876152446e-52
state,183,9.9723741830313244e-38,9.972374183031339e-38,1.4616682008316695e-52,1.4616682008316695e-52
state,184,2.0500096481552272e-37,2.0500096481552301e-37,2.923336401663339e-52,2.923336401663339e-52
state,185,9.8829310003030462e-38,9.8829310003030629e-38,1.6704779438076223e-52,1.6704779438076223e-52
state,186,1002.2696253560504,1002.2696253560504,0,0
state,187,2.4782736575239671e-39,2.4782736575239674e-39,3.2626522339992623e-55,3.2626522339992623e-55
state,188,4.9589296767515089e-39,4.9589296767515121e-39,3.2626522339992623e-54,3.2626522339992623e-54
state,189,2.4404075906009722e-39,2.4404075906009741e-39,1.9575913403995574e-54,1.9575913403995574e-54
state,190,4.9172805954599741e-39,4.9172805954599747e-39,6.5253044679985245e-55,6.5253044679985245e-55
state,191,2.4193115463327548e-39,2.4193115463327568e-39,1.9575913403995574e-54,1.9575913403995574e-54
state,192,1002.2696253560504,1002.2696253560504,0,0
state,193,5.8443314960778699e-41,5.8443314960778648e-41,5.0978941156238473e-56,5.0978941156238473e-56
state,194,1.1476344975299682e-40,1.147634497529968e-40,2.0391576462495389e-56,2.0391576462495389e-56
state,195,5.7579026711980967e-41,5.7579026711980957e-41,1.0195788231247695e-56,1.0195788231247695e-56
state,196,1.1383551841835558e-40,1.1383551841835552e-40,6.1174729387486167e-56,6.1174729387486167e-56
state,197,5.7098653927488187e-41,5.7098653927488187e-41,0,0
state,198,1002.2696253560504,1002.2696253560504,0,0
state,199,1.3305730525608849e-42,1.3305730525608827e-42,2.2303286755854332e-57,2.2303286755854332e-57
state,200,2.5665550495515425e-42,2.56655504955154e-42,2.5489470578119236e-57,2.5489470578119236e-57
state,201,1.3115052714946372e-42,1.3115052714946358e-42,1.433782720019207e-57,1.433782720019207e-57
state,202,2.5465522220152293e-42,2.5465522220152261e-42,3.1861838222649046e-57,3.1861838222649046e-57
state,203,1.3009318580577791e-42,1.3009318580577779e-42,1.1151643377927166e-57,1.1151643377927166e-57
state,204,1002.2696253560504,1002.2696253560504,0,0
state,205,2.9280792722023008e-44,2.9280792722022933e-44,7.46761833343337e-59,7.46761833343337e-59
state,206,5.5529687807723075e-44,5.5529687807722986e-44,8.9611420001200441e-59,8.9611420001200441e-59
state,207,2.8873725107514989e-44,2.8873725107514944e-44,4.480571000060022e-59,4.480571000060022e-59
state,208,5.5112043667294536e-44,5.5112043667294437e-44,9.9568244445778267e-59,9.9568244445778267e-59
state,209,2.8648507040746447e-44,2.8648507040746397e-44,4.9784122222889134e-59,4.9784122222889134e-59
state,210,1002.2696253560504,1002.2696253560504,0,0
state,211,6.235224344263619e-46,6.2352243442636003e-46,1.8669045833583425e-60,1.8669045833583425e-60
state,212,1.163557932235181e-45,1.1635579322351787e-45,2.3336307291979281e-60,2.3336307291979281e-60
state,213,6.1510437753109911e-46,6.1510437753109747e-46,1.6335415104385497e-60,1.6335415104385497e-60
state,214,1.1551032414782821e-45,1.1551032414782791e-45,2.9559322569840423e-60,2.9559322569840423e-60
state,215,6.1045712599462448e-46,6.1045712599462285e-46,1.6335415104385497e-60,1.6335415104385497e-60
state,216,1002.2696253560504,1002.2696253560504,0,0
state,217,1.2861709224296249e-47,1.2861709224296257e-47,7.2925960287435254e-63,7.2925960287435254e-63
state,218,2.3635667473888293e-47,2.3635667473888332e-47,3.8893845486632136e-62,3.8893845486632136e-62
state,219,1.2692915038176526e-47,1.2692915038176538e-47,1.2154326714572542e-62,1.2154326714572542e-62
state,220,2.3469567441047188e-47,2.3469567441047213e-47,2.4308653429145085e-62,2.4308653429145085e-62
state,221,1.2599929608904886e-47,1.2599929608904899e-47,1.2154326714572542e-62,1.2154326714572542e-62
state,222,1002.2696253560504,1002.2696253560504,0,0
state,223,2.5724424388288106e-49,2.5724424388288106e-49,0,0
state,224,4.6587114977848934e-49,4.6587114977848972e-49,3.7982270983039195e-64,3.7982270983039195e-64
state,225,2.5395953931457931e-49,2.5395953931457931e-49,0,0
state,226,4.6270159520459517e-49,4.6270159520459525e-49,7.596454196607839e-65,7.596454196607839e-65
state,227,2.5215381488984896e-49,2.5215381488984896e-49,0,0
state,228,1002.2696253560504,1002.2696253560504,0,0
state,229,4.9933250623145642e-51,4.9933250623145832e-51,1.8991135491519597e-65,1.8991135491519597e-65
state,230,8.9178033011194903e-51,8.9178033011195271e-51,3.679532501481922e-65,3.679532501481922e-65
state,231,4.9312387172876898e-51,4.931238717287707e-51,1.7210716539189635e-65,1.7210716539189635e-65
state,232,8.8590091493746919e-51,8.8590091493747251e-51,3.3234487110159296e-65,3.3234487110159296e-65
state,233,4.8971765173903367e-51,4.8971765173903556e-51,1.8991135491519597e-65,1.8991135491519597e-65
state,234,1002.2696253560504,1002.2696253560504,0,0
state,235,9.4146531327834759e-53,9.4146531327835018e-53,2.596444305481195e-67,2.596444305481195e-67
state,236,1.6591959339646283e-52,1.6591959339646337e-52,5.378348918496761e-67,5.378348918496761e-67
state,237,9.3005750413394397e-53,9.3005750413394638e-53,2.4109839979468239e-67,2.4109839979468239e-67
state,238,1.6485861599068341e-52,1.648586159906839e-52,4.8219679958936478e-67,4.8219679958936478e-67
state,239,9.2381120272859115e-53,9.2381120272859356e-53,2.4109839979468239e-67,2.4109839979468239e-67
state,240,1002.2696253560504,1002.2696253560504,0,0
state,241,1.7256021443121415e-54,1.7256021443121447e-54,3.1875990357470028e-69,3.1875990357470028e-69
state,242,3.0027448217426336e-54,3.0027448217426417e-54,8.1138884546287343e-69,8.1138884546287343e-69
state,243,1.7052110647934728e-54,1.7052110647934757e-54,2.897817305224548e-69,2.897817305224548e-69
state,244,2.9841057923709499e-54,2.9841057923709568e-54,6.9547615325389151e-69,6.9547615325389151e-69
state,245,1.6940674385798083e-54,1.6940674385798112e-54,2.897817305224548e-69,2.897817305224548e-69
state,246,1002.2696253560504,1002.2696253560504,0,0
state,247,3.0770228051515291e-56,3.0770228051515318e-56,2.7167037236480137e-71,2.7167037236480137e-71
state,248,5.2897467126384177e-56,5.289746712638425e-56,7.2445432630613699e-71,7.2445432630613699e-71
state,249,3.0415400414682312e-56,3.0415400414682343e-56,3.1694876775893493e-71,3.1694876775893493e-71
state,250,5.257847717933703e-56,5.2578477179337103e-56,7.2445432630613699e-71,7.2445432630613699e-71
state,251,3.0221851926639758e-56,3.0221851926639781e-56,2.2639197697066781e-71,2.2639197697066781e-71
state,252,1002.2696253560504,1002.2696253560504,0,0
state,253,5.3418066972178683e-58,5.341806697217869e-58,7.074749280333369e-74,7.074749280333369e-74
state,254,9.0770515529790898e-58,9.0770515529790941e-58,4.2448495682000214e-73,4.2448495682000214e-73
state,255,5.2816581724520082e-58,5.281658172452011e-58,2.8298997121333476e-73,2.8298997121333476e-73
state,256,9.0238354910415228e-58,9.0238354910415285e-58,5.6597994242666952e-73,5.6597994242666952e-73
state,257,5.2489088282502272e-58,5.2489088282502279e-58,7.074749280333369e-74,7.074749280333369e-74
state,258,1002.2696253560504,1002.2696253560504,0,0
state,259,9.0346230421934312e-60,9.0346230421934257e-60,5.5271478752604446e-75,5.5271478752604446e-75
state,260,1.5182048608773694e-59,1.518204860877369e-59,4.4217183002083556e-75,4.4217183002083556e-75
state,261,8.935233894674012e-60,8.9352338946740109e-60,1.1054295750520889e-75,1.1054295750520889e-75
state,262,1.5095455854407335e-59,1.5095455854407335e-59,0,0
state,263,8.8812157066116136e-60,8.8812157066116059e-60,7.7380070253646224e-75,7.7380070253646224e-75
state,264,1002.2696253560504,1002.2696253560504,0,0
state,265,1.4896281227150627e-61,1.489628122715061e-61,1.7272337110188889e-76,1.7272337110188889e-76
state,266,2.4766199879860926e-61,2.4766199879860892e-61,3.4544674220377779e-76,3.4544674220377779e-76
state,267,1.473609625055826e-61,1.4736096250558248e-61,1.2090635977132222e-76,1.2090635977132222e-76
state,268,2.4628687645454987e-61,2.462868764545496e-61,2.7635739376302223e-76,2.7635739376302223e-76
state,269,1.4649187541844382e-61,1.4649187541844355e-61,2.7635739376302223e-76,2.7635739376302223e-76
state,270,1002.2696253560504,1002.2696253560504,0,0
state,271,2.3958456443442703e-63,2.3958456443442651e-63,5.1277250795873265e-78,5.1277250795873265e-78
state,272,3.9426316629093075e-63,3.9426316629092994e-63,8.0964080204010418e-78,8.0964080204010418e-78
state,273,2.3706501357769535e-63,2.3706501357769486e-63,4.8578448122406251e-78,4.8578448122406251e-78
state,274,3.9213081928343994e-63,3.9213081928343923e-63,7.0168869510142363e-78,7.0168869510142363e-78
state,275,2.3570036407768161e-63,2.3570036407768101e-63,5.9373658816274307e-78,5.9373658816274307e-78
state,276,1002.2696253560504,1002.2696253560504,0,0
state,277,3.761029888211188e-65,3.7610298882111766e-65,1.1385573778688965e-79,1.1385573778688965e-79
state,278,6.1284813754347798e-65,6.1284813754347612e-65,1.8554268380085721e-79,1.8554268380085721e-79
state,279,3.7223325640534971e-65,3.722332564053487e-65,1.0120510025501302e-79,1.0120510025501302e-79
state,280,6.0961774105221081e-65,6.0961774105220921e-65,1.6024140873710395e-79,1.6024140873710395e-79
state,281,3.7014082888085868e-65,3.7014082888085746e-65,1.2228949614147407e-79,1.2228949614147407e-79
state,282,1002.2696253560504,1002.2696253560504,0,0
state,283,5.7658466598147152e-67,5.7658466598146935e-67,2.1743283257912954e-81,2.1743283257912954e-81
state,284,9.3065730356892141e-67,9.3065730356891785e-67,3.5579918058403016e-81,3.5579918058403016e-81
state,285,5.7077806250151358e-67,5.7077806250151153e-67,2.0425508515009139e-81,2.0425508515009139e-81
state,286,9.2587376242888056e-67,9.2587376242887779e-67,2.7673269600980123e-81,2.7673269600980123e-81
state,287,5.6764349772795303e-67,5.6764349772795066e-67,2.3719945372268677e-81,2.3719945372268677e-81
state,288,1002.2696253560504,1002.2696253560504,0,0
state,289,8.6368918156137852e-69,8.6368918156138243e-69,3.912143767995702e-83,3.912143767995702e-83
state,290,1.3813908149386918e-68,1.381390814938698e-68,6.1770691073616347e-83,6.1770691073616347e-83
state,291,8.551726343309382e-69,8.5517263433094201e-69,3.8091926162063414e-83,3.8091926162063414e-83
state,292,1.3744638392873212e-68,1.3744638392873284e-68,7.2065806252552405e-83,7.2065806252552405e-83
state,293,8.5058258394097957e-69,8.5058258394098287e-69,3.2944368572595385e-83,3.2944368572595385e-83
state,294,1002.2696253560504,1002.2696253560504,0,0
state,295,1.2647619617794585e-70,1.2647619617794632e-70,4.6649740654554012e-85,4.6649740654554012e-85
state,296,2.0051305792101534e-70,2.0051305792101604e-70,7.0778916855185398e-85,7.0778916855185398e-85
state,297,1.2525464341041978e-70,1.2525464341042021e-70,4.3432517161136494e-85,4.3432517161136494e-85
state,298,1.9953168505833512e-70,1.9953168505833602e-70,9.0082257815690506e-85,9.0082257815690506e-85
state,299,1.2459732262916948e-70,1.2459732262916987e-70,3.8606681921010217e-85,3.8606681921010217e-85
state,300,1002.2696253560504,1002.2696253560504,0,0
state,301,1.8114470971109666e-72,1.8114470971109719e-72,5.2782572938881156e-87,5.2782572938881156e-87
state,302,2.8475282312569455e-72,2.847528231256954e-72,8.5457499043902824e-87,8.5457499043902824e-87
state,303,1.7943049072672608e-72,1.7943049072672661e-72,5.2782572938881156e-87,5.2782572938881156e-87
state,304,2.8339198004843529e-72,2.8339198004843625e-72,9.5511322460832568e-87,9.5511322460832568e-87
state,305,1.785095019297912e-72,1.7850950192979162e-72,4.2728749521951412e-87,4.2728749521951412e-87
state,306,0,0,0,0
state,307,0.0033737490299506597,0.0033737490299506597,0,0
state,308,0.0041897355717286679,0.0041897355717286679,0,0
state,309,0.0051207725526028229,0.0051207725526028229,0,0
state,310,0.0058180463402451492,0.0058180463402451492,0,0
state,311,0.006962420325215846,0.006962420325215846,0,0
state,312,0,0,0,0
state,313,0.0038932015410093009,0.0038932015410093009,0,0
state,314,0.0042397991726512438,0.0042397991726512438,0,0
state,315,0.0048170343871084082,0.0048170343871084082,0,0
state,316,0.0049441346907078826,0.0049441346907078826,0,0
state,317,0.0055263288135692428,0.0055263288135692428,0,0
state,318,0,0,0,0
state,319,0.0025866381661517309,0.00258663816615173,8.6736173798840355e-19,8.6736173798840355e-19
state,320,0.0023619875691385734,0.0023619875691385729,4.3368086899420177e-19,4.3368086899420177e-19
state,321,0.0025291642438742667,0.0025291642438742667,0,0
state,322,0.0023243399877692929,0.0023243399877692929,0,0
state,323,0.0024645874870506939,0.0024645874870506939,0,0
state,324,0,0,0,0
state,325,0.00019826755156645334,0.00019826755156645334,0,0
state,326,0.0002142701460839606,0.0002142701460839606,0,0
state,327,0.00017930532262184517,0.00017930532262184506,1.0842021724855044e-19,1.0842021724855044e-19
state,328,0.00020067166570919472,0.00020067166570919461,1.0842021724855044e-19,1.0842021724855044e-19
state,329,0.00016787689550054938,0.00016787689550054938,0,0
state,330,0,0,0,0
state,331,5.0210817395728984e-06,5.0210817395728958e-06,2.541098841762901e-21,2.541098841762901e-21
state,332,7.8400990022383713e-06,7.8400990022383679e-06,3.3881317890172014e-21,3.3881317890172014e-21
state,333,4.536890751253321e-06,4.5368907512533176e-06,3.3881317890172014e-21,3.3881317890172014e-21
state,334,7.3422971617035534e-06,7.3422971617035483e-06,5.082197683525802e-21,5.082197683525802e-21
state,335,4.2495766651549531e-06,4.2495766651549514e-06,1.6940658945086007e-21,1.6940658945086007e-21
state,336,0,0,0,0
state,337,1.1931708368642239e-07,1.1931708368642236e-07,2.6469779601696886e-23,2.6469779601696886e-23
state,338,2.6707206360965587e-07,2.6707206360965582e-07,5.2939559203393771e-23,5.2939559203393771e-23
state,339,1.0814352013362811e-07,1.0814352013362807e-07,3.9704669402545328e-23,3.9704669402545328e-23
state,340,2.5087866700320646e-07,2.5087866700320625e-07,2.1175823681357508e-22,2.1175823681357508e-22
state,341,1.0151601265493645e-07,1.0151601265493642e-07,2.6469779601696886e-23,2.6469779601696886e-23
state,342,0,0,0,0
state,343,2.8254655786403301e-09,2.8254655786403301e-09,0,0
state,344,9.0151663482327097e-09,9.0151663482327097e-09,0,0
state,345,2.5690050270962846e-09,2.5690050270962842e-09,4.1359030627651384e-25,4.1359030627651384e-25
state,346,8.4950787463570044e-09,8.4950787463570044e-09,0,0
state,347,2.4168914959975646e-09,2.4168914959975646e-09,0,0
state,348,0,0,0,0
state,349,6.6373039892512645e-11,6.637303989251258e-11,6.4623485355705287e-26,6.4623485355705287e-26
state,350,3.0051053652770978e-10,3.0051053652770957e-10,2.0679515313825692e-25,2.0679515313825692e-25
state,351,6.0520980191465634e-11,6.0520980191465543e-11,9.0472879497987402e-26,9.0472879497987402e-26
state,352,2.8399833648757016e-10,2.839983364875698e-10,3.6189151799194961e-25,3.6189151799194961e-25
state,353,5.7049897015296429e-11,5.7049897015296351e-11,7.7548182426846345e-26,7.7548182426846345e-26
state,354,0,0,0,0
state,355,0,0,0,0
state,356,0,0,0,0
state,357,0,0,0,0
state,358,0,0,0,0
state,359,0,0,0,0
state,360,0,0,0,0
state,361,0,0,0,0
state,362,0,0,0,0
state,363,0,0,0,0
state,364,0,0,0,0
state,365,0,0,0,0
state,366,0,0,0,0
state,367,0,0,0,0
state,368,0,0,0,0
state,369,0,0,0,0
state,370,0,0,0,0
state,371,0,0,0,0
state,372,0,0,0,0
state,373,0,0,0,0
state,374,0,0,0,0
state,375,0,0,0,0
state,376,0,0,0,0
state,377,0,0,0,0
state,378,0,0,0,0
state,379,0,0,0,0
state,380,0,0,0,0
state,381,0,0,0,0
state,382,0,0,0,0
state,383,0,0,0,0
state,384,0,0,0,0
state,385,0,0,0,0
state,386,0,0,0,0
state,387,0,0,0,0
state,388,0,0,0,0
state,389,0,0,0,0
state,390,0,0,0,0
state,391,0,0,0,0
state,392,0,0,0,0
state,393,0,0,0,0
state,394,0,0,0,0
state,395,0,0,0,0
state,396,0,0,0,0
state,397,0,0,0,0
state,398,0,0,0,0
state,399,0,0,0,0
state,400,0,0,0,0
state,401,0,0,0,0
state,402,0,0,0,0
state,403,0,0,0,0
state,404,0,0,0,0
state,405,0,0,0,0
state,406,0,0,0,0
state,407,0,0,0,0
state,408,0,0,0,0
state,409,0,0,0,0
state,410,0,0,0,0
state,411,0,0,0,0
state,412,0,0,0,0
state,413,0,0,0,0
state,414,0,0,0,0
state,415,0,0,0,0
state,416,0,0,0,0
state,417,0,0,0,0
state,418,0,0,0,0
state,419,0,0,0,0
state,420,0,0,0,0
state,421,0,0,0,0
state,422,0,0,0,0
state,423,0,0,0,0
state,424,0,0,0,0
state,425,0,0,0,0
state,426,0,0,0,0
state,427,0,0,0,0
state,428,0,0,0,0
state,429,0,0,0,0
state,430,0,0,0,0
state,431,0,0,0,0
state,432,0,0,0,0
state,433,0,0,0,0
state,434,0,0,0,0
state,435,0,0,0,0
state,436,0,0,0,0
state,437,0,0,0,0
state,438,0,0,0,0
state,439,0,0,0,0
state,440,0,0,0,0
state,441,0,0,0,0
state,442,0,0,0,0
state,443,0,0,0,0
state,444,0,0,0,0
state,445,0,0,0,0
state,446,0,0,0,0
state,447,0,0,0,0
state,448,0,0,0,0
state,449,0,0,0,0
state,450,0,0,0,0
state,451,0,0,0,0
state,452,0,0,0,0
state,453,0,0,0,0
state,454,0,0,0,0
state,455,0,0,0,0
state,456,0,0,0,0
state,457,0,0,0,0
state,458,0,0,0,0
state,459,0,0,0,0
state,460,0,0,0,0
state,461,0,0,0,0
state,462,0,0,0,0
state,463,0,0,0,0
state,464,0,0,0,0
state,465,0,0,0,0
state,466,0,0,0,0
state,467,0,0,0,0
state,468,0,0,0,0
state,469,0,0,0,0
state,470,0,0,0,0
state,471,0,0,0,0
state,472,0,0,0,0
state,473,0,0,0,0
state,474,0,0,0,0
state,475,0,0,0,0
state,476,0,0,0,0
state,477,0,0,0,0
state,478,0,0,0,0
state,479,0,0,0,0
state,480,0,0,0,0
state,481,0,0,0,0
state,482,0,0,0,0
state,483,0,0,0,0
state,484,0,0,0,0
state,485,0,0,0,0
state,486,0,0,0,0
state,487,0,0,0,0
state,488,0,0,0,0
state,489,0,0,0,0
state,490,0,0,0,0
state,491,0,0,0,0
state,492,0,0,0,0
state,493,0,0,0,0
state,494,0,0,0,0
state,495,0,0,0,0
state,496,0,0,0,0
state,497,0,0,0,0
state,498,0,0,0,0
state,499,0,0,0,0
state,500,0,0,0,0
state,501,0,0,0,0
state,502,0,0,0,0
state,503,0,0,0,0
state,504,0,0,0,0
state,505,0,0,0,0
state,506,0,0,0,0
state,507,0,0,0,0
state,508,0,0,0,0
state,509,0,0,0,0
state,510,0,0,0,0
state,511,0,0,0,0
state,512,0,0,0,0
state,513,0,0,0,0
state,514,0,0,0,0
state,515,0,0,0,0
state,516,0,0,0,0
state,517,0,0,0,0
state,518,0,0,0,0
state,519,0,0,0,0
state,520,0,0,0,0
state,521,0,0,0,0
state,522,0,0,0,0
state,523,0,0,0,0
state,524,0,0,0,0
state,525,0,0,0,0
state,526,0,0,0,0
state,527,0,0,0,0
state,528,0,0,0,0
state,529,0,0,0,0
state,530,0,0,0,0
state,531,0,0,0,0
state,532,0,0,0,0
state,533,0,0,0,0
state,534,0,0,0,0
state,535,0,0,0,0
state,536,0,0,0,0
state,537,0,0,0,0
state,538,0,0,0,0
state,539,0,0,0,0
state,540,0,0,0,0
state,541,0,0,0,0
state,542,0,0,0,0
state,543,0,0,0,0
state,544,0,0,0,0
state,545,0,0,0,0
state,546,0,0,0,0
state,547,0,0,0,0
state,548,0,0,0,0
state,549,0,0,0,0
state,550,0,0,0,0
state,551,0,0,0,0
state,552,0,0,0,0
state,553,0,0,0,0
state,554,0,0,0,0
state,555,0,0,0,0
state,556,0,0,0,0
state,557,0,0,0,0
state,558,0,0,0,0
state,559,0,0,0,0
state,560,0,0,0,0
state,561,0,0,0,0
state,562,0,0,0,0
state,563,0,0,0,0
state,564,0,0,0,0
state,565,0,0,0,0
state,566,0,0,0,0
state,567,0,0,0,0
state,568,0,0,0,0
state,569,0,0,0,0
state,570,0,0,0,0
state,571,0,0,0,0
state,572,0,0,0,0
state,573,0,0,0,0
state,574,0,0,0,0
state,575,0,0,0,0
state,576,0,0,0,0
state,577,0,0,0,0
state,578,0,0,0,0
state,579,0,0,0,0
state,580,0,0,0,0
state,581,0,0,0,0
state,582,0,0,0,0
state,583,0,0,0,0
state,584,0,0,0,0
state,585,0,0,0,0
state,586,0,0,0,0
state,587,0,0,0,0
state,588,0,0,0,0
state,589,0,0,0,0
state,590,0,0,0,0
state,591,0,0,0,0
state,592,0,0,0,0
state,593,0,0,0,0
state,594,0,0,0,0
state,595,0,0,0,0
state,596,0,0,0,0
state,597,0,0,0,0
state,598,0,0,0,0
state,599,0,0,0,0
state,600,0,0,0,0
state,601,0,0,0,0
state,602,0,0,0,0
state,603,0,0,0,0
state,604,0,0,0,0
state,605,0,0,0,0
state,606,0,0,0,0
state,607,0,0,0,0
state,608,0,0,0,0
state,609,0,0,0,0
state,610,0,0,0,0
state,611,0,0,0,0
state,612,0,0,0,0
state,613,3.6518713224897283e-06,3.6518713224897283e-06,0,0
state,614,5.9339960668392802e-06,5.9339960668392802e-06,0,0
state,615,9.0068225208589281e-06,9.0068225208589281e-06,0,0
state,616,1.2848504781434931e-05,1.2848504781434931e-05,0,0
state,617,1.718952522422314e-05,1.718952522422314e-05,0,0
state,618,0,0,0,0
state,619,8.2756872370158488e-12,8.2756872370158456e-12,3.2311742677852644e-27,3.2311742677852644e-27
state,620,1.17939480997426e-11,1.1793948099742606e-11,6.4623485355705287e-27,6.4623485355705287e-27
state,621,1.5326791514431519e-11,1.5326791514431519e-11,0,0
state,622,2.0324162680562302e-11,2.0324162680562302e-11,0,0
state,623,2.401894081459875e-11,2.401894081459875e-11,0,0
state,624,0,0,0,0
state,625,1.1300024232721079e-13,1.1300024232721074e-13,5.0487097934144756e-29,5.0487097934144756e-29
state,626,2.0485855190305324e-13,2.0485855190305327e-13,2.5243548967072378e-29,2.5243548967072378e-29
state,627,1.5846980671752855e-13,1.5846980671752837e-13,1.7670484276950664e-28,1.7670484276950664e-28
state,628,2.9181101394646169e-13,2.9181101394646144e-13,2.5243548967072378e-28,2.5243548967072378e-28
state,629,2.1667581541179738e-13,2.1667581541179723e-13,1.5146129380243427e-28,1.5146129380243427e-28
state,630,0,0,0,0
state,631,9.2298122188398423e-17,9.229812218839841e-17,1.2325951644078309e-32,1.2325951644078309e-32
state,632,3.3656336214861791e-16,3.3656336214861791e-16,0,0
state,633,1.2516269585085241e-16,1.2516269585085239e-16,2.4651903288156619e-32,2.4651903288156619e-32
state,634,4.6978499987861748e-16,4.6978499987861718e-16,2.9582283945787943e-31,2.9582283945787943e-31
state,635,1.6929643877313318e-16,1.6929643877313318e-16,0,0
state,636,0,0,0,0
state,637,5.1834211486206028e-20,5.1834211486205992e-20,3.6111186457260672e-35,3.6111186457260672e-35
state,638,3.8497209858799849e-19,3.849720985879982e-19,2.8888949165808538e-34,2.8888949165808538e-34
state,639,7.0618081884809784e-20,7.0618081884809724e-20,6.018531076210112e-35,6.018531076210112e-35
state,640,5.4008727432245601e-19,5.4008727432245543e-19,5.7777898331617076e-34,5.7777898331617076e-34
state,641,9.5874528293855924e-20,9.5874528293855888e-20,3.6111186457260672e-35,3.6111186457260672e-35
state,642,0,0,0,0
state,643,2.8604588067812761e-23,2.8604588067812749e-23,1.1754943508222875e-38,1.1754943508222875e-38
state,644,4.2849430648457294e-22,4.2849430648457276e-22,1.88079096131566e-37,1.88079096131566e-37
state,645,3.9202660902586606e-23,3.9202660902586576e-23,2.9387358770557188e-38,2.9387358770557188e-38
state,646,6.0470743888069981e-22,6.0470743888069925e-22,5.64237288394698e-37,5.64237288394698e-37
state,647,5.3444676401010465e-23,5.3444676401010465e-23,0,0
state,648,0,0,0,0
state,649,1.579769173096712e-26,1.579769173096712e-26,0,0
state,650,4.7025733081841067e-25,4.7025733081841085e-25,1.8367099231598242e-40,1.8367099231598242e-40
state,651,2.1790429210228099e-26,2.1790429210228107e-26,8.6095777648116761e-42,8.6095777648116761e-42
state,652,6.6762092880769355e-25,6.6762092880769337e-25,1.8367099231598242e-40,1.8367099231598242e-40
state,653,2.9839178351670632e-26,2.9839178351670632e-26,0,0
state,654,0,0,0,0
state,655,1.3247903784146711e-29,1.3247903784146686e-29,2.5223372357846707e-44,2.5223372357846707e-44
state,656,6.3731875326174891e-28,6.3731875326174748e-28,1.4349296274686127e-42,1.4349296274686127e-42
state,657,1.8651248893709027e-29,1.8651248893709002e-29,2.5223372357846707e-44,2.5223372357846707e-44
state,658,9.151189432003807e-28,9.1511894320037855e-28,2.152394441202919e-42,2.152394441202919e-42
state,659,2.5896333037543465e-29,2.5896333037543403e-29,6.1657132430291951e-44,6.1657132430291951e-44
state,660,0,0,0,0
state,661,0,0,0,0
state,662,0,0,0,0
state,663,0,0,0,0
state,664,0,0,0,0
state,665,0,0,0,0
state,666,0,0,0,0
state,667,0,0,0,0
state,668,0,0,0,0
state,669,0,0,0,0
state,670,0,0,0,0
state,671,0,0,0,0
state,672,0,0,0,0
state,673,0,0,0,0
state,674,0,0,0,0
state,675,0,0,0,0
state,676,0,0,0,0
state,677,0,0,0,0
state,678,0,0,0,0
state,679,0,0,0,0
state,680,0,0,0,0
state,681,0,0,0,0
state,682,0,0,0,0
state,683,0,0,0,0
state,684,0,0,0,0
state,685,0,0,0,0
state,686,0,0,0,0
state,687,0,0,0,0
state,688,0,0,0,0
state,689,0,0,0,0
state,690,0,0,0,0
state,691,0,0,0,0
state,692,0,0,0,0
state,693,0,0,0,0
state,694,0,0,0,0
state,695,0,0,0,0
state,696,0,0,0,0
state,697,0,0,0,0
state,698,0,0,0,0
state,699,0,0,0,0
state,700,0,0,0,0
state,701,0,0,0,0
state,702,0,0,0,0
state,703,0,0,0,0
state,704,0,0,0,0
state,705,0,0,0,0
state,706,0,0,0,0
state,707,0,0,0,0
state,708,0,0,0,0
state,709,0,0,0,0
state,710,0,0,0,0
state,711,0,0,0,0
state,712,0,0,0,0
state,713,0,0,0,0
state,714,0,0,0,0
state,715,0,0,0,0
state,716,0,0,0,0
state,717,0,0,0,0
state,718,0,0,0,0
state,719,0,0,0,0
state,720,0,0,0,0
state,721,0,0,0,0
state,722,0,0,0,0
state,723,0,0,0,0
state,724,0,0,0,0
state,725,0,0,0,0
state,726,0,0,0,0
state,727,0,0,0,0
state,728,0,0,0,0
state,729,0,0,0,0
state,730,0,0,0,0
state,731,0,0,0,0
state,732,0,0,0,0
state,733,0,0,0,0
state,734,0,0,0,0
state,735,0,0,0,0
state,736,0,0,0,0
state,737,0,0,0,0
state,738,0,0,0,0
state,739,0,0,0,0
state,740,0,0,0,0
state,741,0,0,0,0
state,742,0,0,0,0
state,743,0,0,0,0
state,744,0,0,0,0
state,745,0,0,0,0
state,746,0,0,0,0
state,747,0,0,0,0
state,748,0,0,0,0
state,749,0,0,0,0
state,750,0,0,0,0
state,751,0,0,0,0
state,752,0,0,0,0
state,753,0,0,0,0
state,754,0,0,0,0
state,755,0,0,0,0
state,756,0,0,0,0
state,757,0,0,0,0
state,758,0,0,0,0
state,759,0,0,0,0
state,760,0,0,0,0
state,761,0,0,0,0
state,762,0,0,0,0
state,763,0,0,0,0
state,764,0,0,0,0
state,765,0,0,0,0
state,766,0,0,0,0
state,767,0,0,0,0
state,768,0,0,0,0
state,769,0,0,0,0
state,770,0,0,0,0
state,771,0,0,0,0
state,772,0,0,0,0
state,773,0,0,0,0
state,774,0,0,0,0
state,775,0,0,0,0
state,776,0,0,0,0
state,777,0,0,0,0
state,778,0,0,0,0
state,779,0,0,0,0
state,780,0,0,0,0
state,781,0,0,0,0
state,782,0,0,0,0
state,783,0,0,0,0
state,784,0,0,0,0
state,785,0,0,0,0
state,786,0,0,0,0
state,787,0,0,0,0
state,788,0,0,0,0
state,789,0,0,0,0
state,790,0,0,0,0
state,791,0,0,0,0
state,792,0,0,0,0
state,793,0,0,0,0
state,794,0,0,0,0
state,795,0,0,0,0
state,796,0,0,0,0
state,797,0,0,0,0
state,798,0,0,0,0
state,799,0,0,0,0
state,800,0,0,0,0
state,801,0,0,0,0
state,802,0,0,0,0
state,803,0,0,0,0
state,804,0,0,0,0
state,805,0,0,0,0
state,806,0,0,0,0
state,807,0,0,0,0
state,808,0,0,0,0
state,809,0,0,0,0
state,810,0,0,0,0
state,811,0,0,0,0
state,812,0,0,0,0
state,813,0,0,0,0
state,814,0,0,0,0
state,815,0,0,0,0
state,816,0,0,0,0
state,817,0,0,0,0
state,818,0,0,0,0
state,819,0,0,0,0
state,820,0,0,0,0
state,821,0,0,0,0
state,822,0,0,0,0
state,823,0,0,0,0
state,824,0,0,0,0
state,825,0,0,0,0
state,826,0,0,0,0
state,827,0,0,0,0
state,828,0,0,0,0
state,829,0,0,0,0
state,830,0,0,0,0
state,831,0,0,0,0
state,832,0,0,0,0
state,833,0,0,0,0
state,834,0,0,0,0
state,835,0,0,0,0
state,836,0,0,0,0
state,837,0,0,0,0
state,838,0,0,0,0
state,839,0,0,0,0
state,840,0,0,0,0
state,841,0,0,0,0
state,842,0,0,0,0
state,843,0,0,0,0
state,844,0,0,0,0
state,845,0,0,0,0
state,846,0,0,0,0
state,847,0,0,0,0
state,848,0,0,0,0
state,849,0,0,0,0
state,850,0,0,0,0
state,851,0,0,0,0
state,852,0,0,0,0
state,853,0,0,0,0
state,854,0,0,0,0
state,855,0,0,0,0
state,856,0,0,0,0
state,857,0,0,0,0
state,858,0,0,0,0
state,859,0,0,0,0
state,860,0,0,0,0
state,861,0,0,0,0
state,862,0,0,0,0
state,863,0,0,0,0
state,864,0,0,0,0
state,865,0,0,0,0
state,866,0,0,0,0
state,867,0,0,0,0
state,868,0,0,0,0
state,869,0,0,0,0
state,870,0,0,0,0
state,871,0,0,0,0
state,872,0,0,0,0
state,873,0,0,0,0
state,874,0,0,0,0
state,875,0,0,0,0
state,876,0,0,0,0
state,877,0,0,0,0
state,878,0,0,0,0
state,879,0,0,0,0
state,880,0,0,0,0
state,881,0,0,0,0
state,882,0,0,0,0
state,883,0,0,0,0
state,884,0,0,0,0
state,885,0,0,0,0
state,886,0,0,0,0
state,887,0,0,0,0
state,888,0,0,0,0
state,889,0,0,0,0
state,890,0,0,0,0
state,891,0,0,0,0
state,892,0,0,0,0
state,893,0,0,0,0
state,894,0,0,0,0
state,895,0,0,0,0
state,896,0,0,0,0
state,897,0,0,0,0
state,898,0,0,0,0
state,899,0,0,0,0
state,900,0,0,0,0
state,901,0,0,0,0
state,902,0,0,0,0
state,903,0,0,0,0
state,904,0,0,0,0
state,905,0,0,0,0
state,906,0,0,0,0
state,907,0,0,0,0
state,908,0,0,0,0
state,909,0,0,0,0
state,910,0,0,0,0
state,911,0,0,0,0
state,912,0,0,0,0
state,913,0,0,0,0
state,914,0,0,0,0
state,915,0,0,0,0
state,916,0,0,0,0
state,917,0,0,0,0
state,918,701.58873774923518,701.58873774923518,0,0
state,919,60.136176557823397,60.136176557823397,0,0
state,920,60.136175955663859,60.136175955663859,0,0
state,921,60.136175144840976,60.136175144840976,0,0
state,922,60.136174131093497,60.136174131093497,0,0
state,923,60.136172985516737,60.136172985516737,0,0
state,924,1002.2696253560504,1002.2696253560504,0,0
state,925,5.1993385402308414,5.1993385402308387,2.6645352591003757e-15,5.1247581562213009e-16
state,926,5.1034605598989051,5.1034605598989051,0,0
state,927,4.9192833946754106,4.9192833946754106,0,0
state,928,4.8940964569509298,4.8940964569509298,0,0
state,929,4.7084388084077089,4.7084388084077089,0,0
state,930,1002.2696253560504,1002.2696253560504,0,0
state,931,0.34460532848572972,0.34460532848572956,1.6653345369377348e-16,1.6653345369377348e-16
state,932,0.39849401799031586,0.39849401799031575,1.1102230246251565e-16,1.1102230246251565e-16
state,933,0.30982445101139644,0.30982445101139622,2.2204460492503131e-16,2.2204460492503131e-16
state,934,0.37114219910686058,0.37114219910686036,2.2204460492503131e-16,2.2204460492503131e-16
state,935,0.28890711146644787,0.28890711146644771,1.6653345369377348e-16,1.6653345369377348e-16
state,936,1002.2696253560504,1002.2696253560504,0,0
state,937,0.0087537886245557806,0.0087537886245557771,3.4694469519536142e-18,3.4694469519536142e-18
state,938,0.01464865387458469,0.014648653874584678,1.214306433183765e-17,1.214306433183765e-17
state,939,0.0078679460183293196,0.0078679460183293162,3.4694469519536142e-18,3.4694469519536142e-18
state,940,0.013653228596440796,0.013653228596440792,3.4694469519536142e-18,3.4694469519536142e-18
state,941,0.0073422925102875573,0.0073422925102875564,8.6736173798840355e-19,8.6736173798840355e-19
state,942,1002.2696253560504,1002.2696253560504,0,0
state,943,0.0002087248505862257,0.00020872485058622564,5.4210108624275222e-20,5.4210108624275222e-20
state,944,0.00050380904274826307,0.00050380904274826286,2.1684043449710089e-19,2.1684043449710089e-19
state,945,0.0001881922934536516,0.00018819229345365149,1.0842021724855044e-19,1.0842021724855044e-19
state,946,0.00047107715831508714,0.00047107715831508666,4.87890977618477e-19,4.87890977618477e-19
state,947,0.0001760130237170515,0.0001760130237170515,0,0
state,948,1002.2696253560504,1002.2696253560504,0,0
state,949,4.9620558077240969e-06,4.9620558077240969e-06,0,0
state,950,1.719321624231471e-05,1.719321624231471e-05,0,0
state,951,4.4884449137056706e-06,4.4884449137056672e-06,3.3881317890172014e-21,3.3881317890172014e-21
state,952,1.6128849305027408e-05,1.6128849305027404e-05,3.3881317890172014e-21,3.3881317890172014e-21
state,953,4.2075222118345123e-06,4.2075222118345106e-06,1.6940658945086007e-21,1.6940658945086007e-21
state,954,1002.2696253560504,1002.2696253560504,0,0
state,955,1.1789253615566476e-07,1.1789253615566473e-07,2.6469779601696886e-23,2.6469779601696886e-23
state,956,5.8316524970777271e-07,5.8316524970777271e-07,0,0
state,957,1.06997405111182e-07,1.0699740511118197e-07,2.6469779601696886e-23,2.6469779601696886e-23
state,958,5.4885247296734372e-07,5.4885247296734362e-07,1.0587911840678754e-22,1.0587911840678754e-22
state,959,1.0053507941456256e-07,1.0053507941456256e-07,0,0
state,960,1002.2696253560504,1002.2696253560504,0,0
state,961,3.1517678320772902e-09,3.1517678320772877e-09,2.481541837659083e-24,2.481541837659083e-24
state,962,2.0810423579648589e-08,2.0810423579648569e-08,1.9852334701272664e-23,1.9852334701272664e-23
state,963,2.8902752786885239e-09,2.8902752786885218e-09,2.0679515313825692e-24,2.0679515313825692e-24
state,964,1.9693401457487685e-08,1.9693401457487658e-08,2.6469779601696886e-23,2.6469779601696886e-23
state,965,2.7353027417927122e-09,2.7353027417927081e-09,4.1359030627651384e-24,4.1359030627651384e-24
state,966,1002.2696253560504,1002.2696253560504,0,0
state,967,5.2095924561144713e-10,5.2095924561144713e-10,0,0
state,968,3.0007299294698419e-09,3.0007299294698406e-09,1.2407709188295415e-24,1.2407709188295415e-24
state,969,4.8711558641439277e-10,4.8711558641439266e-10,1.0339757656912846e-25,1.0339757656912846e-25
state,970,2.8731402912461461e-09,2.8731402912461432e-09,2.8951321439355969e-24,2.8951321439355969e-24
state,971,4.6709442543964686e-10,4.6709442543964645e-10,4.1359030627651384e-25,4.1359030627651384e-25
state,972,1002.2696253560504,1002.2696253560504,0,0
state,973,7.1773625103889019e-11,7.1773625103889084e-11,6.4623485355705287e-26,6.4623485355705287e-26
state,974,3.6198782999792637e-10,3.6198782999792627e-10,1.0339757656912846e-25,1.0339757656912846e-25
state,975,6.7961505234851762e-11,6.7961505234851724e-11,3.8774091213423172e-26,3.8774091213423172e-26
state,976,3.4939437053653085e-10,3.4939437053653044e-10,4.1359030627651384e-25,4.1359030627651384e-25
state,977,6.5712435653283791e-11,6.5712435653283791e-11,0,0
state,978,1002.2696253560504,1002.2696253560504,0,0
state,979,8.2246562583611009e-12,8.2246562583611058e-12,4.8467614016778965e-27,4.8467614016778965e-27
state,980,3.6989065191545422e-11,3.6989065191545422e-11,0,0
state,981,7.8508387054773365e-12,7.850838705477343e-12,6.4623485355705287e-27,6.4623485355705287e-27
state,982,3.5899484243610668e-11,3.5899484243610616e-11,5.169878828456423e-26,5.169878828456423e-26
state,983,7.6309734193091938e-12,7.6309734193091986e-12,4.8467614016778965e-27,4.8467614016778965e-27
state,984,1002.2696253560504,1002.2696253560504,0,0
state,985,7.9467560635938009e-13,7.9467560635937988e-13,2.0194839173657902e-28,2.0194839173657902e-28
state,986,3.2480677688575376e-12,3.2480677688575359e-12,1.6155871338926322e-27,1.6155871338926322e-27
state,987,7.62656172145895e-13,7.626561721458948e-13,2.0194839173657902e-28,2.0194839173657902e-28
state,988,3.1646012297003944e-12,3.1646012297003896e-12,4.8467614016778965e-27,4.8467614016778965e-27
state,989,7.438821755203578e-13,7.4388217552035749e-13,3.0292258760486853e-28,3.0292258760486853e-28
state,990,1002.2696253560504,1002.2696253560504,0,0
state,991,6.5943331594316921e-14,6.5943331594316971e-14,5.0487097934144756e-29,5.0487097934144756e-29
state,992,2.4881401289878948e-13,2.4881401289878963e-13,1.5146129380243427e-28,1.5146129380243427e-28
state,993,6.3529799457138344e-14,6.3529799457138407e-14,6.3108872417680944e-29,6.3108872417680944e-29
state,994,2.4310388314764261e-13,2.4310388314764261e-13,0,0
state,995,6.2118931691734522e-14,6.2118931691734585e-14,6.3108872417680944e-29,6.3108872417680944e-29
state,996,1002.2696253560504,1002.2696253560504,0,0
state,997,4.7844665246020836e-15,4.7844665246020844e-15,7.8886090522101181e-31,7.8886090522101181e-31
state,998,1.6865656267091529e-14,1.6865656267091529e-14,0,0
state,999,4.6228177581349633e-15,4.6228177581349664e-15,3.1554436208840472e-30,3.1554436208840472e-30
state,1000,1.6513907811799293e-14,1.6513907811799287e-14,6.3108872417680944e-30,6.3108872417680944e-30
state,1001,4.5285966200567768e-15,4.5285966200567768e-15,0,0
state,1002,1002.2696253560504,1002.2696253560504,0,0
state,1003,3.0832233671899193e-16,3.0832233671899164e-16,2.9582283945787943e-31,2.9582283945787943e-31
state,1004,1.0245897526771819e-15,1.0245897526771819e-15,0,0
state,1005,2.9860391294278673e-16,2.9860391294278649e-16,2.4651903288156619e-31,2.4651903288156619e-31
state,1006,1.0049232341488887e-15,1.0049232341488877e-15,9.8607613152626476e-31,9.8607613152626476e-31
state,1007,2.9295511052572015e-16,2.9295511052571986e-16,2.9582283945787943e-31,2.9582283945787943e-31
state,1008,1002.2696253560504,1002.2696253560504,0,0
state,1009,1.7883966316616553e-17,1.7883966316616559e-17,6.1629758220391547e-33,6.1629758220391547e-33
state,1010,5.640801749085354e-17,5.6408017490853614e-17,7.3955709864469857e-32,7.3955709864469857e-32
state,1011,1.7354359198188253e-17,1.7354359198188259e-17,6.1629758220391547e-33,6.1629758220391547e-33
state,1012,5.5402445192529764e-17,5.5402445192529788e-17,2.4651903288156619e-32,2.4651903288156619e-32
state,1013,1.7047367952281031e-17,1.7047367952281047e-17,1.5407439555097887e-32,1.5407439555097887e-32
state,1014,1002.2696253560504,1002.2696253560504,0,0
state,1015,9.4414997311227761e-19,9.4414997311227722e-19,3.8518598887744717e-34,3.8518598887744717e-34
state,1016,2.8413375551181608e-18,2.8413375551181627e-18,1.9259299443872359e-33,1.9259299443872359e-33
state,1017,9.177564460049523e-19,9.177564460049523e-19,0,0
state,1018,2.7939858612867264e-18,2.7939858612867241e-18,2.311115933264683e-33,2.311115933264683e-33
state,1019,9.0249853079254658e-19,9.0249853079254639e-19,1.9259299443872359e-34,1.9259299443872359e-34
state,1020,1002.2696253560504,1002.2696253560504,0,0
state,1021,4.5789592262941719e-20,4.5789592262941659e-20,6.018531076210112e-35,6.018531076210112e-35
state,1022,1.3202020381190512e-19,1.3202020381190502e-19,9.6296497219361793e-35,9.6296497219361793e-35
state,1023,4.4577194002059625e-20,4.4577194002059595e-20,3.009265538105056e-35,3.009265538105056e-35
state,1024,1.2995353357287698e-19,1.2995353357287683e-19,1.4444474582904269e-34,1.4444474582904269e-34
state,1025,4.3878200553914786e-20,4.3878200553914756e-20,3.009265538105056e-35,3.009265538105056e-35
state,1026,1002.2696253560504,1002.2696253560504,0,0
state,1027,2.0559469712583021e-21,2.0559469712583033e-21,1.128474576789396e-36,1.128474576789396e-36
state,1028,5.6979597623976652e-21,5.6979597623976705e-21,5.266214691683848e-36,5.266214691683848e-36
state,1029,2.004258515164941e-21,2.0042585151649433e-21,2.256949153578792e-36,2.256949153578792e-36
state,1030,5.6138743220879545e-21,5.613874322087956e-21,1.504632769052528e-36,1.504632769052528e-36
state,1031,1.9745384354551684e-21,1.9745384354551703e-21,1.88079096131566e-36,1.88079096131566e-36
state,1032,1002.2696253560504,1002.2696253560504,0,0
state,1033,8.6021714416951534e-23,8.6021714416951746e-23,2.1158898314801175e-37,2.1158898314801175e-37
state,1034,2.2979795351770381e-22,2.2979795351770442e-22,6.112570624275895e-37,6.112570624275895e-37
state,1035,8.396415740354807e-23,8.3964157403548258e-23,1.88079096131566e-37,1.88079096131566e-37
state,1036,2.2659229311881456e-22,2.2659229311881498e-22,4.231779662960235e-37,4.231779662960235e-37
state,1037,8.2784291200129607e-23,8.2784291200129807e-23,1.9983403963978888e-37,1.9983403963978888e-37
state,1038,1002.2696253560504,1002.2696253560504,0,0
state,1039,3.3724657256145859e-24,3.3724657256145896e-24,3.6734198463196485e-39,3.6734198463196485e-39
state,1040,8.7043714008356374e-24,8.7043714008356492e-24,1.1754943508222875e-38,1.1754943508222875e-38
state,1041,3.2955902818648187e-24,3.2955902818648235e-24,4.775445800215543e-39,4.775445800215543e-39
state,1042,8.58933227920407e-24,8.5893322792040773e-24,7.3468396926392969e-39,7.3468396926392969e-39
state,1043,3.2516271466560234e-24,3.2516271466560285e-24,5.1427877848475078e-39,5.1427877848475078e-39
state,1044,1002.2696253560504,1002.2696253560504,0,0
state,1045,1.2446978033085612e-25,1.2446978033085614e-25,2.2958874039497803e-41,2.2958874039497803e-41
state,1046,3.1102828276064312e-25,3.1102828276064344e-25,3.2142423655296924e-40,3.2142423655296924e-40
state,1047,1.2176164674543087e-25,1.2176164674543096e-25,9.1835496157991212e-41,9.1835496157991212e-41
state,1048,3.0712650181692732e-25,3.0712650181692746e-25,1.3775324423698682e-40,1.3775324423698682e-40
state,1049,1.2021714443106175e-25,1.2021714443106179e-25,4.5917748078995606e-41,4.5917748078995606e-41
state,1050,1002.2696253560504,1002.2696253560504,0,0
state,1051,4.3420816957166419e-27,4.3420816957166397e-27,2.152394441202919e-42,2.152394441202919e-42
state,1052,1.0524001895001067e-26,1.0524001895001061e-26,5.7397185098744507e-42,5.7397185098744507e-42
state,1053,4.2517768010515017e-27,4.2517768010514995e-27,2.152394441202919e-42,2.152394441202919e-42
state,1054,1.0398478457232206e-26,1.0398478457232199e-26,7.1746481373430634e-42,7.1746481373430634e-42
state,1055,4.2004141453898812e-27,4.2004141453898798e-27,1.4349296274686127e-42,1.4349296274686127e-42
state,1056,1002.2696253560504,1002.2696253560504,0,0
state,1057,1.4366495408362948e-28,1.4366495408362921e-28,2.6904930515036488e-43,2.6904930515036488e-43
state,1058,3.3830701479406417e-28,3.3830701479406372e-28,4.4841550858394146e-43,4.4841550858394146e-43
state,1059,1.4080471194085605e-28,1.4080471194085589e-28,1.5694542800437951e-43,1.5694542800437951e-43
state,1060,3.3446457383667585e-28,3.3446457383667527e-28,5.829401611591239e-43,5.829401611591239e-43
state,1061,1.3918230206900627e-28,1.3918230206900605e-28,2.2420775429197073e-43,2.2420775429197073e-43
state,1062,1002.2696253560504,1002.2696253560504,0,0
state,1063,4.5219634547539743e-30,4.521963454753982e-30,7.7071415537864939e-45,7.7071415537864939e-45
state,1064,1.0361899229861322e-29,1.036189922986135e-29,2.8025969286496341e-44,2.8025969286496341e-44
state,1065,4.4356560868845586e-30,4.4356560868845698e-30,1.1210387714598537e-44,1.1210387714598537e-44
state,1066,1.0249664311049462e-29,1.0249664311049478e-29,1.6815581571897805e-44,1.6815581571897805e-44
state,1067,4.3868318891194652e-30,4.3868318891194758e-30,1.0509738482436128e-44,1.0509738482436128e-44
state,1068,1002.2696253560504,1002.2696253560504,0,0
state,1069,1.3575931963410925e-31,1.3575931963410936e-31,1.0947644252537633e-46,1.0947644252537633e-46
state,1070,3.0315427779721485e-31,3.0315427779721538e-31,5.254869241218064e-46,5.254869241218064e-46
state,1071,1.3327166816584578e-31,1.3327166816584605e-31,2.627434620609032e-46,2.627434620609032e-46
state,1072,3.0001834163949691e-31,3.0001834163949717e-31,2.627434620609032e-46,2.627434620609032e-46
state,1073,1.3186814998196738e-31,1.3186814998196762e-31,2.4084817355582793e-46,2.4084817355582793e-46
state,1074,1002.2696253560504,1002.2696253560504,0,0
state,1075,3.8966232251860612e-33,3.8966232251860612e-33,0,0
state,1076,8.4909233925653391e-33,8.4909233925653459e-33,6.8422776578360209e-48,6.8422776578360209e-48
state,1077,3.8279741273109133e-33,3.827974127310916e-33,2.7369110631344083e-48,2.7369110631344083e-48
state,1078,8.4069223227636227e-33,8.406922322763624e-33,1.3684555315672042e-48,1.3684555315672042e-48
state,1079,3.7893445405264235e-33,3.789344540526427e-33,3.4211388289180104e-48,3.4211388289180104e-48
state,1080,1002.2696253560504,1002.2696253560504,0,0
state,1081,1.0714764987870411e-34,1.0714764987870402e-34,8.5528470722950261e-50,8.5528470722950261e-50
state,1082,2.2812750815084868e-34,2.2812750815084872e-34,4.276423536147513e-50,4.276423536147513e-50
state,1083,1.0533014475333017e-34,1.0533014475333015e-34,2.1382117680737565e-50,2.1382117680737565e-50
state,1084,2.2596610023149313e-34,2.25966100231493e-34,1.2829270608442539e-49,1.2829270608442539e-49
state,1085,1.0431006003938338e-34,1.0431006003938333e-34,4.276423536147513e-50,4.276423536147513e-50
state,1086,1002.2696253560504,1002.2696253560504,0,0
state,1087,2.8278711398859923e-36,2.8278711398859873e-36,5.0114338314228668e-51,5.0114338314228668e-51
state,1088,5.8898899670959527e-36,5.889889967095948e-36,4.6773382426613424e-51,4.6773382426613424e-51
state,1089,2.7816217101014e-36,2.781621710101397e-36,3.0068602988537201e-51,3.0068602988537201e-51
state,1090,5.8363733067534444e-36,5.8363733067534351e-36,9.3546764853226848e-51,9.3546764853226848e-51
state,1091,2.7557298267526086e-36,2.7557298267526063e-36,2.3386691213306712e-51,2.3386691213306712e-51
state,1092,1002.2696253560504,1002.2696253560504,0,0
state,1093,7.1754527083670669e-38,7.1754527083670836e-38,1.6704779438076223e-52,1.6704779438076223e-52
state,1094,1.4636706414328014e-37,1.463670641432805e-37,3.5497656305911973e-52,3.5497656305911973e-52
state,1095,7.0621503296664416e-38,7.0621503296664584e-38,1.6704779438076223e-52,1.6704779438076223e-52
state,1096,1.4508994880412863e-37,1.4508994880412895e-37,3.1321461446392918e-52,3.1321461446392918e-52
state,1097,6.9988776387973416e-38,6.9988776387973615e-38,1.9836925582715515e-52,1.9836925582715515e-52
state,1098,1002.2696253560504,1002.2696253560504,0,0
state,1099,1.7531390202376559e-39,1.7531390202376582e-39,2.2838565637994836e-54,2.2838565637994836e-54
state,1100,3.5060821250017827e-39,3.5060821250017893e-39,6.5253044679985245e-54,6.5253044679985245e-54
state,1101,1.7263771947575014e-39,1.7263771947575043e-39,2.936387010599336e-54,2.936387010599336e-54
state,1102,3.4766662458764959e-39,3.4766662458765005e-39,4.5677131275989672e-54,4.5677131275989672e-54
state,1103,1.7114685605589093e-39,1.7114685605589123e-39,2.936387010599336e-54,2.936387010599336e-54
state,1104,1002.2696253560504,1002.2696253560504,0,0
state,1105,4.130186142152654e-41,4.1301861421526551e-41,1.0195788231247695e-56,1.0195788231247695e-56
state,1106,8.1063365105401961e-41,8.1063365105402032e-41,7.1370517618733862e-56,7.1370517618733862e-56
state,1107,4.0691595134853719e-41,4.0691595134853745e-41,2.5489470578119236e-56,2.5489470578119236e-56
state,1108,8.0408565538143616e-41,8.0408565538143656e-41,4.0783152924990778e-56,4.0783152924990778e-56
state,1109,4.0352429288140946e-41,4.0352429288140987e-41,4.0783152924990778e-56,4.0783152924990778e-56
state,1110,1002.2696253560504,1002.2696253560504,0,0
state,1111,9.3944193894103452e-43,9.3944193894103389e-43,6.3723676445298091e-58,6.3723676445298091e-58
state,1112,1.8112789180521719e-42,1.8112789180521719e-42,0,0
state,1113,9.2599007946902894e-43,9.2599007946902862e-43,3.1861838222649046e-58,3.1861838222649046e-58
state,1114,1.7971754973290253e-42,1.7971754973290247e-42,6.3723676445298091e-58,6.3723676445298091e-58
state,1115,9.185312294231686e-43,9.185312294231686e-43,0,0
state,1116,1002.2696253560504,1002.2696253560504,0,0
state,1117,2.0655532485413001e-44,2.0655532485412971e-44,2.987047333373348e-59,2.987047333373348e-59
state,1118,3.9155960689895304e-44,3.9155960689895274e-44,2.987047333373348e-59,2.987047333373348e-59
state,1119,2.036859078912625e-44,2.0368590789126225e-44,2.4892061111444567e-59,2.4892061111444567e-59
state,1120,3.8861720533005426e-44,3.8861720533005391e-44,3.4848885556022394e-59,3.4848885556022394e-59
state,1121,2.0209843514654599e-44,2.0209843514654579e-44,1.9913648889155653e-59,1.9913648889155653e-59
state,1122,1002.2696253560504,1002.2696253560504,0,0
state,1123,4.394924697964634e-46,4.3949246979646231e-46,1.0890276736256998e-60,1.0890276736256998e-60
state,1124,8.198237221793133e-46,8.1982372217931221e-46,1.0890276736256998e-60,1.0890276736256998e-60
state,1125,4.3356314533435412e-46,4.3356314533435342e-46,7.0008921875937844e-61,7.0008921875937844e-61
state,1126,8.1387154825596744e-46,8.1387154825596604e-46,1.4001784375187569e-60,1.4001784375187569e-60
state,1127,4.3028998841939481e-46,4.3028998841939404e-46,7.7787690973264271e-61,7.7787690973264271e-61
state,1128,1002.2696253560504,1002.2696253560504,0,0
state,1129,9.058684331352463e-48,9.0586843313524363e-48,2.6739518772059593e-62,2.6739518772059593e-62
state,1130,1.6641025635374533e-47,1.6641025635374501e-47,3.160124945788861e-62,3.160124945788861e-62
state,1131,8.9398788558696157e-48,8.9398788558695902e-48,2.5524086100602339e-62,2.5524086100602339e-62
state,1132,1.6524170452596767e-47,1.6524170452596723e-47,4.3755576172461153e-62,4.3755576172461153e-62
state,1133,8.8744344683653003e-48,8.8744344683652772e-48,2.3093220757687831e-62,2.3093220757687831e-62
state,1134,1002.2696253560504,1002.2696253560504,0,0
state,1135,1.8105002885871289e-49,1.8105002885871304e-49,1.5192908393215678e-64,1.5192908393215678e-64
state,1136,3.27775112256267e-49,3.2777511225626761e-49,6.0771633572862712e-64,6.0771633572862712e-64
state,1137,1.7873967464867805e-49,1.7873967464867821e-49,1.5192908393215678e-64,1.5192908393215678e-64
state,1138,3.2554671133537462e-49,3.2554671133537496e-49,3.4184043884735275e-64,3.4184043884735275e-64
state,1139,1.7746964629639164e-49,1.7746964629639183e-49,1.8991135491519597e-64,1.8991135491519597e-64
state,1140,1002.2696253560504,1002.2696253560504,0,0
state,1141,3.5119393570303307e-51,3.5119393570303301e-51,5.9347298410998742e-67,5.9347298410998742e-67
state,1142,6.2702180387329426e-51,6.2702180387329473e-51,4.7477838728798994e-66,4.7477838728798994e-66
state,1143,3.4682980440613205e-51,3.4682980440613205e-51,0,0
state,1144,6.2289074739379105e-51,6.2289074739379128e-51,2.3738919364399497e-66,2.3738919364399497e-66
state,1145,3.4443563340568452e-51,3.4443563340568446e-51,5.9347298410998742e-67,5.9347298410998742e-67
state,1146,1002.2696253560504,1002.2696253560504,0,0
state,1147,6.6173178139039007e-53,6.6173178139039257e-53,2.5037141517140094e-67,2.5037141517140094e-67
state,1148,1.1658758830239174e-52,1.1658758830239222e-52,4.8219679958936478e-67,4.8219679958936478e-67
state,1149,6.5371798536977477e-53,6.5371798536977699e-53,2.2255236904124528e-67,2.2255236904124528e-67
state,1150,1.1584254948728874e-52,1.158425494872892e-52,4.6365076883592767e-67,4.6365076883592767e-67
state,1151,6.4933024703488242e-53,6.4933024703488465e-53,2.2255236904124528e-67,2.2255236904124528e-67
state,1152,1002.2696253560504,1002.2696253560504,0,0
state,1153,1.2121428089762163e-54,1.2121428089762195e-54,3.1875990357470028e-69,3.1875990357470028e-69
state,1154,2.1087108866195144e-54,2.1087108866195207e-54,6.3751980714940055e-69,6.3751980714940055e-69
state,1155,1.197826723845318e-54,1.1978267238453215e-54,3.4773807662694575e-69,3.4773807662694575e-69
state,1156,2.0956294758037506e-54,2.0956294758037573e-54,6.6649798020164603e-69,6.6649798020164603e-69
state,1157,1.1900033650349536e-54,1.190003365034957e-54,3.3324899010082302e-69,3.3324899010082302e-69
state,1158,1002.2696253560504,1002.2696253560504,0,0
state,1159,2.1601954641995419e-56,2.160195464199546e-56,4.0750555854720206e-71,4.0750555854720206e-71
state,1160,3.712705089092314e-56,3.7127050890923239e-56,9.9612469867093836e-71,9.9612469867093836e-71
state,1161,2.1352975962941093e-56,2.1352975962941133e-56,4.0750555854720206e-71,4.0750555854720206e-71
state,1162,3.6903292866730147e-56,3.6903292866730228e-56,8.1501111709440411e-71,8.1501111709440411e-71
state,1163,2.1217170261119039e-56,2.1217170261119075e-56,3.6222716315306849e-71,3.6222716315306849e-71
state,1164,1002.2696253560504,1002.2696253560504,0,0
state,1165,3.7481108918566306e-58,3.7481108918566348e-58,4.2448495682000214e-73,4.2448495682000214e-73
state,1166,6.3675059128865274e-58,6.3675059128865373e-58,9.9046489924667167e-73,9.9046489924667167e-73
state,1167,3.7059274437467804e-58,3.7059274437467854e-58,4.9523244962333583e-73,4.9523244962333583e-73
state,1168,6.3301958808994254e-58,6.3301958808994367e-58,1.131959884853339e-72,1.131959884853339e-72
state,1169,3.6829604588843499e-58,3.682960458884352e-58,2.1224247841000107e-73,2.1224247841000107e-73
state,1170,1002.2696253560504,1002.2696253560504,0,0
state,1171,6.3358952237065711e-60,6.3358952237065744e-60,3.3162887251562667e-75,3.3162887251562667e-75
state,1172,1.0644739730449194e-59,1.0644739730449205e-59,1.1054295750520889e-74,1.1054295750520889e-74
state,1173,6.2662262673867697e-60,6.2662262673867731e-60,3.3162887251562667e-75,3.3162887251562667e-75
state,1174,1.0584058292127149e-59,1.0584058292127162e-59,1.3265154900625067e-74,1.3265154900625067e-74
state,1175,6.2283623668031724e-60,6.2283623668031735e-60,1.1054295750520889e-75,1.1054295750520889e-75
state,1176,1002.2696253560504,1002.2696253560504,0,0
state,1177,1.0441439985475616e-61,1.044143998547561e-61,5.1817011330566668e-77,5.1817011330566668e-77
state,1178,1.7356194051064232e-61,1.7356194051064225e-61,6.9089348440755557e-77,6.9089348440755557e-77
state,1179,1.0329208305155135e-61,1.0329208305155137e-61,1.7272337110188889e-77,1.7272337110188889e-77
state,1180,1.7259874038891672e-61,1.7259874038891676e-61,3.4544674220377779e-77,3.4544674220377779e-77
state,1181,1.0268318771800485e-61,1.0268318771800478e-61,6.9089348440755557e-77,6.9089348440755557e-77
state,1182,1002.2696253560504,1002.2696253560504,0,0
state,1183,1.6785569096690924e-63,1.6785569096690905e-63,1.8891618714269098e-78,1.8891618714269098e-78
state,1184,2.761731155278464e-63,2.7617311552784602e-63,3.7783237428538195e-78,3.7783237428538195e-78
state,1185,1.6609119949547711e-63,1.6609119949547692e-63,1.8891618714269098e-78,1.8891618714269098e-78
state,1186,2.7468017411773913e-63,2.7468017411773886e-63,2.6988026734670139e-78,2.6988026734670139e-78
state,1187,1.6513553855261474e-63,1.6513553855261444e-63,2.9686829408137153e-78,2.9686829408137153e-78
state,1188,1002.2696253560504,1002.2696253560504,0,0
state,1189,2.6338323737309038e-65,2.6338323737308987e-65,5.0602550127506511e-80,5.0602550127506511e-80
state,1190,4.2909859671708867e-65,4.2909859671708782e-65,8.4337583545844186e-80,8.4337583545844186e-80
state,1191,2.6067436279545899e-65,2.6067436279545848e-65,5.0602550127506511e-80,5.0602550127506511e-80
state,1192,4.2683781495125855e-65,4.2683781495125788e-65,6.7470066836675349e-80,6.7470066836675349e-80
state,1193,2.5920967440189893e-65,2.5920967440189826e-65,6.7470066836675349e-80,6.7470066836675349e-80
state,1194,1002.2696253560504,1002.2696253560504,0,0
state,1195,4.0360571910195731e-67,4.0360571910195613e-67,1.1859972686134339e-81,1.1859972686134339e-81
state,1196,6.5134547952567891e-67,6.5134547952567693e-67,1.9766621143557231e-81,1.9766621143557231e-81
state,1197,3.9954269069702395e-67,3.995426906970229e-67,1.0542197943230523e-81,1.0542197943230523e-81
state,1198,6.4799907869759825e-67,6.479990786975968e-67,1.4495522171941969e-81,1.4495522171941969e-81
state,1199,3.9734941956590117e-67,3.9734941956589985e-67,1.3177747429038154e-81,1.3177747429038154e-81
state,1200,1002.2696253560504,1002.2696253560504,0,0
state,1201,6.0432805585376378e-69,6.0432805585376161e-69,2.1619741875765721e-83,2.1619741875765721e-83
state,1202,9.6641437170205173e-69,9.6641437170204823e-69,3.5003391608382597e-83,3.5003391608382597e-83
state,1203,5.9837117867449881e-69,5.9837117867449685e-69,1.956071883997851e-83,1.956071883997851e-83
state,1204,9.6157036248488753e-69,9.6157036248488485e-69,2.676729946523375e-83,2.676729946523375e-83
state,1205,5.9516076926825517e-69,5.9516076926825269e-69,2.4708276429446539e-83,2.4708276429446539e-83
state,1206,1002.2696253560504,1002.2696253560504,0,0
state,1207,8.8461187819422559e-71,8.8461187819422978e-71,4.1823905414427735e-85,4.1823905414427735e-85
state,1208,1.4022388310980532e-70,1.4022388310980593e-70,6.1127246374932843e-85,6.1127246374932843e-85
state,1209,8.7607101227206452e-71,8.7607101227206855e-71,4.0215293667718976e-85,4.0215293667718976e-85
state,1210,1.3953786595833682e-70,1.3953786595833753e-70,7.0778916855185398e-85,7.0778916855185398e-85
state,1211,8.7147527307510071e-71,8.7147527307510424e-71,3.5389458427592699e-85,3.5389458427592699e-85
state,1212,1002.2696253560504,1002.2696253560504,0,0
state,1213,1.2665007999064938e-72,1.2665007999064989e-72,5.026911708464872e-87,5.026911708464872e-87
state,1214,1.9906125256632966e-72,1.9906125256633036e-72,7.0376763918508208e-87,7.0376763918508208e-87
state,1215,1.254519683125097e-72,1.254519683125102e-72,5.026911708464872e-87,5.026911708464872e-87
state,1216,1.9811030849844211e-72,1.9811030849844299e-72,8.797095489813526e-87,8.797095489813526e-87
state,1217,1.2480828223094785e-72,1.2480828223094825e-72,4.0215293667718976e-87,4.0215293667718976e-87
state,1218,1002.2696253560504,1002.2696253560504,0,0
state,1219,1.7743097432124659e-74,1.7743097432124714e-74,5.4981846811334537e-89,5.4981846811334537e-89
state,1220,2.765974746141609e-74,2.7659747461416169e-74,7.8545495444763625e-89,7.8545495444763625e-89
state,1221,1.7578586769977229e-74,1.7578586769977287e-74,5.8909121583572719e-89,5.8909121583572719e-89
state,1222,2.7530671879103522e-74,2.7530671879103616e-74,9.425459453371635e-89,9.425459453371635e-89
state,1223,1.7490338706277549e-74,1.7490338706277593e-74,4.3200022494619994e-89,4.3200022494619994e-89
state,1224,701.58873774923518,701.58873774923518,0,0
state,1225,60.126899832222371,60.126899832222371,0,0
state,1226,60.121102025571091,60.121102025571091,0,0
state,1227,60.113295417447034,60.113295417447034,0,0
state,1228,60.103535508056716,60.103535508056716,0,0
state,1229,60.09250701506695,60.09250701506695,0,0
state,1230,1002.2696253560504,1002.2696253560504,0,0
state,1231,0.00047754745260986716,0.00047754745260986711,5.4210108624275222e-20,5.4210108624275222e-20
state,1232,0.00047117648140032939,0.00047117648140032945,5.4210108624275222e-20,5.4210108624275222e-20
state,1233,0.00045482198219936855,0.00045482198219936855,0,0
state,1234,0.00045466056001776037,0.00045466056001776042,5.4210108624275222e-20,5.4210108624275222e-20
state,1235,0.00043817887922223403,0.00043817887922223403,0,0
state,1236,1002.2696253560504,1002.2696253560504,0,0
state,1237,2.4449077646518168e-05,2.4449077646518154e-05,1.3552527156068805e-20,1.3552527156068805e-20
state,1238,2.9137469299918356e-05,2.9137469299918356e-05,0,0
state,1239,2.2370229824523901e-05,2.2370229824523888e-05,1.3552527156068805e-20,1.3552527156068805e-20
state,1240,2.7497136385515489e-05,2.7497136385515469e-05,2.0328790734103208e-20,2.0328790734103208e-20
state,1241,2.1123994980448395e-05,2.1123994980448395e-05,0,0
state,1242,1002.2696253560504,1002.2696253560504,0,0
state,1243,6.0044910361222179e-07,6.0044910361222169e-07,1.0587911840678754e-22,1.0587911840678754e-22
state,1244,1.0170281999154743e-06,1.0170281999154739e-06,4.2351647362715017e-22,4.2351647362715017e-22
state,1245,5.4968439489028884e-07,5.4968439489028884e-07,0,0
state,1246,9.6079296780711904e-07,9.607929678071184e-07,6.3527471044072525e-22,6.3527471044072525e-22
state,1247,5.1956842074255924e-07,5.1956842074255945e-07,2.1175823681357508e-22,2.1175823681357508e-22
state,1248,1002.2696253560504,1002.2696253560504,0,0
state,1249,1.4093644825754912e-08,1.4093644825754912e-08,0,0
state,1250,3.3761604536899544e-08,3.3761604536899544e-08,0,0
state,1251,1.2940487459199383e-08,1.2940487459199383e-08,0,0
state,1252,3.1983332810844877e-08,3.1983332810844863e-08,1.3234889800848443e-23,1.3234889800848443e-23
state,1253,1.2256612230775475e-08,1.2256612230775475e-08,0,0
state,1254,1002.2696253560504,1002.2696253560504,0,0
state,1255,3.2925422065745345e-10,3.2925422065745345e-10,0,0
state,1256,1.1085964585477558e-09,1.1085964585477558e-09,0,0
state,1257,3.0321794832399837e-10,3.0321794832399826e-10,1.0339757656912846e-25,1.0339757656912846e-25
state,1258,1.0531008051486884e-09,1.0531008051486886e-09,2.0679515313825692e-25,2.0679515313825692e-25
state,1259,2.8777868760061118e-10,2.8777868760061118e-10,0,0
state,1260,1002.2696253560504,1002.2696253560504,0,0
state,1261,7.6919396036011209e-12,7.6919396036011209e-12,0,0
state,1262,3.607518533022261e-11,3.607518533022261e-11,0,0
state,1263,7.1064944362305327e-12,7.1064944362305327e-12,0,0
state,1264,3.4362908582491601e-11,3.4362908582491601e-11,0,0
state,1265,6.7593871143478527e-12,6.7593871143478535e-12,8.0779356694631609e-28,8.0779356694631609e-28
state,1266,1002.2696253560504,1002.2696253560504,0,0
state,1267,2.4175260182142656e-13,2.4175260182142636e-13,2.0194839173657902e-28,2.0194839173657902e-28
state,1268,1.3557118866253243e-12,1.3557118866253227e-12,1.6155871338926322e-27,1.6155871338926322e-27
state,1269,2.2665714887577126e-13,2.2665714887577104e-13,2.271919407036514e-28,2.271919407036514e-28
state,1270,1.3000821691429335e-12,1.3000821691429323e-12,1.2116903504194741e-27,1.2116903504194741e-27
state,1271,2.1773136213177596e-13,2.1773136213177568e-13,2.7767903863779616e-28,2.7767903863779616e-28
state,1272,1002.2696253560504,1002.2696253560504,0,0
state,1273,3.2116906817180407e-14,3.2116906817180407e-14,0,0
state,1274,1.5874099682950303e-13,1.5874099682950298e-13,5.0487097934144756e-29,5.0487097934144756e-29
state,1275,3.0456507070684292e-14,3.0456507070684292e-14,0,0
state,1276,1.5336072438642235e-13,1.5336072438642217e-13,1.7670484276950664e-28,1.7670484276950664e-28
state,1277,2.9477396129827338e-14,2.9477396129827332e-14,6.3108872417680944e-30,6.3108872417680944e-30
state,1278,1002.2696253560504,1002.2696253560504,0,0
state,1279,3.5736855644157924e-15,3.573685564415794e-15,1.5777218104420236e-30,1.5777218104420236e-30
state,1280,1.5836931810852522e-14,1.5836931810852522e-14,0,0
state,1281,3.414213610398331e-15,3.4142136103983306e-15,3.944304526105059e-31,3.944304526105059e-31
state,1282,1.5379220226218516e-14,1.5379220226218507e-14,9.4663308626521417e-30,9.4663308626521417e-30
state,1283,3.3204605606002457e-15,3.3204605606002465e-15,7.8886090522101181e-31,7.8886090522101181e-31
state,1284,1002.2696253560504,1002.2696253560504,0,0
state,1285,3.3746913461440622e-16,3.3746913461440646e-16,2.4651903288156619e-31,2.4651903288156619e-31
state,1286,1.3644169737723229e-15,1.3644169737723235e-15,5.9164567891575885e-31,5.9164567891575885e-31
state,1287,3.2404685743459617e-16,3.2404685743459641e-16,2.4651903288156619e-31,2.4651903288156619e-31
state,1288,1.3298462014558475e-15,1.3298462014558467e-15,7.8886090522101181e-31,7.8886090522101181e-31
state,1289,3.1618002520287692e-16,3.1618002520287702e-16,9.8607613152626476e-32,9.8607613152626476e-32
state,1290,1002.2696253560504,1002.2696253560504,0,0
state,1291,2.7508519773615758e-17,2.7508519773615749e-17,9.2444637330587321e-33,9.2444637330587321e-33
state,1292,1.0294175359761268e-16,1.0294175359761258e-16,9.8607613152626476e-32,9.8607613152626476e-32
state,1293,2.6511366005551119e-17,2.6511366005551116e-17,3.0814879110195774e-33,3.0814879110195774e-33
state,1294,1.0060458304534895e-16,1.0060458304534884e-16,1.1093356479670479e-31,1.1093356479670479e-31
state,1295,2.5928660401688907e-17,2.592866040168888e-17,2.7733391199176196e-32,2.7733391199176196e-32
state,1296,1002.2696253560504,1002.2696253560504,0,0
state,1297,1.9680049477191376e-18,1.9680049477191403e-18,2.6963019221421302e-33,2.6963019221421302e-33
state,1298,6.892831837034135e-18,6.8928318370341381e-18,3.0814879110195774e-33,3.0814879110195774e-33
state,1299,1.9020134308326322e-18,1.9020134308326345e-18,2.311115933264683e-33,2.311115933264683e-33
state,1300,6.7502905856938887e-18,6.7502905856938887e-18,0,0
state,1301,1.8635599099833811e-18,1.8635599099833834e-18,2.311115933264683e-33,2.311115933264683e-33
state,1302,1002.2696253560504,1002.2696253560504,0,0
state,1303,1.2540332985139167e-19,1.2540332985139167e-19,0,0
state,1304,4.1457398712259772e-19,4.1457398712259772e-19,0,0
state,1305,1.2147489915442954e-19,1.2147489915442961e-19,7.2222372914521344e-35,7.2222372914521344e-35
state,1306,4.066713365638192e-19,4.066713365638192e-19,0,0
state,1307,1.1919211162489894e-19,1.1919211162489894e-19,0,0
state,1308,1002.2696253560504,1002.2696253560504,0,0
state,1309,7.207495460959325e-21,7.2074954609593175e-21,7.5231638452626401e-36,7.5231638452626401e-36
state,1310,2.2636123231638488e-20,2.2636123231638482e-20,6.018531076210112e-36,6.018531076210112e-36
state,1311,6.9951699085835294e-21,6.9951699085835234e-21,6.018531076210112e-36,6.018531076210112e-36
state,1312,2.2234936082294353e-20,2.2234936082294332e-20,2.1064858766735392e-35,2.1064858766735392e-35
state,1313,6.8721229885848316e-21,6.8721229885848301e-21,1.504632769052528e-36,1.504632769052528e-36
state,1314,1002.2696253560504,1002.2696253560504,0,0
state,1315,3.7762557339052706e-22,3.7762557339052706e-22,0,0
state,1316,1.1323349701579751e-21,1.132334970157976e-21,9.4039548065783001e-37,9.4039548065783001e-37
state,1317,3.671170882696652e-22,3.6711708826966558e-22,3.76158192263132e-37,3.76158192263132e-37
state,1318,1.1135587426039863e-21,1.1135587426039865e-21,1.88079096131566e-37,1.88079096131566e-37
state,1319,3.6104354269983148e-22,3.6104354269983213e-22,6.58276836460481e-37,6.58276836460481e-37
state,1320,1002.2696253560504,1002.2696253560504,0,0
state,1321,1.8197477241777669e-23,1.8197477241777669e-23,0,0
state,1322,5.230444859489501e-23,5.2304448594895051e-23,4.1142302278780063e-38,4.1142302278780063e-38
state,1323,1.7717595049899554e-23,1.7717595049899554e-23,0,0
state,1324,5.1489272135682855e-23,5.1489272135682825e-23,2.9387358770557188e-38,2.9387358770557188e-38
state,1325,1.7440981567080121e-23,1.7440981567080121e-23,0,0
state,1326,1002.2696253560504,1002.2696253560504,0,0
state,1327,8.1262194828257719e-25,8.1262194828257646e-25,7.3468396926392969e-40,7.3468396926392969e-40
state,1328,2.2460751730851474e-24,2.2460751730851459e-24,1.4693679385278594e-39,1.4693679385278594e-39
state,1329,7.9226599367437539e-25,7.9226599367437493e-25,4.5917748078995606e-40,4.5917748078995606e-40
state,1330,2.2130601884424629e-24,2.213060188442461e-24,1.8367099231598242e-39,1.8367099231598242e-39
state,1331,7.8056388277049773e-25,7.8056388277049737e-25,3.6734198463196485e-40,3.6734198463196485e-40
state,1332,1002.2696253560504,1002.2696253560504,0,0
state,1333,3.3840730706664197e-26,3.3840730706664225e-26,2.8698592549372254e-41,2.8698592549372254e-41
state,1334,9.0187564620246094e-26,9.018756462024614e-26,4.5917748078995606e-41,4.5917748078995606e-41
state,1335,3.3033959774598933e-26,3.3033959774598979e-26,4.5917748078995606e-41,4.5917748078995606e-41
state,1336,8.8933942424310037e-26,8.8933942424310071e-26,3.4438311059246704e-41,3.4438311059246704e-41
state,1337,3.257141673249663e-26,3.2571416732496659e-26,2.8698592549372254e-41,2.8698592549372254e-41
state,1338,1002.2696253560504,1002.2696253560504,0,0
state,1339,1.3212744415580368e-27,1.3212744415580399e-27,3.0492254583708019e-42,3.0492254583708019e-42
state,1340,3.403045161906203e-27,3.4030451619062116e-27,8.6095777648116761e-42,8.6095777648116761e-42
state,1341,1.2912466177708833e-27,1.2912466177708863e-27,3.0492254583708019e-42,3.0492254583708019e-42
state,1342,3.3582160751600443e-27,3.3582160751600507e-27,6.4571833236087571e-42,6.4571833236087571e-42
state,1343,1.274077414712417e-27,1.2740774147124201e-27,3.0492254583708019e-42,3.0492254583708019e-42
state,1344,1002.2696253560504,1002.2696253560504,0,0
state,1345,4.8588520767075285e-29,4.858852076707533e-29,4.4841550858394146e-44,4.4841550858394146e-44
state,1346,1.2118586414510925e-28,1.2118586414510947e-28,2.2420775429197073e-43,2.2420775429197073e-43
state,1347,4.7534281950244331e-29,4.7534281950244398e-29,6.7262326287591219e-44,6.7262326287591219e-44
state,1348,1.196701602195871e-28,1.1967016021958724e-28,1.3452465257518244e-43,1.3452465257518244e-43
state,1349,4.6933126678744617e-29,4.6933126678744684e-29,6.7262326287591219e-44,6.7262326287591219e-44
state,1350,1002.2696253560504,1002.2696253560504,0,0
state,1351,1.6895274345040342e-30,1.6895274345040342e-30,0,0
state,1352,4.0880280432941945e-30,4.088028043294198e-30,3.5032461608120427e-45,3.5032461608120427e-45
state,1353,1.6544785466365214e-30,1.6544785466365224e-30,1.0509738482436128e-45,1.0509738482436128e-45
state,1354,4.0394032495074551e-30,4.0394032495074565e-30,1.4012984643248171e-45,1.4012984643248171e-45
state,1355,1.6345468942844232e-30,1.6345468942844239e-30,7.0064923216240854e-46,7.0064923216240854e-46
state,1356,1002.2696253560504,1002.2696253560504,0,0
state,1357,5.5739101464499661e-32,5.5739101464499607e-32,5.4738221262688167e-47,5.4738221262688167e-47
state,1358,1.3105633479149461e-31,1.3105633479149457e-31,4.3790577010150533e-47,4.3790577010150533e-47
state,1359,5.4631981788021082e-32,5.463198178802106e-32,2.1895288505075267e-47,2.1895288505075267e-47
state,1360,1.2957161847295941e-31,1.295716184729593e-31,1.0947644252537633e-46,1.0947644252537633e-46
state,1361,5.4004084256354449e-32,5.4004084256354427e-32,2.1895288505075267e-47,2.1895288505075267e-47
state,1362,1002.2696253560504,1002.2696253560504,0,0
state,1363,1.7498455445913945e-33,1.7498455445913914e-33,3.0790249460262094e-48,3.0790249460262094e-48
state,1364,4.0041753566464152e-33,4.0041753566464111e-33,4.1053665947016125e-48,4.1053665947016125e-48
state,1365,1.7165196317839103e-33,1.7165196317839086e-33,1.7105694144590052e-48,1.7105694144590052e-48
state,1366,3.9609069161140189e-33,3.9609069161140128e-33,6.1580498920524188e-48,6.1580498920524188e-48
state,1367,1.6976697279366606e-33,1.6976697279366579e-33,2.7369110631344083e-48,2.7369110631344083e-48
state,1368,1002.2696253560504,1002.2696253560504,0,0
state,1369,5.2409438794412103e-35,5.2409438794412199e-35,9.6219529563319043e-50,9.6219529563319043e-50
state,1370,1.1688540963014854e-34,1.1688540963014888e-34,3.4211388289180104e-49,3.4211388289180104e-49
state,1371,5.1451003713164007e-35,5.1451003713164146e-35,1.3898376492479417e-49,1.3898376492479417e-49
state,1372,1.1567896844867909e-34,1.156789684486793e-34,2.1382117680737565e-49,2.1382117680737565e-49
state,1373,5.0910331133763189e-35,5.0910331133763307e-35,1.1760164724405661e-49,1.1760164724405661e-49
state,1374,1002.2696253560504,1002.2696253560504,0,0
state,1375,1.501013564737488e-36,1.5010135647374895e-36,1.5034301494268601e-51,1.5034301494268601e-51
state,1376,3.2670610550740652e-36,3.2670610550740712e-36,6.0137205977074402e-51,6.0137205977074402e-51
state,1377,1.4746180710228379e-36,1.4746180710228409e-36,3.0068602988537201e-51,3.0068602988537201e-51
state,1378,3.23480613745593e-36,3.234806137455934e-36,4.0091470651382935e-51,4.0091470651382935e-51
state,1379,1.459766878855324e-36,1.4597668788553265e-36,2.5057169157114334e-51,2.5057169157114334e-51
state,1380,1002.2696253560504,1002.2696253560504,0,0
state,1381,4.119197204491611e-38,4.119197204491611e-38,0,0
state,1382,8.7610808336794513e-38,8.7610808336794586e-38,7.3083410041583475e-53,7.3083410041583475e-53
state,1383,4.0494440315166852e-38,4.0494440315166883e-38,3.1321461446392918e-53,3.1321461446392918e-53
state,1384,8.6782319963606067e-38,8.6782319963606077e-38,1.0440487148797639e-53,1.0440487148797639e-53
state,1385,4.0102992476444627e-38,4.0102992476444658e-38,3.1321461446392918e-53,3.1321461446392918e-53
state,1386,1002.2696253560504,1002.2696253560504,0,0
state,1387,1.0851530633658796e-39,1.0851530633658787e-39,8.1566305849981557e-55,8.1566305849981557e-55
state,1388,2.258020806303972e-39,2.2580208063039723e-39,3.2626522339992623e-55,3.2626522339992623e-55
state,1389,1.0674336046661701e-39,1.0674336046661698e-39,3.2626522339992623e-55,3.2626522339992623e-55
state,1390,2.2375405568724298e-39,2.2375405568724285e-39,1.3050608935997049e-54,1.3050608935997049e-54
state,1391,1.0575147861641282e-39,1.0575147861641277e-39,4.8939783509988934e-55,4.8939783509988934e-55
state,1392,1002.2696253560504,1002.2696253560504,0,0
state,1393,2.7487917488070565e-41,2.7487917488070519e-41,4.5881047040614626e-56,4.5881047040614626e-56
state,1394,5.6022235172848612e-41,5.6022235172848551e-41,6.1174729387486167e-56,6.1174729387486167e-56
state,1395,2.7054512797322145e-41,2.7054512797322109e-41,3.5685258809366931e-56,3.5685258809366931e-56
state,1396,5.5534230562923865e-41,5.5534230562923794e-41,7.1370517618733862e-56,7.1370517618733862e-56
state,1397,2.6812506944863914e-41,2.6812506944863888e-41,2.5489470578119236e-56,2.5489470578119236e-56
state,1398,1002.2696253560504,1002.2696253560504,0,0
state,1399,6.705373996151439e-43,6.7053739961514549e-43,1.5930919111324523e-57,1.5930919111324523e-57
state,1400,1.3399383462482347e-42,1.3399383462482382e-42,3.504802204491395e-57,3.504802204491395e-57
state,1401,6.6031555548322879e-43,6.6031555548323046e-43,1.6727465066890749e-57,1.6727465066890749e-57
state,1402,1.3287138116054216e-42,1.3287138116054238e-42,2.2303286755854332e-57,2.2303286755854332e-57
state,1403,6.5462166693428881e-43,6.5462166693429048e-43,1.6727465066890749e-57,1.6727465066890749e-57
state,1404,1002.2696253560504,1002.2696253560504,0,0
state,1405,1.5773848738846956e-44,1.5773848738846979e-44,2.240285500030011e-59,2.240285500030011e-59
state,1406,3.0936921307017648e-44,3.0936921307017707e-44,5.974094666746696e-59,5.974094666746696e-59
state,1407,1.5541074483513153e-44,1.5541074483513178e-44,2.4892061111444567e-59,2.4892061111444567e-59
state,1408,3.0687388415012098e-44,3.0687388415012143e-44,4.480571000060022e-59,4.480571000060022e-59
state,1409,1.5411718147031896e-44,1.5411718147031926e-44,2.987047333373348e-59,2.987047333373348e-59
state,1410,1002.2696253560504,1002.2696253560504,0,0
state,1411,3.582958743811758e-46,3.5829587438117588e-46,7.7787690973264271e-62,7.7787690973264271e-62
state,1412,6.9034646000341293e-46,6.9034646000341371e-46,7.7787690973264271e-61,7.7787690973264271e-61
state,1413,3.5317152728485577e-46,3.53171527284856e-46,2.3336307291979281e-61,2.3336307291979281e-61
state,1414,6.8497845669605565e-46,6.8497845669605611e-46,4.6672614583958563e-61,4.6672614583958563e-61
state,1415,3.503304018484072e-46,3.5033040184840759e-46,3.8893845486632136e-61,3.8893845486632136e-61
state,1416,1002.2696253560504,1002.2696253560504,0,0
state,1417,7.8677456499511211e-48,7.8677456499511162e-48,4.861730685829017e-63,4.861730685829017e-63
state,1418,1.4905435266527306e-47,1.4905435266527311e-47,4.861730685829017e-63,4.861730685829017e-63
state,1419,7.7585701253007666e-48,7.7585701253007654e-48,1.2154326714572542e-63,1.2154326714572542e-63
state,1420,1.4793570954678291e-47,1.4793570954678283e-47,7.2925960287435254e-63,7.2925960287435254e-63
state,1421,7.6981749349867876e-48,7.6981749349867888e-48,1.2154326714572542e-63,1.2154326714572542e-63
state,1422,1002.2696253560504,1002.2696253560504,0,0
state,1423,1.6720221104813722e-49,1.6720221104813703e-49,1.8991135491519597e-64,1.8991135491519597e-64
state,1424,3.1171996655926959e-49,3.1171996655926944e-49,1.5192908393215678e-64,1.5192908393215678e-64
state,1425,1.649487829471314e-49,1.6494878294713123e-49,1.7092021942367638e-64,1.7092021942367638e-64
state,1426,3.0945951171190716e-49,3.0945951171190694e-49,2.2789362589823517e-64,2.2789362589823517e-64
state,1427,1.6370492223172651e-49,1.6370492223172636e-49,1.5192908393215678e-64,1.5192908393215678e-64
state,1428,1002.2696253560504,1002.2696253560504,0,0
state,1429,3.4424196060230532e-51,3.4424196060230455e-51,7.7151487934298365e-66,7.7151487934298365e-66
state,1430,6.3204939559870506e-51,6.3204939559870435e-51,7.1216758093198491e-66,7.1216758093198491e-66
state,1431,3.3973160898521763e-51,3.3973160898521692e-51,7.1216758093198491e-66,7.1216758093198491e-66
state,1432,6.2761611263124192e-51,6.2761611263124109e-51,8.3086217775398239e-66,8.3086217775398239e-66
state,1433,3.3724724840232422e-51,3.3724724840232363e-51,5.9347298410998742e-66,5.9347298410998742e-66
state,1434,1002.2696253560504,1002.2696253560504,0,0
state,1435,6.8728052923133971e-53,6.8728052923133795e-53,1.7618729215765252e-67,1.7618729215765252e-67
state,1436,1.243656831419607e-52,1.2436568314196044e-52,2.596444305481195e-67,2.596444305481195e-67
state,1437,6.7851831119417485e-53,6.78518311194173e-53,1.8546030753437107e-67,1.8546030753437107e-67
state,1438,1.2352108064824444e-52,1.2352108064824412e-52,3.1528252280843082e-67,3.1528252280843082e-67
state,1439,6.7370195175537413e-53,6.7370195175537237e-53,1.7618729215765252e-67,1.7618729215765252e-67
state,1440,1002.2696253560504,1002.2696253560504,0,0
state,1441,1.331819634453864e-54,1.3318196344538652e-54,1.1591269220898192e-69,1.1591269220898192e-69
state,1442,2.3767608284186385e-54,2.3767608284186422e-54,3.7671624967919123e-69,3.7671624967919123e-69
state,1443,1.3152840810425689e-54,1.3152840810425704e-54,1.448908652612274e-69,1.448908652612274e-69
state,1444,2.3611176865975859e-54,2.3611176865975885e-54,2.6080355747020932e-69,2.6080355747020932e-69
state,1445,1.3062132378783237e-54,1.3062132378783248e-54,1.1591269220898192e-69,1.1591269220898192e-69
state,1446,1002.2696253560504,1002.2696253560504,0,0
state,1447,2.5070753242199366e-56,2.5070753242199366e-56,0,0
state,1448,4.4152571135696763e-56,4.4152571135696799e-56,3.6222716315306849e-71,3.6222716315306849e-71
state,1449,2.4767387453680714e-56,2.4767387453680723e-56,9.0556790788267124e-72,9.0556790788267124e-72
state,1450,4.3870689989302064e-56,4.3870689989302082e-56,1.8111358157653425e-71,1.8111358157653425e-71
state,1451,2.4601297997342049e-56,2.4601297997342049e-56,0,0
state,1452,1002.2696253560504,1002.2696253560504,0,0
state,1453,4.5882623212211371e-58,4.5882623212211548e-58,1.7686873200833423e-72,1.7686873200833423e-72
state,1454,7.9788878295075862e-58,7.9788878295076187e-58,3.2543846689533498e-72,3.2543846689533498e-72
state,1455,4.5341145967707056e-58,4.5341145967707211e-58,1.5564448416733412e-72,1.5564448416733412e-72
state,1456,7.9294357162947262e-58,7.9294357162947602e-58,3.3958796545600171e-72,3.3958796545600171e-72
state,1457,4.5045260551824436e-58,4.5045260551824599e-58,1.6271923344766749e-72,1.6271923344766749e-72
state,1458,1002.2696253560504,1002.2696253560504,0,0
state,1459,8.1699029724585243e-60,8.1699029724585486e-60,2.4319450651145956e-74,2.4319450651145956e-74
state,1460,1.403642808102486e-59,1.4036428081024902e-59,4.2006323851979379e-74,4.2006323851979379e-74
state,1461,8.0758084374504776e-60,8.0758084374505019e-60,2.4319450651145956e-74,2.4319450651145956e-74
state,1462,1.39519061397793e-59,1.3951906139779344e-59,4.4217183002083556e-74,4.4217183002083556e-74
state,1463,8.0244873484532298e-60,8.0244873484532508e-60,2.1003161925989689e-74,2.1003161925989689e-74
state,1464,1002.2696253560504,1002.2696253560504,0,0
state,1465,1.4163952286691763e-61,1.4163952286691792e-61,2.9362973087321112e-76,2.9362973087321112e-76
state,1466,2.4054375777354301e-61,2.4054375777354364e-61,6.2180413596680001e-76,6.2180413596680001e-76
state,1467,1.4004655167279866e-61,1.4004655167279892e-61,2.5908505665283334e-76,2.5908505665283334e-76
state,1468,2.3913546420299999e-61,2.3913546420300062e-61,6.2180413596680001e-76,6.2180413596680001e-76
state,1469,1.3917929710259899e-61,1.3917929710259925e-61,2.5908505665283334e-76,2.5908505665283334e-76
state,1470,1002.2696253560504,1002.2696253560504,0,0
state,1471,2.3924647843659999e-63,2.3924647843660032e-63,3.2385632081604167e-78,3.2385632081604167e-78
state,1472,4.0182302124466056e-63,4.0182302124466121e-63,6.4771264163208335e-78,6.4771264163208335e-78
state,1473,2.3661751342202079e-63,2.3661751342202117e-63,3.7783237428538195e-78,3.7783237428538195e-78
state,1474,3.9953418259730226e-63,3.9953418259730296e-63,7.0168869510142363e-78,7.0168869510142363e-78
state,1475,2.3518878829363313e-63,2.3518878829363338e-63,2.4289224061203126e-78,2.4289224061203126e-78
state,1476,1002.2696253560504,1002.2696253560504,0,0
state,1477,3.9398492523918978e-65,3.9398492523918995e-65,1.6867516709168837e-80,1.6867516709168837e-80
state,1478,6.5470336311904632e-65,6.54703363119047e-65,6.7470066836675349e-80,6.7470066836675349e-80
state,1479,3.897528288931654e-65,3.8975282889316574e-65,3.3735033418337674e-80,3.3735033418337674e-80
state,1480,6.510727368658877e-65,6.5107273686588846e-65,7.5903825191259767e-80,7.5903825191259767e-80
state,1481,3.874568835771833e-65,3.8745688357718339e-65,8.4337583545844186e-81,8.4337583545844186e-81
state,1482,1002.2696253560504,1002.2696253560504,0,0
state,1483,6.3292443972898877e-67,6.3292443972898863e-67,1.3177747429038154e-82,1.3177747429038154e-82
state,1484,1.0410605454947882e-66,1.0410605454947881e-66,1.3177747429038154e-82,1.3177747429038154e-82
state,1485,6.2627525925125154e-67,6.2627525925125167e-67,1.3177747429038154e-82,1.3177747429038154e-82
state,1486,1.0354367890161745e-66,1.0354367890161749e-66,3.9533242287114462e-82,3.9533242287114462e-82
state,1487,6.2267418464710535e-67,6.2267418464710496e-67,3.9533242287114462e-82,3.9533242287114462e-82
state,1488,1002.2696253560504,1002.2696253560504,0,0
state,1489,9.9246320551540092e-69,9.9246320551539989e-69,1.0295115178936058e-83,1.0295115178936058e-83
state,1490,1.6164766371016869e-68,1.6164766371016851e-68,1.8531207322084904e-83,1.8531207322084904e-83
state,1491,9.8226182619840836e-69,9.8226182619840775e-69,6.1770691073616347e-84,6.1770691073616347e-84
state,1492,1.6079657804177336e-68,1.6079657804177325e-68,1.0295115178936058e-83,1.0295115178936058e-83
state,1493,9.7674618752676789e-69,9.7674618752676645e-69,1.4413161250510481e-83,1.4413161250510481e-83
state,1494,1002.2696253560504,1002.2696253560504,0,0
state,1495,1.5198720576304667e-70,1.5198720576304641e-70,2.5737787947340145e-85,2.5737787947340145e-85
state,1496,2.452188442216335e-70,2.4521884422163305e-70,4.5041128907845253e-85,4.5041128907845253e-85
state,1497,1.5045804406553088e-70,1.5045804406553063e-70,2.5737787947340145e-85,2.5737787947340145e-85
state,1498,2.4395981772039189e-70,2.439598177203915e-70,3.8606681921010217e-85,3.8606681921010217e-85
state,1499,1.4963261980630785e-70,1.4963261980630749e-70,3.5389458427592699e-85,3.5389458427592699e-85
state,1500,1002.2696253560504,1002.2696253560504,0,0
state,1501,2.2743536277769832e-72,2.2743536277769766e-72,6.5349852210043336e-87,6.5349852210043336e-87
state,1502,3.6361974586945574e-72,3.6361974586945468e-72,1.0556514587776231e-86,1.0556514587776231e-86
state,1503,2.2519474856911271e-72,2.2519474856911208e-72,6.28363963558109e-87,6.28363963558109e-87
state,1504,3.6179830608882065e-72,3.6179830608881989e-72,7.540367562697308e-87,7.540367562697308e-87
state,1505,2.2398723799437904e-72,2.2398723799437836e-72,6.7863308064275772e-87,6.7863308064275772e-87
state,1506,1002.2696253560504,1002.2696253560504,0,0
state,1507,3.3272451760557275e-74,3.3272451760557165e-74,1.0996369362266907e-88,1.0996369362266907e-88
state,1508,5.2730089794889697e-74,5.2730089794889517e-74,1.8065463952295634e-88,1.8065463952295634e-88
state,1509,3.2951377234997502e-74,3.2951377234997396e-74,1.0603641885043089e-88,1.0603641885043089e-88
state,1510,5.2472275030872336e-74,5.2472275030872186e-74,1.4923644134505089e-88,1.4923644134505089e-88
state,1511,3.2778617676919902e-74,3.2778617676919764e-74,1.3745461702833634e-88,1.3745461702833634e-88
state,1512,1002.2696253560504,1002.2696253560504,0,0
state,1513,4.7609636767266311e-76,4.760963676726655e-76,2.3931830643326417e-90,2.3931830643326417e-90
state,1514,7.4814506810596058e-76,7.4814506810596414e-76,3.5590927623408518e-90,3.5590927623408518e-90
state,1515,4.7159476963138959e-76,4.715947696313918e-76,2.2090920593839769e-90,2.2090920593839769e-90
state,1516,7.4457316110898973e-76,7.4457316110899353e-76,3.8045474356057381e-90,3.8045474356057381e-90
state,1517,4.6917637633691933e-76,4.691763763369213e-76,1.9636373861190906e-90,1.9636373861190906e-90
state,1518,1002.2696253560504,1002.2696253560504,0,0
state,1519,6.6663190072890363e-78,6.6663190072890631e-78,2.6846604888346942e-92,2.6846604888346942e-92
state,1520,1.0390091104899616e-77,1.0390091104899657e-77,4.0269907332520413e-92,4.0269907332520413e-92
state,1521,6.6045403755995242e-78,6.6045403755995501e-78,2.588779757090598e-92,2.588779757090598e-92
state,1522,1.0341632548889256e-77,1.03416325488893e-77,4.4105136602284262e-92,4.4105136602284262e-92
state,1523,6.5714018322816367e-78,6.5714018322816588e-78,2.2052568301142131e-92,2.2052568301142131e-92
state,1524,1002.2696253560504,1002.2696253560504,0,0
state,1525,9.1379222401170464e-80,9.1379222401170794e-80,3.2959001537033076e-94,3.2959001537033076e-94
state,1526,1.4129954939567064e-79,1.4129954939567106e-79,4.1947820138042097e-94,4.1947820138042097e-94
state,1527,9.0548987007494766e-80,9.0548987007495081e-80,3.1460865103531573e-94,3.1460865103531573e-94
state,1528,1.4065554327030037e-79,1.4065554327030091e-79,5.3932911606054125e-94,5.3932911606054125e-94
state,1529,9.010431314749293e-80,9.0104313147493125e-80,1.9475773635519545e-94,1.9475773635519545e-94
state,1530,300,300,0,0
state,1531,300,300,0,0
state,1532,300,300,0,0
state,1533,300,300,0,0
state,1534,300,300,0,0
state,1535,300,300,0,0
state,1536,300,300,0,0
state,1537,300,300,0,0
state,1538,300,300,0,0
state,1539,300,300,0,0
state,1540,300,300,0,0
state,1541,300,300,0,0
state,1542,300,300,0,0
state,1543,300,300,0,0
state,1544,300,300,0,0
state,1545,300,300,0,0
state,1546,300,300,0,0
state,1547,300,300,0,0
state,1548,300,300,0,0
state,1549,300,300,0,0
state,1550,300,300,0,0
state,1551,300,300,0,0
state,1552,300,300,0,0
state,1553,300,300,0,0
state,1554,300,300,0,0
state,1555,300,300,0,0
state,1556,300,300,0,0
state,1557,300,300,0,0
state,1558,300,300,0,0
state,1559,300,300,0,0
state,1560,300,300,0,0
state,1561,300,300,0,0
state,1562,300,300,0,0
state,1563,300,300,0,0
state,1564,300,300,0,0
state,1565,300,300,0,0
state,1566,300,300,0,0
state,1567,300,300,0,0
state,1568,300,300,0,0
state,1569,300,300,0,0
state,1570,300,300,0,0
state,1571,300,300,0,0
state,1572,300,300,0,0
state,1573,300,300,0,0
state,1574,300,300,0,0
state,1575,300,300,0,0
state,1576,300,300,0,0
state,1577,300,300,0,0
state,1578,300,300,0,0
state,1579,300,300,0,0
state,1580,300,300,0,0
state,1581,300,300,0,0
state,1582,300,300,0,0
state,1583,300,300,0,0
state,1584,300,300,0,0
state,1585,300,300,0,0
state,1586,300,300,0,0
state,1587,300,300,0,0
state,1588,300,300,0,0
state,1589,300,300,0,0
state,1590,300,300,0,0
state,1591,300,300,0,0
state,1592,300,300,0,0
state,1593,300,300,0,0
state,1594,300,300,0,0
state,1595,300,300,0,0
state,1596,300,300,0,0
state,1597,300,300,0,0
state,1598,300,300,0,0
state,1599,300,300,0,0
state,1600,300,300,0,0
state,1601,300,300,0,0
state,1602,300,300,0,0
state,1603,300,300,0,0
state,1604,300,300,0,0
state,1605,300,300,0,0
state,1606,300,300,0,0
state,1607,300,300,0,0
state,1608,300,300,0,0
state,1609,300,300,0,0
state,1610,300,300,0,0
state,1611,300,300,0,0
state,1612,300,300,0,0
state,1613,300,300,0,0
state,1614,300,300,0,0
state,1615,300,300,0,0
state,1616,300,300,0,0
state,1617,300,300,0,0
state,1618,300,300,0,0
state,1619,300,300,0,0
state,1620,300,300,0,0
state,1621,300,300,0,0
state,1622,300,300,0,0
state,1623,300,300,0,0
state,1624,300,300,0,0
state,1625,300,300,0,0
state,1626,300,300,0,0
state,1627,300,300,0,0
state,1628,300,300,0,0
state,1629,300,300,0,0
state,1630,300,300,0,0
state,1631,300,300,0,0
state,1632,300,300,0,0
state,1633,300,300,0,0
state,1634,300,300,0,0
state,1635,300,300,0,0
state,1636,300,300,0,0
state,1637,300,300,0,0
state,1638,300,300,0,0
state,1639,300,300,0,0
state,1640,300,300,0,0
state,1641,300,300,0,0
state,1642,300,300,0,0
state,1643,300,300,0,0
state,1644,300,300,0,0
state,1645,300,300,0,0
state,1646,300,300,0,0
state,1647,300,300,0,0
state,1648,300,300,0,0
state,1649,300,300,0,0
state,1650,300,300,0,0
state,1651,300,300,0,0
state,1652,300,300,0,0
state,1653,300,300,0,0
state,1654,300,300,0,0
state,1655,300,300,0,0
state,1656,300,300,0,0
state,1657,300,300,0,0
state,1658,300,300,0,0
state,1659,300,300,0,0
state,1660,300,300,0,0
state,1661,300,300,0,0
state,1662,300,300,0,0
state,1663,300,300,0,0
state,1664,300,300,0,0
state,1665,300,300,0,0
state,1666,300,300,0,0
state,1667,300,300,0,0
state,1668,300,300,0,0
state,1669,300,300,0,0
state,1670,300,300,0,0
state,1671,300,300,0,0
state,1672,300,300,0,0
state,1673,300,300,0,0
state,1674,300,300,0,0
state,1675,300,300,0,0
state,1676,300,300,0,0
state,1677,300,300,0,0
state,1678,300,300,0,0
state,1679,300,300,0,0
state,1680,300,300,0,0
state,1681,300,300,0,0
state,1682,300,300,0,0
total_pressure,0,2500000,2500000,0,0
total_pressure,1,2499840.1175340065,2499840.1175340065,0,0
total_pressure,2,2499721.9714282807,2499721.9714282807,0,0
total_pressure,3,2499620.9677710496,2499620.9677710496,0,0
total_pressure,4,2499521.8020627862,2499521.8020627862,0,0
total_pressure,5,2499422.6941160639,2499422.6941160639,0,0
total_pressure,6,2499323.5878994004,2499323.5878994004,0,0
total_pressure,7,2499224.4817361818,2499224.4817361818,0,0
total_pressure,8,2499125.3755746572,2499125.3755746572,0,0
total_pressure,9,2499026.2694131462,2499026.2694131462,0,0
total_pressure,10,2498927.1632516365,2498927.1632516365,0,0
total_pressure,11,2498828.0570901274,2498828.0570901274,0,0
total_pressure,12,2498728.9509286182,2498728.9509286182,0,0
total_pressure,13,2498629.844767109,2498629.844767109,0,0
total_pressure,14,2498530.7386055999,2498530.7386055999,0,0
total_pressure,15,2498431.6324440907,2498431.6324440907,0,0
total_pressure,16,2498332.5262825815,2498332.5262825815,0,0
total_pressure,17,2498233.4201210723,2498233.4201210723,0,0
total_pressure,18,2498134.3139595632,2498134.3139595632,0,0
total_pressure,19,2498035.207798054,2498035.207798054,0,0
total_pressure,20,2497936.1016365448,2497936.1016365448,0,0
total_pressure,21,2497836.9954750356,2497836.9954750356,0,0
total_pressure,22,2497737.8893135265,2497737.8893135265,0,0
total_pressure,23,2497638.7831520173,2497638.7831520173,0,0
total_pressure,24,2497539.6769905081,2497539.6769905081,0,0
total_pressure,25,2497440.5708289989,2497440.5708289989,0,0
total_pressure,26,2497341.4646674898,2497341.4646674898,0,0
total_pressure,27,2497242.3585059806,2497242.3585059806,0,0
total_pressure,28,2497143.2523444714,2497143.2523444714,0,0
total_pressure,29,2497044.1461829622,2497044.1461829622,0,0
total_pressure,30,2496945.0400214531,2496945.0400214531,0,0
total_pressure,31,2496845.9338599439,2496845.9338599439,0,0
total_pressure,32,2496746.8276984347,2496746.8276984347,0,0
total_pressure,33,2496647.7215369255,2496647.7215369255,0,0
total_pressure,34,2496548.6153754164,2496548.6153754164,0,0
total_pressure,35,2496449.5092139072,2496449.5092139072,0,0
total_pressure,36,2496350.403052398,2496350.403052398,0,0
total_pressure,37,2496251.2968908888,2496251.2968908888,0,0
total_pressure,38,2496152.1907293797,2496152.1907293797,0,0
total_pressure,39,2496053.0845678705,2496053.0845678705,0,0
total_pressure,40,2495953.9784063613,2495953.9784063613,0,0
total_pressure,41,2495854.8722448521,2495854.8722448521,0,0
total_pressure,42,2495755.766083343,2495755.766083343,0,0
total_pressure,43,2495656.6599218338,2495656.6599218338,0,0
total_pressure,44,2495557.5537603246,2495557.5537603246,0,0
total_pressure,45,2495458.4475988154,2495458.4475988154,0,0
total_pressure,46,2495359.3414373063,2495359.3414373063,0,0
total_pressure,47,2495260.2352757971,2495260.2352757971,0,0
total_pressure,48,2495161.1291142879,2495161.1291142879,0,0
total_pressure,49,2495062.0229527787,2495062.0229527787,0,0
total_pressure,50,2494962.9167912696,2494962.9167912696,0,0
interstitial_gas_velocity,0,0.10000000000000001,0.10000000000000001,0,0
interstitial_gas_velocity,1,0.085871728854331558,0.085871728854331558,0,0
interstitial_gas_velocity,2,0.079349842710858917,0.079349842710858917,0,0
interstitial_gas_velocity,3,0.078619934506822614,0.078619934506822614,0,0
interstitial_gas_velocity,4,0.078597030305443377,0.078597030305443377,0,0
interstitial_gas_velocity,5,0.078596344563716308,0.078596344563716308,0,0
interstitial_gas_velocity,6,0.07859632337405828,0.07859632337405828,0,0
interstitial_gas_velocity,7,0.078596322703689978,0.078596322703689978,0,0
interstitial_gas_velocity,8,0.078596322697293913,0.078596322697293913,0,0
interstitial_gas_velocity,9,0.078596322696623935,0.078596322696623935,0,0
interstitial_gas_velocity,10,0.078596322696536811,0.078596322696536811,0,0
interstitial_gas_velocity,11,0.078596322696527193,0.078596322696527193,0,0
interstitial_gas_velocity,12,0.078596322696526277,0.078596322696526277,0,0
interstitial_gas_velocity,13,0.078596322696526,0.078596322696526,0,0
interstitial_gas_velocity,14,0.078596322696526069,0.078596322696526069,0,0
interstitial_gas_velocity,15,0.078596322696526069,0.078596322696526069,0,0
interstitial_gas_velocity,16,0.078596322696526069,0.078596322696526069,0,0
interstitial_gas_velocity,17,0.078596322696526069,0.078596322696526069,0,0
interstitial_gas_velocity,18,0.078596322696526069,0.078596322696526069,0,0
interstitial_gas_velocity,19,0.078596322696526069,0.078596322696526069,0,0
interstitial_gas_velocity,20,0.078596322696526069,0.078596322696526069,0,0
interstitial_gas_velocity,21,0.078596322696526069,0.078596322696526069,0,0
interstitial_gas_velocity,22,0.078596322696526069,0.078596322696526069,0,0
interstitial_gas_velocity,23,0.078596322696526069,0.078596322696526069,0,0
interstitial_gas_velocity,24,0.078596322696526069,0.078596322696526069,0,0
interstitial_gas_velocity,25,0.078596322696526069,0.078596322696526069,0,0
interstitial_gas_velocity,26,0.078596322696526069,0.078596322696526069,0,0
interstitial_gas_velocity,27,0.078596322696526069,0.078596322696526069,0,0
interstitial_gas_velocity,28,0.078596322696526069,0.078596322696526069,0,0
interstitial_gas_velocity,29,0.078596322696526069,0.078596322696526069,0,0
interstitial_gas_velocity,30,0.078596322696526069,0.078596322696526069,0,0
interstitial_gas_velocity,31,0.078596322696526069,0.078596322696526069,0,0
interstitial_gas_velocity,32,0.078596322696526069,0.078596322696526069,0,0
interstitial_gas_velocity,33,0.078596322696526069,0.078596322696526069,0,0
interstitial_gas_velocity,34,0.078596322696526069,0.078596322696526069,0,0
interstitial_gas_velocity,35,0.078596322696526069,0.078596322696526069,0,0
interstitial_gas_velocity,36,0.078596322696526069,0.078596322696526069,0,0
interstitial_gas_velocity,37,0.078596322696526069,0.078596322696526069,0,0
interstitial_gas_velocity,38,0.078596322696526069,0.078596322696526069,0,0
interstitial_gas_velocity,39,0.078596322696526069,0.078596322696526069,0,0
interstitial_gas_velocity,40,0.078596322696526069,0.078596322696526069,0,0
interstitial_gas_velocity,41,0.078596322696526069,0.078596322696526069,0,0
interstitial_gas_velocity,42,0.078596322696526069,0.078596322696526069,0,0
interstitial_gas_velocity,43,0.078596322696526069,0.078596322696526069,0,0
interstitial_gas_velocity,44,0.078596322696526069,0.078596322696526069,0,0
interstitial_gas_velocity,45,0.078596322696526069,0.078596322696526069,0,0
interstitial_gas_velocity,46,0.078596322696526069,0.078596322696526069,0,0
interstitial_gas_velocity,47,0.078596322696526069,0.078596322696526069,0,0
interstitial_gas_velocity,48,0.078596322696526069,0.078596322696526069,0,0
interstitial_gas_velocity,49,0.078596322696526069,0.078596322696526069,0,0
interstitial_gas_velocity,50,0.078596322696526069,0.078596322696526069,0,0
