field,index,singlebed,multibed,absolute_difference,relative_difference
state,0,701.58873774923518,701.58873774923518,0,0
state,1,60.136177521363017,60.136177521363017,0,0
state,2,60.136177521363017,60.136177521363017,0,0
state,3,60.136177521363017,60.136177521363017,0,0
state,4,60.136177521363017,60.136177521363017,0,0
state,5,60.136177521363017,60.136177521363017,0,0
state,6,896.0958258278132,896.0958258278132,0,0
state,7,22.241489962645392,22.241489962645392,0,0
state,8,21.973366361676867,21.97336636167687,3.5527136788005009e-15,1.6168272172427294e-16
state,9,21.056994128025266,21.056994128025266,0,0
state,10,20.987573950670047,20.987573950670047,0,0
state,11,19.948478834031235,19.948478834031238,3.5527136788005009e-15,1.7809446566621038e-16
state,12,992.18109994438021,992.18109994438009,1.1368683772161603e-13,1.1458274878244415e-16
state,13,2.0580529404891972,2.0580529404891972,0,0
state,14,2.3609488623033559,2.3609488623033559,0,0
state,15,1.8513846664264886,1.8513846664264886,0,0
state,16,2.1743498620563297,2.1743498620563289,8.8817841970012523e-16,4.0847999450288819e-16
state,17,1.6794337069761451,1.6794337069761451,0,0
state,18,1001.9521402973372,1001.9521402973372,0,0
state,19,0.054011851254182772,0.054011851254182786,1.3877787807814457e-17,1.3877787807814457e-17
state,20,0.09144777589278992,0.091447775892789962,4.163336342344337e-17,4.163336342344337e-17
state,21,0.048531703566854649,0.048531703566854677,2.7755575615628914e-17,2.7755575615628914e-17
state,22,0.08418212843355552,0.084182128433555548,2.7755575615628914e-17,2.7755575615628914e-17
state,23,0.043991808503000947,0.043991808503000954,6.9388939039072284e-18,6.9388939039072284e-18
state,24,1002.2600546669088,1002.2600546669088,0,0
state,25,0.0012961644290055156,0.0012961644290055243,8.6736173798840355e-18,8.6736173798840355e-18
state,26,0.0032212588428270619,0.0032212588428270602,1.7347234759768071e-18,1.7347234759768071e-18
state,27,0.0011674528093222364,0.0011674528093222308,5.6378512969246231e-18,5.6378512969246231e-18
state,28,0.0029743608798775251,0.0029743608798775251,0,0
state,29,0.0010606297955140715,0.001060629795514068,3.4694469519536142e-18,3.4694469519536142e-18
state,30,1002.2693276769301,1002.2693276769301,0,0
state,31,3.1046234157046638e-05,3.1046234157046523e-05,1.1519648082658485e-19,1.1519648082658485e-19
state,32,0.00011293130398935095,0.00011293130398935083,1.2197274440461925e-19,1.2197274440461925e-19
state,33,2.8034953697927518e-05,2.8034953697927549e-05,3.0493186101154812e-20,3.0493186101154812e-20
state,34,0.00010461736521441152,0.00010461736521441157,5.4210108624275222e-20,5.4210108624275222e-20
state,35,2.5530673251690947e-05,2.5530673251691025e-05,7.7927031147395631e-20,7.7927031147395631e-20
state,36,1002.2696158426846,1002.2696158426846,0,0
state,37,7.4388890883491475e-07,7.4388890883491591e-07,1.164670302474663e-21,1.164670302474663e-21
state,38,3.9519487428078884e-06,3.9519487428078858e-06,2.541098841762901e-21,2.541098841762901e-21
state,39,6.7350900296777329e-07,6.7350900296776937e-07,3.9175273810511391e-21,3.9175273810511391e-21
state,40,3.6734067646664445e-06,3.6734067646664466e-06,2.1175823681357508e-21,2.1175823681357508e-21
state,41,6.1485578657032989e-07,6.1485578657033275e-07,2.8587361969832636e-21,2.8587361969832636e-21
state,42,1002.2696250353558,1002.2696250353558,0,0
state,43,1.7839862296984911e-08,1.7839862296985155e-08,2.4484546131569619e-22,2.4484546131569619e-22
state,44,1.3803263607889676e-07,1.3803263607889647e-07,2.9116757561866574e-22,2.9116757561866574e-22
state,45,1.6196462770598084e-08,1.6196462770597673e-08,4.1028158382630173e-22,4.1028158382630173e-22
state,46,1.2875331238207892e-07,1.2875331238207892e-07,0,0
state,47,1.4823923368003889e-08,1.4823923368004007e-08,1.1745964698252993e-22,1.1745964698252993e-22
state,48,1002.2696252972604,1002.2696252972604,0,0
state,49,3.5975248463827583e-09,3.5975248463828774e-09,1.1911400820763599e-22,1.1911400820763599e-22
state,50,2.500063191854314e-08,2.500063191854312e-08,1.9852334701272664e-23,1.9852334701272664e-23
state,51,3.3452728347059752e-09,3.3452728347057883e-09,1.8694281843698425e-22,1.8694281843698425e-22
state,52,2.371102646175094e-08,2.3711026461750953e-08,1.3234889800848443e-23,1.3234889800848443e-23
state,53,3.1317554570569187e-09,3.1317554570569791e-09,6.038418471637102e-23,6.038418471637102e-23
state,54,1002.269625347004,1002.269625347004,0,0
state,55,6.1991549041675658e-10,6.199154904167662e-10,9.6159746209289467e-24,9.6159746209289467e-24
state,56,3.7139375456331057e-09,3.7139375456331032e-09,2.481541837659083e-24,2.481541837659083e-24
state,57,5.8654731638481392e-10,5.8654731638480006e-10,1.3855275260263214e-23,1.3855275260263214e-23
state,58,3.5636428457432434e-09,3.5636428457432463e-09,2.8951321439355969e-24,2.8951321439355969e-24
state,59,5.5801863789881963e-10,5.5801863789882325e-10,3.6189151799194961e-24,3.6189151799194961e-24
state,60,1002.2696253548899,1002.2696253548899,0,0
state,61,8.8315827772742073e-11,8.831582777274259e-11,5.169878828456423e-25,5.169878828456423e-25
state,62,4.586268641004251e-10,4.5862686410042474e-10,3.6189151799194961e-25,3.6189151799194961e-25
state,63,8.4485641294156458e-11,8.4485641294155903e-11,5.5576197405906547e-25,5.5576197405906547e-25
state,64,4.4355244131935891e-10,4.4355244131935922e-10,3.1019272970738538e-25,3.1019272970738538e-25
state,65,8.1188110789654518e-11,8.1188110789654518e-11,0,0
state,66,1002.2696253559228,1002.2696253559228,0,0
state,67,1.0371925435749176e-11,1.0371925435749191e-11,1.454028420503369e-26,1.454028420503369e-26
state,68,4.7704085744896007e-11,4.7704085744895929e-11,7.7548182426846345e-26,7.7548182426846345e-26
state,69,9.9904954260025349e-12,9.9904954260025171e-12,1.7771458472818954e-26,1.7771458472818954e-26
state,70,4.6382839816050105e-11,4.6382839816050093e-11,1.2924697071141057e-26,1.2924697071141057e-26
state,71,9.6606023047577805e-12,9.6606023047577659e-12,1.454028420503369e-26,1.454028420503369e-26
state,72,1002.269625356037,1002.269625356037,0,0
state,73,1.0199722993335867e-12,1.0199722993335883e-12,1.6155871338926322e-27,1.6155871338926322e-27
state,74,4.2450206486396049e-12,4.2450206486396041e-12,8.0779356694631609e-28,8.0779356694631609e-28
state,75,9.8690533647346767e-13,9.8690533647346807e-13,4.0389678347315804e-28,4.0389678347315804e-28
state,76,4.1427499191409931e-12,4.1427499191409996e-12,6.4623485355705287e-27,6.4623485355705287e-27
state,77,9.5822129788621434e-13,9.5822129788621454e-13,2.0194839173657902e-28,2.0194839173657902e-28
state,78,1002.2696253560501,1002.2696253560501,0,0
state,79,8.5725626260531345e-14,8.5725626260531395e-14,5.0487097934144756e-29,5.0487097934144756e-29
state,80,3.2842851172665408e-13,3.2842851172665372e-13,3.5340968553901329e-28,3.5340968553901329e-28
state,81,8.3210276235080784e-14,8.3210276235080758e-14,2.5243548967072378e-29,2.5243548967072378e-29
state,82,3.213739856024763e-13,3.2137398560247661e-13,3.0292258760486853e-28,3.0292258760486853e-28
state,83,8.1024112554731983e-14,8.1024112554731971e-14,1.2621774483536189e-29,1.2621774483536189e-29
state,84,1002.2696253560504,1002.2696253560504,0,0
state,85,6.2785506683952677e-15,6.2785506683952677e-15,0,0
state,86,2.2428966450441371e-14,2.242896645044133e-14,4.1020767071492614e-29,4.1020767071492614e-29
state,87,6.1089268243864779e-15,6.1089268243864652e-15,1.2621774483536189e-29,1.2621774483536189e-29
state,88,2.1991568960382804e-14,2.199156896038281e-14,6.3108872417680944e-30,6.3108872417680944e-30
state,89,5.9613133549963571e-15,5.9613133549963563e-15,7.8886090522101181e-31,7.8886090522101181e-31
state,90,1002.2696253560504,1002.2696253560504,0,0
state,91,4.0748249847919964e-16,4.0748249847920033e-16,6.9025329206838533e-31,6.9025329206838533e-31
state,92,1.3702986639056484e-15,1.3702986639056478e-15,5.9164567891575885e-31,5.9164567891575885e-31
state,93,3.9723254894219993e-16,3.9723254894219958e-16,3.4512664603419266e-31,3.4512664603419266e-31
state,94,1.3457182961068579e-15,1.3457182961068604e-15,2.5637979419682884e-30,2.5637979419682884e-30
state,95,3.8830495279463054e-16,3.8830495279463103e-16,4.9303806576313238e-31,4.9303806576313238e-31
state,96,1002.2696253560504,1002.2696253560504,0,0
state,97,2.376487294090612e-17,2.3764872940906129e-17,9.2444637330587321e-33,9.2444637330587321e-33
state,98,7.5769415159734685e-17,7.5769415159734611e-17,7.3955709864469857e-32,7.3955709864469857e-32
state,99,2.3204183681045577e-17,2.320418368104554e-17,3.6977854932234928e-32,3.6977854932234928e-32
state,100,7.4507535670311556e-17,7.4507535670311654e-17,9.8607613152626476e-32,9.8607613152626476e-32
state,101,2.2715542885703713e-17,2.2715542885703723e-17,9.2444637330587321e-33,9.2444637330587321e-33
state,102,1002.2696253560504,1002.2696253560504,0,0
state,103,1.2599956550168657e-18,1.2599956550168653e-18,3.8518598887744717e-34,3.8518598887744717e-34
state,104,3.8294978937604593e-18,3.8294978937604508e-18,8.4740917553038378e-33,8.4740917553038378e-33
state,105,1.2319747519347591e-18,1.2319747519347564e-18,2.6963019221421302e-33,2.6963019221421302e-33
state,106,3.7698880359722113e-18,3.7698880359722113e-18,0,0
state,107,1.2075447668234245e-18,1.2075447668234243e-18,1.9259299443872359e-34,1.9259299443872359e-34
state,108,1002.2696253560504,1002.2696253560504,0,0
state,109,6.1316155559094935e-20,6.1316155559094983e-20,4.8148248609680896e-35,4.8148248609680896e-35
state,110,1.7840611858116657e-19,1.784061185811665e-19,7.2222372914521344e-35,7.2222372914521344e-35
state,111,6.0026346572683311e-20,6.0026346572683227e-20,8.4259435066941569e-35,8.4259435066941569e-35
state,112,1.7579786096564964e-19,1.7579786096564988e-19,2.4074124304840448e-34,2.4074124304840448e-34
state,113,5.8901527523388937e-20,5.8901527523389009e-20,7.2222372914521344e-35,7.2222372914521344e-35
state,114,1002.2696253560504,1002.2696253560504,0,0
state,115,2.7606832164729441e-21,2.7606832164729512e-21,7.147005652999508e-36,7.147005652999508e-36
state,116,7.7161302291802656e-21,7.7161302291802746e-21,9.0277966143151681e-36,9.0277966143151681e-36
state,117,2.7056118969467121e-21,2.7056118969467136e-21,1.504632769052528e-36,1.504632769052528e-36
state,118,7.6097941615526671e-21,7.6097941615526882e-21,2.1064858766735392e-35,2.1064858766735392e-35
state,119,2.6575770143087087e-21,2.6575770143087158e-21,7.147005652999508e-36,7.147005652999508e-36
state,120,1002.2696253560504,1002.2696253560504,0,0
state,121,1.1576851574544621e-22,1.1576851574544639e-22,1.88079096131566e-37,1.88079096131566e-37
state,122,3.1171109638765918e-22,3.1171109638765932e-22,1.410593220986745e-37,1.410593220986745e-37
state,123,1.1357394924303012e-22,1.1357394924303009e-22,2.350988701644575e-38,2.350988701644575e-38
state,124,3.0765048976496198e-22,3.0765048976496245e-22,4.70197740328915e-37,4.70197740328915e-37
state,125,1.1165959696506299e-22,1.116595969650632e-22,2.1158898314801175e-37,2.1158898314801175e-37
state,126,1002.2696253560504,1002.2696253560504,0,0
state,127,4.547101587699391e-24,4.5471015876993954e-24,4.4081038155835782e-39,4.4081038155835782e-39
state,128,1.1822901195264169e-23,1.1822901195264166e-23,2.9387358770557188e-39,2.9387358770557188e-39
state,129,4.4650467390067076e-24,4.4650467390067018e-24,5.8774717541114375e-39,5.8774717541114375e-39
state,130,1.1676985238397971e-23,1.1676985238397978e-23,7.3468396926392969e-39,7.3468396926392969e-39
state,131,4.3934663524565576e-24,4.3934663524565621e-24,4.4081038155835782e-39,4.4081038155835782e-39
state,132,1002.2696253560504,1002.2696253560504,0,0
state,133,1.6807991875231602e-25,1.6807991875231606e-25,4.5917748078995606e-41,4.5917748078995606e-41
state,134,4.2291243634958734e-25,4.2291243634958679e-25,5.5101297694794727e-40,5.5101297694794727e-40
state,135,1.6518796036367423e-25,1.6518796036367386e-25,3.6734198463196485e-40,3.6734198463196485e-40
state,136,4.1795791377173366e-25,4.1795791377173347e-25,1.8367099231598242e-40,1.8367099231598242e-40
state,137,1.6266518661818502e-25,1.6266518661818511e-25,9.1835496157991212e-41,9.1835496157991212e-41
state,138,1002.2696253560504,1002.2696253560504,0,0
state,139,5.8708226154976864e-27,5.8708226154976842e-27,2.152394441202919e-42,2.152394441202919e-42
state,140,1.4321878549228277e-26,1.4321878549228248e-26,2.8698592549372254e-41,2.8698592549372254e-41
state,141,5.7743626530281484e-27,5.7743626530281305e-27,1.7936620343357659e-41,1.7936620343357659e-41
state,142,1.4162340661384522e-26,1.4162340661384505e-26,1.7219155529623352e-41,1.7219155529623352e-41
state,143,5.6902205525281861e-27,5.6902205525281861e-27,0,0
state,144,1002.2696253560504,1002.2696253560504,0,0
state,145,1.9444790549947168e-28,1.9444790549947224e-28,5.6051938572992683e-43,5.6051938572992683e-43
state,146,4.6070075449065178e-28,4.6070075449065258e-28,8.0714791545109463e-43,8.0714791545109463e-43
state,147,1.9139243493363563e-28,1.9139243493363568e-28,4.4841550858394146e-44,4.4841550858394146e-44
state,148,4.5581333251907634e-28,4.5581333251907759e-28,1.2555634240350361e-42,1.2555634240350361e-42
state,149,1.8872735158152738e-28,1.8872735158152805e-28,6.7262326287591219e-43,6.7262326287591219e-43
state,150,1002.2696253560504,1002.2696253560504,0,0
state,151,6.1255803644019268e-30,6.1255803644019401e-30,1.3312335411085762e-44,1.3312335411085762e-44
state,152,1.4117846295231263e-29,1.411784629523128e-29,1.6815581571897805e-44,1.6815581571897805e-44
state,153,6.0333866448891893e-30,6.0333866448891865e-30,2.8025969286496341e-45,2.8025969286496341e-45
state,154,1.3974996717235761e-29,1.3974996717235792e-29,3.0828566215145976e-44,3.0828566215145976e-44
state,155,5.9529804999179537e-30,5.952980499917967e-30,1.3312335411085762e-44,1.3312335411085762e-44
state,156,1002.2696253560504,1002.2696253560504,0,0
state,157,1.8402839045511347e-31,1.8402839045511371e-31,2.4084817355582793e-46,2.4084817355582793e-46
state,158,4.1319541204655579e-31,4.1319541204655579e-31,0,0
state,159,1.8137152372790458e-31,1.8137152372790438e-31,1.970575965456774e-46,1.970575965456774e-46
state,160,4.0920195077039891e-31,4.0920195077039943e-31,5.254869241218064e-46,5.254869241218064e-46
state,161,1.7905464334006595e-31,1.7905464334006621e-31,2.627434620609032e-46,2.627434620609032e-46
state,162,1002.2696253560504,1002.2696253560504,0,0
state,163,5.2848733173768522e-33,5.2848733173768556e-33,3.4211388289180104e-48,3.4211388289180104e-48
state,164,1.1575992418132733e-32,1.1575992418132727e-32,6.8422776578360209e-48,6.8422776578360209e-48
state,165,5.2115742945423611e-33,5.2115742945423508e-33,1.0263416486754031e-47,1.0263416486754031e-47
state,166,1.146897425349314e-32,1.1468974253493145e-32,5.4738221262688167e-48,5.4738221262688167e-48
state,167,5.1476640704965361e-33,5.1476640704965395e-33,3.4211388289180104e-48,3.4211388289180104e-48
state,168,1002.2696253560504,1002.2696253560504,0,0
state,169,1.4537946441168529e-34,1.4537946441168525e-34,4.276423536147513e-50,4.276423536147513e-50
state,170,3.1106215331894544e-34,3.1106215331894493e-34,5.1317082433770156e-49,5.1317082433770156e-49
state,171,1.4343954114755197e-34,1.4343954114755156e-34,4.0626023593401374e-49,4.0626023593401374e-49
state,172,3.0830752130389776e-34,3.0830752130389751e-34,2.5658541216885078e-49,2.5658541216885078e-49
state,173,1.4174836519450289e-34,1.4174836519450285e-34,4.276423536147513e-50,4.276423536147513e-50
state,174,1002.2696253560504,1002.2696253560504,0,0
state,175,3.8379881429173857e-36,3.837988142917399e-36,1.3363823550460978e-50,1.3363823550460978e-50
state,176,8.0316066377725554e-36,8.0316066377725768e-36,2.1382117680737565e-50,2.1382117680737565e-50
state,177,3.7886448440238464e-36,3.7886448440238497e-36,3.3409558876152446e-51,3.3409558876152446e-51
state,178,7.9633826106284421e-36,7.9633826106284661e-36,2.4054882390829761e-50,2.4054882390829761e-50
state,179,3.7456358292495768e-36,3.7456358292495908e-36,1.4032014727984027e-50,1.4032014727984027e-50
state,180,1002.2696253560504,1002.2696253560504,0,0
state,181,9.7402808826589755e-38,9.7402808826590027e-38,2.7145266586873862e-52,2.7145266586873862e-52
state,182,1.995850193978036e-37,1.9958501939780394e-37,3.3409558876152446e-52,3.3409558876152446e-52
state,183,9.6194591546882919e-38,9.6194591546882919e-38,0,0
state,184,1.9795658558147965e-37,1.9795658558148015e-37,5.0114338314228668e-52,5.0114338314228668e-52
state,185,9.5141661698136293e-38,9.5141661698136564e-38,2.7145266586873862e-52,2.7145266586873862e-52
state,186,1002.2696253560504,1002.2696253560504,0,0
state,187,2.379993515465725e-39,2.3799935154657293e-39,4.2414479041990409e-54,4.2414479041990409e-54
state,188,4.7803873096885547e-39,4.7803873096885593e-39,4.5677131275989672e-54,4.5677131275989672e-54
state,189,2.3514714747894409e-39,2.3514714747894389e-39,1.9575913403995574e-54,1.9575913403995574e-54
state,190,4.7428739534478817e-39,4.7428739534478882e-39,6.5253044679985245e-54,6.5253044679985245e-54
state,191,2.3266198398978922e-39,2.3266198398978971e-39,4.8939783509988934e-54,4.8939783509988934e-54
state,192,1002.2696253560504,1002.2696253560504,0,0
state,193,5.606984097099286e-41,5.6069840970992911e-41,5.0978941156238473e-56,5.0978941156238473e-56
state,194,1.1050760767067427e-40,1.1050760767067431e-40,4.0783152924990778e-56,4.0783152924990778e-56
state,195,5.5419830292954632e-41,5.5419830292954541e-41,9.1762094081229251e-56,9.1762094081229251e-56
state,196,1.096724836583691e-40,1.0967248365836917e-40,6.1174729387486167e-56,6.1174729387486167e-56
state,197,5.4853574738617252e-41,5.4853574738617303e-41,5.0978941156238473e-56,5.0978941156238473e-56
state,198,1002.2696253560504,1002.2696253560504,0,0
state,199,1.2752532900848015e-42,1.2752532900848015e-42,0,0
state,200,2.4686085433293616e-42,2.46860854332936e-42,1.5930919111324523e-57,1.5930919111324523e-57
state,201,1.2609347264392988e-42,1.2609347264392954e-42,3.3454930133781498e-57,3.3454930133781498e-57
state,202,2.4506205944784045e-42,2.4506205944784045e-42,0,0
state,203,1.2484635529856284e-42,1.2484635529856287e-42,3.1861838222649046e-58,3.1861838222649046e-58
state,204,1002.2696253560504,1002.2696253560504,0,0
state,205,2.8034920884492781e-44,2.8034920884492757e-44,2.4892061111444567e-59,2.4892061111444567e-59
state,206,5.3350598043945432e-44,5.3350598043945342e-44,8.9611420001200441e-59,8.9611420001200441e-59
state,207,2.7729703959240199e-44,2.7729703959240099e-44,9.9568244445778267e-59,9.9568244445778267e-59
state,208,5.2975321574216811e-44,5.2975321574216741e-44,6.9697771112044787e-59,6.9697771112044787e-59
state,209,2.7463918541421765e-44,2.746391854142175e-44,1.493523666686674e-59,1.493523666686674e-59
state,210,1002.2696253560504,1002.2696253560504,0,0
state,211,5.9638015607901649e-46,5.963801560790154e-46,1.0890276736256998e-60,1.0890276736256998e-60
state,212,1.116641289959477e-45,1.1166412899594742e-45,2.8003568750375138e-60,2.8003568750375138e-60
state,213,5.9007782017972947e-46,5.9007782017972691e-46,2.566993802117721e-60,2.566993802117721e-60
state,214,1.1090503385425579e-45,1.1090503385425555e-45,2.3336307291979281e-60,2.3336307291979281e-60
state,215,5.8459078206748635e-46,5.8459078206748526e-46,1.0890276736256998e-60,1.0890276736256998e-60
state,216,1002.2696253560504,1002.2696253560504,0,0
state,217,1.2289112237461737e-47,1.2289112237461762e-47,2.4308653429145085e-62,2.4308653429145085e-62
state,218,2.2657096876615794e-47,2.2657096876615818e-47,2.4308653429145085e-62,2.4308653429145085e-62
state,219,1.2162929698600402e-47,1.2162929698600394e-47,7.2925960287435254e-63,7.2925960287435254e-63
state,220,2.2508085279855066e-47,2.2508085279855105e-47,3.8893845486632136e-62,3.8893845486632136e-62
state,221,1.205309257285616e-47,1.2053092572856182e-47,2.1877788086230576e-62,2.1877788086230576e-62
state,222,1002.2696253560504,1002.2696253560504,0,0
state,223,2.4553570273277015e-49,2.4553570273277045e-49,3.0385816786431356e-64,3.0385816786431356e-64
state,224,4.4607922591995884e-49,4.4607922591995906e-49,2.2789362589823517e-64,2.2789362589823517e-64
state,225,2.4308385049831857e-49,2.4308385049831831e-49,2.6587589688127436e-64,2.6587589688127436e-64
state,226,4.4323804826294649e-49,4.4323804826294672e-49,2.2789362589823517e-64,2.2789362589823517e-64
state,227,2.4095003179434564e-49,2.4095003179434576e-49,1.1394681294911758e-64,1.1394681294911758e-64
state,228,1002.2696253560504,1002.2696253560504,0,0
state,229,4.7610498031856118e-51,4.7610498031856355e-51,2.3738919364399497e-65,2.3738919364399497e-65
state,230,8.5292911114089582e-51,8.5292911114089903e-51,3.2047541141939321e-65,3.2047541141939321e-65
state,231,4.7147739869433957e-51,4.7147739869434082e-51,1.2462932666309736e-65,1.2462932666309736e-65
state,232,8.4766309999626461e-51,8.4766309999626817e-51,3.5608379046599245e-65,3.5608379046599245e-65
state,233,4.6745087068979956e-51,4.674508706898017e-51,2.1365027427959547e-65,2.1365027427959547e-65
state,234,1002.2696253560504,1002.2696253560504,0,0
state,235,8.9672263934515994e-53,8.9672263934516347e-53,3.5237458431530503e-67,3.5237458431530503e-67
state,236,1.5851146925202854e-52,1.5851146925202899e-52,4.4510473808249057e-67,4.4510473808249057e-67
state,237,8.8823232425436726e-53,8.8823232425436893e-53,1.6691427678093396e-67,1.6691427678093396e-67
state,238,1.5756196090294904e-52,1.5756196090294956e-52,5.1928886109623899e-67,5.1928886109623899e-67
state,239,8.8084624235653906e-53,8.808462423565424e-53,3.3382855356186792e-67,3.3382855356186792e-67
state,240,1002.2696253560504,1002.2696253560504,0,0
state,241,1.6418470626030969e-54,1.6418470626031021e-54,5.2160711494041863e-69,5.2160711494041863e-69
state,242,2.865421765259437e-54,2.8654217652594423e-54,5.2160711494041863e-69,5.2160711494041863e-69
state,243,1.6266930143357186e-54,1.6266930143357206e-54,2.0284721136571836e-69,2.0284721136571836e-69
state,244,2.848754728772876e-54,2.8487547287728817e-54,5.7956346104490959e-69,5.7956346104490959e-69
state,245,1.6135124789121054e-54,1.6135124789121103e-54,4.9262894188817315e-69,4.9262894188817315e-69
state,246,1002.2696253560504,1002.2696253560504,0,0
state,247,2.9245462916543807e-56,2.924546291654387e-56,6.3389753551786987e-71,6.3389753551786987e-71
state,248,5.0420983527319157e-56,5.0420983527319202e-56,4.5278395394133562e-71,4.5278395394133562e-71
state,249,2.8982147744894076e-56,2.8982147744894089e-56,1.3583518618240069e-71,1.3583518618240069e-71
state,250,5.0135978883140611e-56,5.0135978883140665e-56,5.4334074472960274e-71,5.4334074472960274e-71
state,251,2.8753169168908781e-56,2.8753169168908844e-56,6.3389753551786987e-71,6.3389753551786987e-71
state,252,1002.2696253560504,1002.2696253560504,0,0
state,253,5.0716523141928593e-58,5.0716523141928657e-58,6.3672743523000321e-73,6.3672743523000321e-73
state,254,8.6422493930151888e-58,8.6422493930151902e-58,1.4149498560666738e-73,1.4149498560666738e-73
state,255,5.0270809076617739e-58,5.0270809076617717e-58,2.1224247841000107e-73,2.1224247841000107e-73
state,256,8.594742684371884e-58,8.5947426843718883e-58,4.2448495682000214e-73,4.2448495682000214e-73
state,257,4.9883292335094538e-58,4.9883292335094588e-58,4.9523244962333583e-73,4.9523244962333583e-73
state,258,1002.2696253560504,1002.2696253560504,0,0
state,259,8.5684610652900582e-60,8.5684610652900615e-60,3.3162887251562667e-75,3.3162887251562667e-75
state,260,1.4438338994335651e-59,1.4438338994335644e-59,6.6325774503125335e-75,6.6325774503125335e-75
state,261,8.4949172791549905e-60,8.4949172791549783e-60,1.2159725325572978e-74,1.2159725325572978e-74
state,262,1.4361101441823899e-59,1.4361101441823899e-59,0,0
state,263,8.4309885728996388e-60,8.4309885728996388e-60,0,0
state,264,1002.2696253560504,1002.2696253560504,0,0
state,265,1.4112380872368818e-61,1.411238087236881e-61,8.6361685550944446e-77,8.6361685550944446e-77
state,266,2.3526128045547523e-61,2.3526128045547492e-61,3.1090206798340001e-76,3.1090206798340001e-76
state,267,1.3994020303496541e-61,1.399402030349651e-61,3.1090206798340001e-76,3.1090206798340001e-76
state,268,2.3403575998624009e-61,2.3403575998623982e-61,2.7635739376302223e-76,2.7635739376302223e-76
state,269,1.3891153924619037e-61,1.3891153924619032e-61,5.1817011330566668e-77,5.1817011330566668e-77
state,270,1002.2696253560504,1002.2696253560504,0,0
state,271,2.2673011557595514e-63,2.2673011557595482e-63,3.2385632081604167e-78,3.2385632081604167e-78
state,272,3.7409416059016198e-63,3.7409416059016117e-63,8.0964080204010418e-78,8.0964080204010418e-78
state,273,2.2487107414270511e-63,2.2487107414270441e-63,7.0168869510142363e-78,7.0168869510142363e-78
state,274,3.7219541394313206e-63,3.721954139431313e-63,7.556647485707639e-78,7.556647485707639e-78
state,275,2.2325570175772803e-63,2.232557017577277e-63,3.2385632081604167e-78,3.2385632081604167e-78
state,276,1002.2696253560504,1002.2696253560504,0,0
state,277,3.5553598835783909e-65,3.5553598835783824e-65,8.4337583545844186e-80,8.4337583545844186e-80
state,278,5.8083222034822705e-65,5.8083222034822519e-65,1.8554268380085721e-79,1.8554268380085721e-79
state,279,3.5268477411050858e-65,3.5268477411050714e-65,1.4337389202793512e-79,1.4337389202793512e-79
state,280,5.7795818172698322e-65,5.7795818172698153e-65,1.6867516709168837e-79,1.6867516709168837e-79
state,281,3.5020774375630716e-65,3.5020774375630636e-65,8.0120704368551977e-80,8.0120704368551977e-80
state,282,1002.2696253560504,1002.2696253560504,0,0
state,283,5.4445860961607092e-67,5.4445860961606915e-67,1.7789959029201508e-81,1.7789959029201508e-81
state,284,8.8102906288248855e-67,8.8102906288248499e-67,3.5579918058403016e-81,3.5579918058403016e-81
state,285,5.4018636377781986e-67,5.4018636377781729e-67,2.56966074866244e-81,2.56966074866244e-81
state,286,8.7677688193209129e-67,8.7677688193208787e-67,3.42621433154992e-81,3.42621433154992e-81
state,287,5.3647548880394564e-67,5.36475488803944e-67,1.6472184286297693e-81,1.6472184286297693e-81
state,288,1002.2696253560504,1002.2696253560504,0,0
state,289,8.1467232904010663e-69,8.1467232904011065e-69,4.0150949197850626e-83,4.0150949197850626e-83
state,290,1.3062285650324192e-68,1.3062285650324248e-68,5.5593621966254712e-83,5.5593621966254712e-83
state,291,8.0841506001691451e-69,8.0841506001691709e-69,2.5737787947340145e-83,2.5737787947340145e-83
state,292,1.3000763817591811e-68,1.3000763817591869e-68,5.7652645002041924e-83,5.7652645002041924e-83
state,293,8.0298100231877386e-69,8.0298100231877808e-69,4.2209972233637837e-83,4.2209972233637837e-83
state,294,1002.2696253560504,1002.2696253560504,0,0
state,295,1.1916721625493215e-70,1.1916721625493262e-70,4.6649740654554012e-85,4.6649740654554012e-85
state,296,1.8938563351944223e-70,1.8938563351944291e-70,6.756169336176788e-85,6.756169336176788e-85
state,297,1.1827097970906533e-70,1.1827097970906564e-70,3.0563623187466422e-85,3.0563623187466422e-85
state,298,1.88514788135685e-70,1.8851478813568561e-70,6.1127246374932843e-85,6.1127246374932843e-85
state,299,1.174927960365703e-70,1.1749279603657083e-70,5.3084187641389048e-85,5.3084187641389048e-85
state,300,1002.2696253560504,1002.2696253560504,0,0
state,301,1.704884911306874e-72,1.704884911306879e-72,5.026911708464872e-87,5.026911708464872e-87
state,302,2.6864192555302977e-72,2.6864192555303052e-72,7.540367562697308e-87,7.540367562697308e-87
state,303,1.6923255453893426e-72,1.6923255453893456e-72,3.0161470250789232e-87,3.0161470250789232e-87
state,304,2.6743540537574197e-72,2.6743540537574273e-72,7.540367562697308e-87,7.540367562697308e-87
state,305,1.6814224971021752e-72,1.6814224971021815e-72,6.28363963558109e-87,6.28363963558109e-87
state,306,0,0,0,0
state,307,0.0038023385761465495,0.0038023385761465495,0,0
state,308,0.0041584378329628038,0.0041584378329628038,0,0
state,309,0.0053589336406568442,0.0053589336406568442,0,0
state,310,0.0056232503884007688,0.0056232503884007688,0,0
state,311,0.0071404276389481292,0.0071404276389481292,0,0
state,312,0,0,0,0
state,313,0.0041117832546247752,0.0041117832546247752,0,0
state,314,0.0042688750285759455,0.0042688750285759455,0,0
state,315,0.0048860202908762593,0.0048860202908762593,0,0
state,316,0.0049066093543769116,0.0049066093543769134,1.7347234759768071e-18,1.7347234759768071e-18
state,317,0.0056080578974007046,0.0056080578974007046,0,0
state,318,0,0,0,0
state,319,0.0026015577256652332,0.0026015577256652332,0,0
state,320,0.0023726742853730624,0.0023726742853730624,0,0
state,321,0.0025465669356423523,0.0025465669356423523,0,0
state,322,0.0023394235772869389,0.0023394235772869389,0,0
state,323,0.0024849702795025925,0.0024849702795025925,0,0
state,324,0,0,0,0
state,325,0.00018946503171232655,0.00018946503171232652,2.7105054312137611e-20,2.7105054312137611e-20
state,326,0.00021118739594687885,0.00021118739594687885,0,0
state,327,0.00017462680134397449,0.00017462680134397449,0,0
state,328,0.00019877800067904524,0.0001987780006790454,1.6263032587282567e-19,1.6263032587282567e-19
state,329,0.00016208151061625578,0.0001620815106162558,2.7105054312137611e-20,2.7105054312137611e-20
state,330,0,0,0,0
state,331,4.7746133012035664e-06,4.7746133012035597e-06,6.7762635780344027e-21,6.7762635780344027e-21
state,332,7.7028102795245547e-06,7.7028102795245547e-06,0,0
state,333,4.3988612297696694e-06,4.3988612297696694e-06,0,0
state,334,7.2484256662233283e-06,7.248425666223325e-06,3.3881317890172014e-21,3.3881317890172014e-21
state,335,4.0823465345069046e-06,4.0823465345069038e-06,8.4703294725430034e-22,8.4703294725430034e-22
state,336,0,0,0,0
state,337,1.1348815435742626e-07,1.1348815435742684e-07,5.8233515123733148e-22,5.8233515123733148e-22
state,338,2.6220436231631858e-07,2.6220436231631858e-07,0,0
state,339,1.0482584610292112e-07,1.0482584610292152e-07,3.9704669402545328e-22,3.9704669402545328e-22
state,340,2.4743229128135913e-07,2.4743229128135908e-07,5.2939559203393771e-23,5.2939559203393771e-23
state,341,9.7515861271258129e-08,9.7515861271257097e-08,1.0323214044661785e-21,1.0323214044661785e-21
state,342,0,0,0,0
state,343,2.6884903534204479e-09,2.6884903534205351e-09,8.726755462434442e-23,8.726755462434442e-23
state,344,8.8454428068128478e-09,8.8454428068128478e-09,0,0
state,345,2.4898290191591718e-09,2.4898290191590432e-09,1.286265852519958e-22,1.286265852519958e-22
state,346,8.3712994634722158e-09,8.3712994634722225e-09,6.6174449004242214e-24,6.6174449004242214e-24
state,347,2.3218546537351502e-09,2.3218546537351908e-09,4.0531850015098356e-23,4.0531850015098356e-23
state,348,0,0,0,0
state,349,6.3162976300550289e-11,6.3162976300552357e-11,2.0679515313825692e-24,2.0679515313825692e-24
state,350,2.9463424106253714e-10,2.9463424106253677e-10,3.6189151799194961e-25,3.6189151799194961e-25
state,351,5.8633688300600968e-11,5.8633688300597814e-11,3.153626085358418e-24,3.153626085358418e-24
state,352,2.7959086994721829e-10,2.7959086994721813e-10,1.5509636485369269e-25,1.5509636485369269e-25
state,353,5.4796898191326753e-11,5.4796898191327716e-11,9.6288993180000878e-25,9.6288993180000878e-25
state,354,0,0,0,0
state,355,0,0,0,0
state,356,0,0,0,0
state,357,0,0,0,0
state,358,0,0,0,0
state,359,0,0,0,0
state,360,0,0,0,0
state,361,0,0,0,0
state,362,0,0,0,0
state,363,0,0,0,0
state,364,0,0,0,0
state,365,0,0,0,0
state,366,0,0,0,0
state,367,0,0,0,0
state,368,0,0,0,0
state,369,0,0,0,0
state,370,0,0,0,0
state,371,0,0,0,0
state,372,0,0,0,0
state,373,0,0,0,0
state,374,0,0,0,0
state,375,0,0,0,0
state,376,0,0,0,0
state,377,0,0,0,0
state,378,0,0,0,0
state,379,0,0,0,0
state,380,0,0,0,0
state,381,0,0,0,0
state,382,0,0,0,0
state,383,0,0,0,0
state,384,0,0,0,0
state,385,0,0,0,0
state,386,0,0,0,0
state,387,0,0,0,0
state,388,0,0,0,0
state,389,0,0,0,0
state,390,0,0,0,0
state,391,0,0,0,0
state,392,0,0,0,0
state,393,0,0,0,0
state,394,0,0,0,0
state,395,0,0,0,0
state,396,0,0,0,0
state,397,0,0,0,0
state,398,0,0,0,0
state,399,0,0,0,0
state,400,0,0,0,0
state,401,0,0,0,0
state,402,0,0,0,0
state,403,0,0,0,0
state,404,0,0,0,0
state,405,0,0,0,0
state,406,0,0,0,0
state,407,0,0,0,0
state,408,0,0,0,0
state,409,0,0,0,0
state,410,0,0,0,0
state,411,0,0,0,0
state,412,0,0,0,0
state,413,0,0,0,0
state,414,0,0,0,0
state,415,0,0,0,0
state,416,0,0,0,0
state,417,0,0,0,0
state,418,0,0,0,0
state,419,0,0,0,0
state,420,0,0,0,0
state,421,0,0,0,0
state,422,0,0,0,0
state,423,0,0,0,0
state,424,0,0,0,0
state,425,0,0,0,0
state,426,0,0,0,0
state,427,0,0,0,0
state,428,0,0,0,0
state,429,0,0,0,0
state,430,0,0,0,0
state,431,0,0,0,0
state,432,0,0,0,0
state,433,0,0,0,0
state,434,0,0,0,0
state,435,0,0,0,0
state,436,0,0,0,0
state,437,0,0,0,0
state,438,0,0,0,0
state,439,0,0,0,0
state,440,0,0,0,0
state,441,0,0,0,0
state,442,0,0,0,0
state,443,0,0,0,0
state,444,0,0,0,0
state,445,0,0,0,0
state,446,0,0,0,0
state,447,0,0,0,0
state,448,0,0,0,0
state,449,0,0,0,0
state,450,0,0,0,0
state,451,0,0,0,0
state,452,0,0,0,0
state,453,0,0,0,0
state,454,0,0,0,0
state,455,0,0,0,0
state,456,0,0,0,0
state,457,0,0,0,0
state,458,0,0,0,0
state,459,0,0,0,0
state,460,0,0,0,0
state,461,0,0,0,0
state,462,0,0,0,0
state,463,0,0,0,0
state,464,0,0,0,0
state,465,0,0,0,0
state,466,0,0,0,0
state,467,0,0,0,0
state,468,0,0,0,0
state,469,0,0,0,0
state,470,0,0,0,0
state,471,0,0,0,0
state,472,0,0,0,0
state,473,0,0,0,0
state,474,0,0,0,0
state,475,0,0,0,0
state,476,0,0,0,0
state,477,0,0,0,0
state,478,0,0,0,0
state,479,0,0,0,0
state,480,0,0,0,0
state,481,0,0,0,0
state,482,0,0,0,0
state,483,0,0,0,0
state,484,0,0,0,0
state,485,0,0,0,0
state,486,0,0,0,0
state,487,0,0,0,0
state,488,0,0,0,0
state,489,0,0,0,0
state,490,0,0,0,0
state,491,0,0,0,0
state,492,0,0,0,0
state,493,0,0,0,0
state,494,0,0,0,0
state,495,0,0,0,0
state,496,0,0,0,0
state,497,0,0,0,0
state,498,0,0,0,0
state,499,0,0,0,0
state,500,0,0,0,0
state,501,0,0,0,0
state,502,0,0,0,0
state,503,0,0,0,0
state,504,0,0,0,0
state,505,0,0,0,0
state,506,0,0,0,0
state,507,0,0,0,0
state,508,0,0,0,0
state,509,0,0,0,0
state,510,0,0,0,0
state,511,0,0,0,0
state,512,0,0,0,0
state,513,0,0,0,0
state,514,0,0,0,0
state,515,0,0,0,0
state,516,0,0,0,0
state,517,0,0,0,0
state,518,0,0,0,0
state,519,0,0,0,0
state,520,0,0,0,0
state,521,0,0,0,0
state,522,0,0,0,0
state,523,0,0,0,0
state,524,0,0,0,0
state,525,0,0,0,0
state,526,0,0,0,0
state,527,0,0,0,0
state,528,0,0,0,0
state,529,0,0,0,0
state,530,0,0,0,0
state,531,0,0,0,0
state,532,0,0,0,0
state,533,0,0,0,0
state,534,0,0,0,0
state,535,0,0,0,0
state,536,0,0,0,0
state,537,0,0,0,0
state,538,0,0,0,0
state,539,0,0,0,0
state,540,0,0,0,0
state,541,0,0,0,0
state,542,0,0,0,0
state,543,0,0,0,0
state,544,0,0,0,0
state,545,0,0,0,0
state,546,0,0,0,0
state,547,0,0,0,0
state,548,0,0,0,0
state,549,0,0,0,0
state,550,0,0,0,0
state,551,0,0,0,0
state,552,0,0,0,0
state,553,0,0,0,0
state,554,0,0,0,0
state,555,0,0,0,0
state,556,0,0,0,0
state,557,0,0,0,0
state,558,0,0,0,0
state,559,0,0,0,0
state,560,0,0,0,0
state,561,0,0,0,0
state,562,0,0,0,0
state,563,0,0,0,0
state,564,0,0,0,0
state,565,0,0,0,0
state,566,0,0,0,0
state,567,0,0,0,0
state,568,0,0,0,0
state,569,0,0,0,0
state,570,0,0,0,0
state,571,0,0,0,0
state,572,0,0,0,0
state,573,0,0,0,0
state,574,0,0,0,0
state,575,0,0,0,0
state,576,0,0,0,0
state,577,0,0,0,0
state,578,0,0,0,0
state,579,0,0,0,0
state,580,0,0,0,0
state,581,0,0,0,0
state,582,0,0,0,0
state,583,0,0,0,0
state,584,0,0,0,0
state,585,0,0,0,0
state,586,0,0,0,0
state,587,0,0,0,0
state,588,0,0,0,0
state,589,0,0,0,0
state,590,0,0,0,0
state,591,0,0,0,0
state,592,0,0,0,0
state,593,0,0,0,0
state,594,0,0,0,0
state,595,0,0,0,0
state,596,0,0,0,0
state,597,0,0,0,0
state,598,0,0,0,0
state,599,0,0,0,0
state,600,0,0,0,0
state,601,0,0,0,0
state,602,0,0,0,0
state,603,0,0,0,0
state,604,0,0,0,0
state,605,0,0,0,0
state,606,0,0,0,0
state,607,0,0,0,0
state,608,0,0,0,0
state,609,0,0,0,0
state,610,0,0,0,0
state,611,0,0,0,0
state,612,0,0,0,0
state,613,4.0353826819726739e-06,4.0353826819726739e-06,0,0
state,614,6.193348043922465e-06,6.193348043922465e-06,0,0
state,615,9.0474896820778405e-06,9.0474896820778405e-06,0,0
state,616,1.2702246637478828e-05,1.2702246637478828e-05,0,0
state,617,1.7262127559288295e-05,1.7262127559288295e-05,0,0
state,618,0,0,0,0
state,619,8.7162079456797828e-12,8.7162079456797876e-12,4.8467614016778965e-27,4.8467614016778965e-27
state,620,1.218272553364779e-11,1.218272553364779e-11,0,0
state,621,1.5429399251411622e-11,1.5429399251411625e-11,3.2311742677852644e-27,3.2311742677852644e-27
state,622,2.0570283225771256e-11,2.0570283225771256e-11,0,0
state,623,2.4367922422372349e-11,2.4367922422372349e-11,0,0
state,624,0,0,0,0
state,625,1.0626726766082005e-13,1.0626726766082005e-13,0,0
state,626,2.029060674163027e-13,2.029060674163028e-13,1.0097419586828951e-28,1.0097419586828951e-28
state,627,1.5285282651685057e-13,1.5285282651685052e-13,5.0487097934144756e-29,5.0487097934144756e-29
state,628,2.9089099382037281e-13,2.9089099382037281e-13,0,0
state,629,2.0620570218941297e-13,2.0620570218941299e-13,2.5243548967072378e-29,2.5243548967072378e-29
state,630,0,0,0,0
state,631,8.3973253696700532e-17,8.3973253696700606e-17,7.3955709864469857e-32,7.3955709864469857e-32
state,632,3.2607630217366086e-16,3.2607630217366081e-16,4.9303806576313238e-32,4.9303806576313238e-32
state,633,1.1821372884800487e-16,1.1821372884800499e-16,1.2325951644078309e-31,1.2325951644078309e-31
state,634,4.5943305361439402e-16,4.5943305361439412e-16,9.8607613152626476e-32,9.8607613152626476e-32
state,635,1.5705663508315077e-16,1.5705663508315077e-16,0,0
state,636,0,0,0,0
state,637,4.712632396584106e-20,4.7126323965841439e-20,3.7916745780123706e-34,3.7916745780123706e-34
state,638,3.7215664539157361e-19,3.7215664539157303e-19,5.7777898331617076e-34,5.7777898331617076e-34
state,639,6.6615467787977196e-20,6.6615467787977401e-20,2.0463005659114381e-34,2.0463005659114381e-34
state,640,5.2684562415929001e-19,5.268456241592903e-19,2.8888949165808538e-34,2.8888949165808538e-34
state,641,8.8855354146979035e-20,8.8855354146977807e-20,1.2277803395468629e-33,1.2277803395468629e-33
state,642,0,0,0,0
state,643,2.6021120812329247e-23,2.6021120812330431e-23,1.1843105584534547e-36,1.1843105584534547e-36
state,644,4.1368327664435188e-22,4.1368327664435132e-22,5.64237288394698e-37,5.64237288394698e-37
state,645,3.6964285620906255e-23,3.6964285620903575e-23,2.6801271198748155e-36,2.6801271198748155e-36
state,646,5.8884261519187747e-22,5.8884261519187794e-22,4.70197740328915e-37,4.70197740328915e-37
state,647,4.9531092619323887e-23,4.9531092619325098e-23,1.2107591813469561e-36,1.2107591813469561e-36
state,648,0,0,0,0
state,649,1.438271178288714e-26,1.4382711782887883e-26,7.4329354702874137e-40,7.4329354702874137e-40
state,650,4.534416549945481e-25,4.5344165499454829e-25,1.8367099231598242e-40,1.8367099231598242e-40
state,651,2.0540457541047959e-26,2.0540457541046311e-26,1.6472992123339674e-39,1.6472992123339674e-39
state,652,6.4901299683653283e-25,6.4901299683653374e-25,9.1835496157991212e-40,9.1835496157991212e-40
state,653,2.7659894101143171e-26,2.7659894101143923e-26,7.5190312479355304e-40,7.5190312479355304e-40
state,654,0,0,0,0
state,655,1.2213186739706431e-29,1.2213186739707032e-29,6.0115704119534652e-43,6.0115704119534652e-43
state,656,6.1674944140234809e-28,6.1674944140234665e-28,1.4349296274686127e-42,1.4349296274686127e-42
state,657,1.7738661585117519e-29,1.7738661585115989e-29,1.5302179230427002e-42,1.5302179230427002e-42
state,658,8.9213542316153916e-28,8.9213542316153969e-28,5.3809861030072976e-43,5.3809861030072976e-43
state,659,2.4264323474033294e-29,2.4264323474033953e-29,6.5861027823266402e-43,6.5861027823266402e-43
state,660,0,0,0,0
state,661,0,0,0,0
state,662,0,0,0,0
state,663,0,0,0,0
state,664,0,0,0,0
state,665,0,0,0,0
state,666,0,0,0,0
state,667,0,0,0,0
state,668,0,0,0,0
state,669,0,0,0,0
state,670,0,0,0,0
state,671,0,0,0,0
state,672,0,0,0,0
state,673,0,0,0,0
state,674,0,0,0,0
state,675,0,0,0,0
state,676,0,0,0,0
state,677,0,0,0,0
state,678,0,0,0,0
state,679,0,0,0,0
state,680,0,0,0,0
state,681,0,0,0,0
state,682,0,0,0,0
state,683,0,0,0,0
state,684,0,0,0,0
state,685,0,0,0,0
state,686,0,0,0,0
state,687,0,0,0,0
state,688,0,0,0,0
state,689,0,0,0,0
state,690,0,0,0,0
state,691,0,0,0,0
state,692,0,0,0,0
state,693,0,0,0,0
state,694,0,0,0,0
state,695,0,0,0,0
state,696,0,0,0,0
state,697,0,0,0,0
state,698,0,0,0,0
state,699,0,0,0,0
state,700,0,0,0,0
state,701,0,0,0,0
state,702,0,0,0,0
state,703,0,0,0,0
state,704,0,0,0,0
state,705,0,0,0,0
state,706,0,0,0,0
state,707,0,0,0,0
state,708,0,0,0,0
state,709,0,0,0,0
state,710,0,0,0,0
state,711,0,0,0,0
state,712,0,0,0,0
state,713,0,0,0,0
state,714,0,0,0,0
state,715,0,0,0,0
state,716,0,0,0,0
state,717,0,0,0,0
state,718,0,0,0,0
state,719,0,0,0,0
state,720,0,0,0,0
state,721,0,0,0,0
state,722,0,0,0,0
state,723,0,0,0,0
state,724,0,0,0,0
state,725,0,0,0,0
state,726,0,0,0,0
state,727,0,0,0,0
state,728,0,0,0,0
state,729,0,0,0,0
state,730,0,0,0,0
state,731,0,0,0,0
state,732,0,0,0,0
state,733,0,0,0,0
state,734,0,0,0,0
state,735,0,0,0,0
state,736,0,0,0,0
state,737,0,0,0,0
state,738,0,0,0,0
state,739,0,0,0,0
state,740,0,0,0,0
state,741,0,0,0,0
state,742,0,0,0,0
state,743,0,0,0,0
state,744,0,0,0,0
state,745,0,0,0,0
state,746,0,0,0,0
state,747,0,0,0,0
state,748,0,0,0,0
state,749,0,0,0,0
state,750,0,0,0,0
state,751,0,0,0,0
state,752,0,0,0,0
state,753,0,0,0,0
state,754,0,0,0,0
state,755,0,0,0,0
state,756,0,0,0,0
state,757,0,0,0,0
state,758,0,0,0,0
state,759,0,0,0,0
state,760,0,0,0,0
state,761,0,0,0,0
state,762,0,0,0,0
state,763,0,0,0,0
state,764,0,0,0,0
state,765,0,0,0,0
state,766,0,0,0,0
state,767,0,0,0,0
state,768,0,0,0,0
state,769,0,0,0,0
state,770,0,0,0,0
state,771,0,0,0,0
state,772,0,0,0,0
state,773,0,0,0,0
state,774,0,0,0,0
state,775,0,0,0,0
state,776,0,0,0,0
state,777,0,0,0,0
state,778,0,0,0,0
state,779,0,0,0,0
state,780,0,0,0,0
state,781,0,0,0,0
state,782,0,0,0,0
state,783,0,0,0,0
state,784,0,0,0,0
state,785,0,0,0,0
state,786,0,0,0,0
state,787,0,0,0,0
state,788,0,0,0,0
state,789,0,0,0,0
state,790,0,0,0,0
state,791,0,0,0,0
state,792,0,0,0,0
state,793,0,0,0,0
state,794,0,0,0,0
state,795,0,0,0,0
state,796,0,0,0,0
state,797,0,0,0,0
state,798,0,0,0,0
state,799,0,0,0,0
state,800,0,0,0,0
state,801,0,0,0,0
state,802,0,0,0,0
state,803,0,0,0,0
state,804,0,0,0,0
state,805,0,0,0,0
state,806,0,0,0,0
state,807,0,0,0,0
state,808,0,0,0,0
state,809,0,0,0,0
state,810,0,0,0,0
state,811,0,0,0,0
state,812,0,0,0,0
state,813,0,0,0,0
state,814,0,0,0,0
state,815,0,0,0,0
state,816,0,0,0,0
state,817,0,0,0,0
state,818,0,0,0,0
state,819,0,0,0,0
state,820,0,0,0,0
state,821,0,0,0,0
state,822,0,0,0,0
state,823,0,0,0,0
state,824,0,0,0,0
state,825,0,0,0,0
state,826,0,0,0,0
state,827,0,0,0,0
state,828,0,0,0,0
state,829,0,0,0,0
state,830,0,0,0,0
state,831,0,0,0,0
state,832,0,0,0,0
state,833,0,0,0,0
state,834,0,0,0,0
state,835,0,0,0,0
state,836,0,0,0,0
state,837,0,0,0,0
state,838,0,0,0,0
state,839,0,0,0,0
state,840,0,0,0,0
state,841,0,0,0,0
state,842,0,0,0,0
state,843,0,0,0,0
state,844,0,0,0,0
state,845,0,0,0,0
state,846,0,0,0,0
state,847,0,0,0,0
state,848,0,0,0,0
state,849,0,0,0,0
state,850,0,0,0,0
state,851,0,0,0,0
state,852,0,0,0,0
state,853,0,0,0,0
state,854,0,0,0,0
state,855,0,0,0,0
state,856,0,0,0,0
state,857,0,0,0,0
state,858,0,0,0,0
state,859,0,0,0,0
state,860,0,0,0,0
state,861,0,0,0,0
state,862,0,0,0,0
state,863,0,0,0,0
state,864,0,0,0,0
state,865,0,0,0,0
state,866,0,0,0,0
state,867,0,0,0,0
state,868,0,0,0,0
state,869,0,0,0,0
state,870,0,0,0,0
state,871,0,0,0,0
state,872,0,0,0,0
state,873,0,0,0,0
state,874,0,0,0,0
state,875,0,0,0,0
state,876,0,0,0,0
state,877,0,0,0,0
state,878,0,0,0,0
state,879,0,0,0,0
state,880,0,0,0,0
state,881,0,0,0,0
state,882,0,0,0,0
state,883,0,0,0,0
state,884,0,0,0,0
state,885,0,0,0,0
state,886,0,0,0,0
state,887,0,0,0,0
state,888,0,0,0,0
state,889,0,0,0,0
state,890,0,0,0,0
state,891,0,0,0,0
state,892,0,0,0,0
state,893,0,0,0,0
state,894,0,0,0,0
state,895,0,0,0,0
state,896,0,0,0,0
state,897,0,0,0,0
state,898,0,0,0,0
state,899,0,0,0,0
state,900,0,0,0,0
state,901,0,0,0,0
state,902,0,0,0,0
state,903,0,0,0,0
state,904,0,0,0,0
state,905,0,0,0,0
state,906,0,0,0,0
state,907,0,0,0,0
state,908,0,0,0,0
state,909,0,0,0,0
state,910,0,0,0,0
state,911,0,0,0,0
state,912,0,0,0,0
state,913,0,0,0,0
state,914,0,0,0,0
state,915,0,0,0,0
state,916,0,0,0,0
state,917,0,0,0,0
state,918,701.58873774923518,701.58873774923518,0,0
state,919,60.13617645663188,60.13617645663188,0,0
state,920,60.136175887230507,60.136175887230507,0,0
state,921,60.136175134109997,60.136175134109997,0,0
state,922,60.136174169689092,60.136174169689092,0,0
state,923,60.136172966356831,60.136172966356831,0,0
state,924,1002.2696253560504,1002.2696253560504,0,0
state,925,5.1338080748401573,5.1338080748401573,0,0
state,926,5.0934101600800146,5.0934101600800155,8.8817841970012523e-16,1.7437794950449707e-16
state,927,4.9003893773158254,4.9003893773158271,1.7763568394002505e-15,3.624929985407087e-16
state,928,4.903842601514496,4.9038426015144942,1.7763568394002505e-15,3.6223773553654494e-16
state,929,4.6837439512182613,4.6837439512182613,0,0
state,930,1002.2696253560504,1002.2696253560504,0,0
state,931,0.32870091704340532,0.32870091704340537,5.5511151231257827e-17,5.5511151231257827e-17
state,932,0.39281087836615003,0.39281087836615003,0,0
state,933,0.3014900687908138,0.3014900687908138,0,0
state,934,0.36783012687861194,0.36783012687861194,0,0
state,935,0.27857417000286094,0.27857417000286094,0,0
state,936,1002.2696253560504,1002.2696253560504,0,0
state,937,0.0083120802779195636,0.0083120802779195566,6.9388939039072284e-18,6.9388939039072284e-18
state,938,0.014397198680338156,0.014397198680338156,0,0
state,939,0.0076242162978173945,0.0076242162978173945,0,0
state,940,0.013488176793403712,0.013488176793403714,1.7347234759768071e-18,1.7347234759768071e-18
state,941,0.0070465171745024129,0.0070465171745024155,2.6020852139652106e-18,2.6020852139652106e-18
state,942,1002.2696253560504,1002.2696253560504,0,0
state,943,0.00019824354680595329,0.00019824354680595416,8.6736173798840355e-19,8.6736173798840355e-19
state,944,0.00049479443406495651,0.00049479443406495629,2.1684043449710089e-19,2.1684043449710089e-19
state,945,0.00018231628620252481,0.00018231628620252494,1.3552527156068805e-19,1.3552527156068805e-19
state,946,0.00046492273120108622,0.00046492273120108616,5.4210108624275222e-20,5.4210108624275222e-20
state,947,0.00016891468997876639,0.00016891468997876508,1.3010426069826053e-18,1.3010426069826053e-18
state,948,1002.2696253560504,1002.2696253560504,0,0
state,949,4.7148007788439542e-06,4.7148007788440965e-06,1.4230153513872246e-19,1.4230153513872246e-19
state,950,1.687502982378007e-05,1.6875029823780066e-05,3.3881317890172014e-21,3.3881317890172014e-21
state,951,4.3477218807360501e-06,4.3477218807358324e-06,2.1768746744435519e-19,2.1768746744435519e-19
state,952,1.5904284510802201e-05,1.5904284510802205e-05,3.3881317890172014e-21,3.3881317890172014e-21
state,953,4.0382344887966746e-06,4.0382344887967449e-06,7.0303734622106928e-20,7.0303734622106928e-20
state,954,1002.2696253560504,1002.2696253560504,0,0
state,955,1.1207112888624873e-07,1.1207112888625248e-07,3.7454738136401093e-21,3.7454738136401093e-21
state,956,5.7203457227278318e-07,5.7203457227278318e-07,0,0
state,957,1.0363343513654113e-07,1.036334351365356e-07,5.5321839367546491e-21,5.5321839367546491e-21
state,958,5.4075910677278296e-07,5.4075910677278349e-07,5.2939559203393771e-22,5.2939559203393771e-22
state,959,9.6505277948531743e-08,9.6505277948533556e-08,1.8131799027162367e-21,1.8131799027162367e-21
state,960,1002.2696253560504,1002.2696253560504,0,0
state,961,3.0140053900637901e-09,3.0140053900638781e-09,8.8094735236897447e-23,8.8094735236897447e-23
state,962,2.0436502571503198e-08,2.0436502571503155e-08,4.3013391852757439e-23,4.3013391852757439e-23
state,963,2.8113855437418344e-09,2.8113855437416929e-09,1.4144788474656773e-22,1.4144788474656773e-22
state,964,1.9418232463548392e-08,1.9418232463548392e-08,0,0
state,965,2.6396311638911669e-09,2.6396311638912091e-09,4.2186211240204411e-23,4.2186211240204411e-23
state,966,1002.2696253560504,1002.2696253560504,0,0
state,967,5.0352527142915111e-10,5.0352527142915783e-10,6.7208424769933499e-24,6.7208424769933499e-24
state,968,2.9552091123954441e-09,2.9552091123954432e-09,8.2718061255302767e-25,8.2718061255302767e-25
state,969,4.7722841173511056e-10,4.7722841173510032e-10,1.0236360080343717e-23,1.0236360080343717e-23
state,970,2.8386694918885945e-09,2.8386694918885949e-09,4.1359030627651384e-25,4.1359030627651384e-25
state,971,4.5472545140318565e-10,4.5472545140318792e-10,2.2747466845208261e-24,2.2747466845208261e-24
state,972,1002.2696253560504,1002.2696253560504,0,0
state,973,6.9808630450070897e-11,6.9808630450071207e-11,3.1019272970738538e-25,3.1019272970738538e-25
state,974,3.5712254566396016e-10,3.571225456639598e-10,3.6189151799194961e-25,3.6189151799194961e-25
state,975,6.6841028330768031e-11,6.684102833076763e-11,4.0066560920537278e-25,4.0066560920537278e-25
state,976,3.4560085757444266e-10,3.4560085757444276e-10,1.0339757656912846e-25,1.0339757656912846e-25
state,977,6.4284801351996766e-11,6.4284801351996753e-11,1.2924697071141057e-26,1.2924697071141057e-26
state,978,1002.2696253560504,1002.2696253560504,0,0
state,979,8.0247848565994727e-12,8.0247848565994889e-12,1.6155871338926322e-26,1.6155871338926322e-26
state,980,3.6517226260917789e-11,3.6517226260917783e-11,6.4623485355705287e-27,6.4623485355705287e-27
state,981,7.7335692843858796e-12,7.7335692843858715e-12,8.0779356694631609e-27,8.0779356694631609e-27
state,982,3.5519245800344057e-11,3.5519245800344083e-11,2.5849394142282115e-26,2.5849394142282115e-26
state,983,7.4816267871548109e-12,7.4816267871548012e-12,9.6935228033557931e-27,9.6935228033557931e-27
state,984,1002.2696253560504,1002.2696253560504,0,0
state,985,7.7636005916062357e-13,7.7636005916062377e-13,2.0194839173657902e-28,2.0194839173657902e-28
state,986,3.2062527973207256e-12,3.2062527973207212e-12,4.4428646182047385e-27,4.4428646182047385e-27
state,987,7.5142231583961527e-13,7.5142231583961426e-13,1.0097419586828951e-27,1.0097419586828951e-27
state,988,3.1297603333627443e-12,3.1297603333627443e-12,0,0
state,989,7.297862988042929e-13,7.297862988042922e-13,7.0681937107802658e-28,7.0681937107802658e-28
state,990,1002.2696253560504,1002.2696253560504,0,0
state,991,6.4437764135117534e-14,6.443776413511761e-14,7.5730646901217133e-29,7.5730646901217133e-29
state,992,2.4544632624450775e-13,2.4544632624450765e-13,1.0097419586828951e-28,1.0097419586828951e-28
state,993,6.2559839987266767e-14,6.2559839987266779e-14,1.2621774483536189e-29,1.2621774483536189e-29
state,994,2.4021310105958466e-13,2.4021310105958516e-13,5.0487097934144756e-28,5.0487097934144756e-28
state,995,6.0927516637328315e-14,6.0927516637328353e-14,3.7865323450608567e-29,3.7865323450608567e-29
state,996,1002.2696253560504,1002.2696253560504,0,0
state,997,4.6735174238847423e-15,4.6735174238847447e-15,2.3665827156630354e-30,2.3665827156630354e-30
state,998,1.6620509262726845e-14,1.6620509262726842e-14,3.1554436208840472e-30,3.1554436208840472e-30
state,999,4.5479204384949258e-15,4.5479204384949203e-15,5.5220263365470826e-30,5.5220263365470826e-30
state,1000,1.6298260391143823e-14,1.6298260391143839e-14,1.5777218104420236e-29,1.5777218104420236e-29
state,1001,4.4386141925870739e-15,4.4386141925870747e-15,7.8886090522101181e-31,7.8886090522101181e-31
state,1002,1002.2696253560504,1002.2696253560504,0,0
state,1003,3.0096647069555836e-16,3.0096647069555831e-16,4.9303806576313238e-32,4.9303806576313238e-32
state,1004,1.0084725334419653e-15,1.0084725334419643e-15,9.8607613152626476e-31,9.8607613152626476e-31
state,1005,2.9342832692114326e-16,2.9342832692114272e-16,5.4234187233944562e-31,5.4234187233944562e-31
state,1006,9.9046764086438737e-16,9.9046764086438737e-16,0,0
state,1007,2.8686243439713913e-16,2.8686243439713908e-16,4.9303806576313238e-32,4.9303806576313238e-32
state,1008,1002.2696253560504,1002.2696253560504,0,0
state,1009,1.7442498069911026e-17,1.7442498069911051e-17,2.4651903288156619e-32,2.4651903288156619e-32
state,1010,5.544772148464607e-17,5.5447721484646045e-17,2.4651903288156619e-32,2.4651903288156619e-32
state,1011,1.7032465580503274e-17,1.7032465580503258e-17,1.5407439555097887e-32,1.5407439555097887e-32
state,1012,5.4527923868271986e-17,5.4527923868272079e-17,9.2444637330587321e-32,9.2444637330587321e-32
state,1013,1.6675113676473916e-17,1.6675113676473932e-17,1.5407439555097887e-32,1.5407439555097887e-32
state,1014,1002.2696253560504,1002.2696253560504,0,0
state,1015,9.1999253447253103e-19,9.1999253447253142e-19,3.8518598887744717e-34,3.8518598887744717e-34
state,1016,2.7891851865883352e-18,2.789185186588331e-18,4.2370458776519189e-33,4.2370458776519189e-33
state,1017,8.9959736676318834e-19,8.9959736676318719e-19,1.1555579666323415e-33,1.1555579666323415e-33
state,1018,2.7459161118098194e-18,2.7459161118098221e-18,2.6963019221421302e-33,2.6963019221421302e-33
state,1019,8.8181560638933304e-19,8.8181560638933361e-19,5.7777898331617076e-34,5.7777898331617076e-34
state,1020,1002.2696253560504,1002.2696253560504,0,0
state,1021,4.457549263129779e-20,4.4575492631297778e-20,1.2037062152420224e-35,1.2037062152420224e-35
state,1022,1.2942134611324437e-19,1.2942134611324416e-19,2.1666711874356403e-34,2.1666711874356403e-34
state,1023,4.3640447763403147e-20,4.3640447763403045e-20,1.023150282955719e-34,1.023150282955719e-34
state,1024,1.2753487708469243e-19,1.2753487708469243e-19,0,0
state,1025,4.2825004962556635e-20,4.2825004962556635e-20,0,0
state,1026,1002.2696253560504,1002.2696253560504,0,0
state,1027,1.9995195355327687e-21,1.9995195355327709e-21,2.256949153578792e-36,2.256949153578792e-36
state,1028,5.5783347352659613e-21,5.5783347352659598e-21,1.504632769052528e-36,1.504632769052528e-36
state,1029,1.95973232506609e-21,1.9597323250660881e-21,1.88079096131566e-36,1.88079096131566e-36
state,1030,5.5016644011979685e-21,5.501664401197976e-21,7.5231638452626401e-36,7.5231638452626401e-36
state,1031,1.9250285479943627e-21,1.9250285479943646e-21,1.88079096131566e-36,1.88079096131566e-36
state,1032,1002.2696253560504,1002.2696253560504,0,0
state,1033,8.3581330330315506e-23,8.3581330330315753e-23,2.4685381367268038e-37,2.4685381367268038e-37
state,1034,2.2467993386964215e-22,2.2467993386964239e-22,2.350988701644575e-37,2.350988701644575e-37
state,1035,8.2000527131256859e-23,8.2000527131256965e-23,1.0579449157400588e-37,1.0579449157400588e-37
state,1036,2.2176011482094309e-22,2.217601148209437e-22,6.112570624275895e-37,6.112570624275895e-37
state,1037,8.0621567140538578e-23,8.062156714053879e-23,2.1158898314801175e-37,2.1158898314801175e-37
state,1038,1002.2696253560504,1002.2696253560504,0,0
state,1039,3.2737127471158152e-24,3.2737127471158222e-24,6.9794977080073321e-39,6.9794977080073321e-39
state,1040,8.4996929183133556e-24,8.4996929183133615e-24,5.8774717541114375e-39,5.8774717541114375e-39
state,1041,3.2147596480026765e-24,3.2147596480026758e-24,7.3468396926392969e-40,7.3468396926392969e-40
state,1042,8.3950217462957942e-24,8.3950217462958074e-24,1.3224311446750734e-38,1.3224311446750734e-38
state,1043,3.1633320459607738e-24,3.16333204596078e-24,6.2448137387434024e-39,6.2448137387434024e-39
state,1044,1002.2696253560504,1002.2696253560504,0,0
state,1045,1.2071260924865485e-25,1.2071260924865499e-25,1.3775324423698682e-40,1.3775324423698682e-40
state,1046,3.0333865227696464e-25,3.0333865227696464e-25,0,0
state,1047,1.1863960291481561e-25,1.1863960291481545e-25,1.6071211827648462e-40,1.6071211827648462e-40
state,1048,2.9979213013920283e-25,2.9979213013920311e-25,2.7550648847397363e-40,2.7550648847397363e-40
state,1049,1.1683123797443379e-25,1.1683123797443395e-25,1.6071211827648462e-40,1.6071211827648462e-40
state,1050,1002.2696253560504,1002.2696253560504,0,0
state,1051,4.2071191721450271e-27,4.2071191721450293e-27,2.152394441202919e-42,2.152394441202919e-42
state,1052,1.0251412923375633e-26,1.0251412923375623e-26,1.0044507392280289e-41,1.0044507392280289e-41
state,1053,4.138115582018445e-27,4.1381155820184364e-27,8.6095777648116761e-42,8.6095777648116761e-42
state,1054,1.0137430081913874e-26,1.0137430081913873e-26,1.4349296274686127e-42,1.4349296274686127e-42
state,1055,4.077923875912891e-27,4.0779238759128953e-27,4.304788882405838e-42,4.304788882405838e-42
state,1056,1002.2696253560504,1002.2696253560504,0,0
state,1057,1.39070967759938e-28,1.3907096775993794e-28,6.7262326287591219e-44,6.7262326287591219e-44
state,1058,3.2915440473613554e-28,3.2915440473613496e-28,5.829401611591239e-43,5.829401611591239e-43
state,1059,1.3688919099985393e-28,1.3688919099985349e-28,4.4841550858394146e-43,4.4841550858394146e-43
state,1060,3.2566851953845721e-28,3.2566851953845685e-28,3.5873240686715317e-43,3.5873240686715317e-43
state,1061,1.3498617973815281e-28,1.3498617973815281e-28,0,0
state,1062,1002.2696253560504,1002.2696253560504,0,0
state,1063,4.3733129313412227e-30,4.373312931341236e-30,1.3312335411085762e-44,1.3312335411085762e-44
state,1064,1.0069843063199001e-29,1.006984306319902e-29,1.8216880036222622e-44,1.8216880036222622e-44
state,1065,4.3075897982401589e-30,4.3075897982401603e-30,1.4012984643248171e-45,1.4012984643248171e-45
state,1066,9.9681151471415507e-30,9.9681151471415815e-30,3.0828566215145976e-44,3.0828566215145976e-44
state,1067,4.2502700511898308e-30,4.2502700511898462e-30,1.5414283107572988e-44,1.5414283107572988e-44
state,1068,1002.2696253560504,1002.2696253560504,0,0
state,1069,1.3117427393352557e-31,1.3117427393352588e-31,3.0653403907105373e-46,3.0653403907105373e-46
state,1070,2.942717016555083e-31,2.9427170165550856e-31,2.627434620609032e-46,2.627434620609032e-46
state,1071,1.2928307639845814e-31,1.292830763984581e-31,4.3790577010150533e-47,4.3790577010150533e-47
state,1072,2.9143182962981703e-31,2.9143182962981764e-31,6.1306807814210747e-46,6.1306807814210747e-46
state,1073,1.2763389410719058e-31,1.2763389410719084e-31,2.627434620609032e-46,2.627434620609032e-46
state,1074,1002.2696253560504,1002.2696253560504,0,0
state,1075,3.761486315606896e-33,3.7614863156069008e-33,4.7895943604852146e-48,4.7895943604852146e-48
state,1076,8.2327736404766443e-33,8.2327736404766443e-33,0,0
state,1077,3.7093822499067557e-33,3.7093822499067523e-33,3.4211388289180104e-48,3.4211388289180104e-48
state,1078,8.1567678431325765e-33,8.1567678431325874e-33,1.0947644252537633e-47,1.0947644252537633e-47
state,1079,3.6639523712736214e-33,3.6639523712736262e-33,4.7895943604852146e-48,4.7895943604852146e-48
state,1080,1002.2696253560504,1002.2696253560504,0,0
state,1081,1.0333359637128851e-34,1.0333359637128858e-34,6.4146353042212696e-50,6.4146353042212696e-50
state,1082,2.2094227581126308e-34,2.2094227581126295e-34,1.2829270608442539e-49,1.2829270608442539e-49
state,1083,1.0195634645390993e-34,1.0195634645390973e-34,1.9243905912663809e-49,1.9243905912663809e-49
state,1084,2.189882167268369e-34,2.1898821672683703e-34,1.2829270608442539e-49,1.2829270608442539e-49
state,1085,1.0075570112481947e-34,1.0075570112481953e-34,6.4146353042212696e-50,6.4146353042212696e-50
state,1086,1002.2696253560504,1002.2696253560504,0,0
state,1087,2.7245928628631366e-36,2.724592862863136e-36,6.6819117752304891e-52,6.6819117752304891e-52
state,1088,5.6979742198813092e-36,5.6979742198813018e-36,7.350102952753538e-51,7.350102952753538e-51
state,1089,2.6896021026520664e-36,2.6896021026520587e-36,7.6841985415150625e-51,7.6841985415150625e-51
state,1090,5.6496309980031016e-36,5.6496309980030989e-36,2.6727647100921956e-51,2.6727647100921956e-51
state,1091,2.6591033279169216e-36,2.6591033279169216e-36,0,0
state,1092,1002.2696253560504,1002.2696253560504,0,0
state,1093,6.9066817794455329e-38,6.9066817794455569e-38,2.401312044223457e-52,2.401312044223457e-52
state,1094,1.4143927880685885e-37,1.414392788068592e-37,3.5497656305911973e-52,3.5497656305911973e-52
state,1095,6.82109547284467e-38,6.8210954728446762e-38,6.2642922892785835e-53,6.2642922892785835e-53
state,1096,1.4028655036650803e-37,1.4028655036650847e-37,4.3850046024950085e-52,4.3850046024950085e-52
state,1097,6.7465096349159315e-38,6.7465096349159555e-38,2.401312044223457e-52,2.401312044223457e-52
state,1098,1002.2696253560504,1002.2696253560504,0,0
state,1099,1.6858138687034401e-39,1.6858138687034447e-39,4.5677131275989672e-54,4.5677131275989672e-54
state,1100,3.3842514978274595e-39,3.3842514978274647e-39,5.2202435743988196e-54,5.2202435743988196e-54
state,1101,1.665629896582056e-39,1.6656298965820564e-39,3.2626522339992623e-55,3.2626522339992623e-55
state,1102,3.3577218174858643e-39,3.3577218174858728e-39,8.4828958083980819e-54,8.4828958083980819e-54
state,1103,1.6480434250427936e-39,1.6480434250427979e-39,4.2414479041990409e-54,4.2414479041990409e-54
state,1104,1002.2696253560504,1002.2696253560504,0,0
state,1105,3.9676293358064901e-41,3.9676293358064967e-41,6.6272623503110015e-56,6.6272623503110015e-56
state,1106,7.8159002239777026e-41,7.8159002239777108e-41,8.1566305849981557e-56,8.1566305849981557e-56
state,1107,3.9216733081674506e-41,3.9216733081674481e-41,2.5489470578119236e-56,2.5489470578119236e-56
state,1108,7.756891875495553e-41,7.7568918754955653e-41,1.2234945877497233e-55,1.2234945877497233e-55
state,1109,3.881639011681409e-41,3.8816390116814166e-41,7.6468411734357709e-56,7.6468411734357709e-56
state,1110,1002.2696253560504,1002.2696253560504,0,0
state,1111,9.0156050579465459e-43,9.0156050579465555e-43,9.5585514667947137e-58,9.5585514667947137e-58
state,1112,1.7444283004111453e-42,1.7444283004111462e-42,9.5585514667947137e-58,9.5585514667947137e-58
state,1113,8.9144602741227468e-43,8.9144602741227341e-43,1.2744735289059618e-57,1.2744735289059618e-57
state,1114,1.7317288515208855e-42,1.7317288515208865e-42,9.5585514667947137e-58,9.5585514667947137e-58
state,1115,8.8263657057895166e-43,8.8263657057895246e-43,7.9654595556622614e-58,7.9654595556622614e-58
state,1116,1002.2696253560504,1002.2696253560504,0,0
state,1117,1.980251345317691e-44,1.980251345317691e-44,0,0
state,1118,3.766850772411217e-44,3.7668507724112151e-44,1.9913648889155653e-59,1.9913648889155653e-59
state,1119,1.9587087417278501e-44,1.9587087417278449e-44,5.227332833403359e-59,5.227332833403359e-59
state,1120,3.7403769149303981e-44,3.7403769149303966e-44,1.493523666686674e-59,1.493523666686674e-59
state,1121,1.9399493586498134e-44,1.9399493586498139e-44,4.9784122222889134e-60,4.9784122222889134e-60
state,1122,1002.2696253560504,1002.2696253560504,0,0
state,1123,4.2091088823863644e-46,4.2091088823863613e-46,3.1115076389305709e-61,3.1115076389305709e-61
state,1124,7.8779446316329427e-46,7.8779446316329271e-46,1.5557538194652854e-60,1.5557538194652854e-60
state,1125,4.1646602991298103e-46,4.1646602991297955e-46,1.4779661284920212e-60,1.4779661284920212e-60
state,1126,7.8244334432967335e-46,7.8244334432967273e-46,6.2230152778611417e-61,6.2230152778611417e-61
state,1127,4.1259619682747082e-46,4.1259619682747051e-46,3.1115076389305709e-61,3.1115076389305709e-61
state,1128,1002.2696253560504,1002.2696253560504,0,0
state,1129,8.6667200805854864e-48,8.6667200805854706e-48,1.5800624728944305e-62,1.5800624728944305e-62
state,1130,1.5972891157820077e-47,1.5972891157820036e-47,4.1324710829546644e-62,4.1324710829546644e-62
state,1131,8.5777914183685604e-48,8.5777914183685251e-48,3.5247547472260373e-62,3.5247547472260373e-62
state,1132,1.5867920247123669e-47,1.5867920247123631e-47,3.8893845486632136e-62,3.8893845486632136e-62
state,1133,8.5003827501422311e-48,8.5003827501422165e-48,1.4585192057487051e-62,1.4585192057487051e-62
state,1134,1002.2696253560504,1002.2696253560504,0,0
state,1135,1.7303565285705281e-49,1.7303565285705315e-49,3.4184043884735275e-64,3.4184043884735275e-64
state,1136,3.142602650952858e-49,3.1426026509528615e-49,3.4184043884735275e-64,3.4184043884735275e-64
state,1137,1.7130885880924432e-49,1.7130885880924432e-49,0,0
state,1138,3.1226010736491866e-49,3.1226010736491912e-49,4.5578725179647034e-64,4.5578725179647034e-64
state,1139,1.6980605680243777e-49,1.6980605680243813e-49,3.6083157433887235e-64,3.6083157433887235e-64
state,1140,1002.2696253560504,1002.2696253560504,0,0
state,1141,3.3529578401432917e-51,3.3529578401432946e-51,2.9673649205499371e-66,2.9673649205499371e-66
state,1142,6.0048927591593681e-51,6.0048927591593681e-51,0,0
state,1143,3.3203876543278757e-51,3.3203876543278722e-51,3.5608379046599245e-66,3.5608379046599245e-66
state,1144,5.9678434897296874e-51,5.9678434897296909e-51,3.5608379046599245e-66,3.5608379046599245e-66
state,1145,3.2920479749670932e-51,3.2920479749670961e-51,2.9673649205499371e-66,2.9673649205499371e-66
state,1146,1002.2696253560504,1002.2696253560504,0,0
state,1147,6.3110872590724865e-53,6.3110872590725162e-53,2.9673649205499371e-67,2.9673649205499371e-67
state,1148,1.1152779977642624e-52,1.1152779977642665e-52,4.0801267657561635e-67,4.0801267657561635e-67
state,1149,6.251366586696576e-53,6.2513665866965918e-53,1.5764126140421541e-67,1.5764126140421541e-67
state,1150,1.1086015950313749e-52,1.1086015950313799e-52,5.0074283034280189e-67,5.0074283034280189e-67
state,1151,6.1994132888737141e-53,6.1994132888737447e-53,3.0600950743171226e-67,3.0600950743171226e-67
state,1152,1002.2696253560504,1002.2696253560504,0,0
state,1153,1.1548202087111378e-54,1.1548202087111426e-54,4.7813985536205041e-69,4.7813985536205041e-69
state,1154,2.0149078592705292e-54,2.0149078592705347e-54,5.5058528799266411e-69,5.5058528799266411e-69
state,1155,1.1441670610599673e-54,1.1441670610599699e-54,2.6080355747020932e-69,2.6080355747020932e-69
state,1156,2.0031950586759983e-54,2.0031950586760043e-54,6.0854163409715507e-69,6.0854163409715507e-69
state,1157,1.134901312440294e-54,1.1349013124402983e-54,4.3467259578368219e-69,4.3467259578368219e-69
state,1158,1002.2696253560504,1002.2696253560504,0,0
state,1159,2.0558411900145729e-56,2.0558411900145792e-56,6.3389753551786987e-71,6.3389753551786987e-71
state,1160,3.5435219137908047e-56,3.543521913790812e-56,7.2445432630613699e-71,7.2445432630613699e-71
state,1161,2.0373405740837268e-56,2.0373405740837295e-56,2.7167037236480137e-71,2.7167037236480137e-71
state,1162,3.5235037276905428e-56,3.523503727690551e-56,8.1501111709440411e-71,8.1501111709440411e-71
state,1163,2.0212525245777215e-56,2.0212525245777274e-56,5.886191401237363e-71,5.886191401237363e-71
state,1164,1002.2696253560504,1002.2696253560504,0,0
state,1165,3.5632199414730544e-58,3.5632199414730629e-58,8.4896991364000428e-73,8.4896991364000428e-73
state,1166,6.0704346138256976e-58,6.0704346138257039e-58,6.3672743523000321e-73,6.3672743523000321e-73
state,1167,3.5319203004054967e-58,3.5319203004054988e-58,2.1224247841000107e-73,2.1224247841000107e-73
state,1168,6.0370835967767949e-58,6.0370835967768034e-58,8.4896991364000428e-73,8.4896991364000428e-73
state,1169,3.5047075910075878e-58,3.5047075910075956e-58,7.7822242083667059e-73,7.7822242083667059e-73
state,1170,1002.2696253560504,1002.2696253560504,0,0
state,1171,6.0168589703077313e-60,6.0168589703077402e-60,8.8434366004167113e-75,8.8434366004167113e-75
state,1172,1.0136558531138066e-59,1.0136558531138068e-59,2.2108591501041778e-75,2.2108591501041778e-75
state,1173,5.965239616714084e-60,5.9652396167140796e-60,4.4217183002083556e-75,4.4217183002083556e-75
state,1174,1.0082361667878029e-59,1.0082361667878035e-59,6.6325774503125335e-75,6.6325774503125335e-75
state,1175,5.9203691234017471e-60,5.9203691234017526e-60,5.5271478752604446e-75,5.5271478752604446e-75
state,1176,1002.2696253560504,1002.2696253560504,0,0
state,1177,9.90494419208136e-62,9.9049441920813634e-62,3.4544674220377779e-77,3.4544674220377779e-77
state,1178,1.650875766605814e-61,1.6508757666058126e-61,1.3817869688151111e-76,1.3817869688151111e-76
state,1179,9.8219080307246271e-62,9.821908030724615e-62,1.2090635977132222e-76,1.2090635977132222e-76
state,1180,1.6422803451261904e-61,1.6422803451261904e-61,0,0
state,1181,9.7497421234141435e-62,9.7497421234141453e-62,1.7272337110188889e-77,1.7272337110188889e-77
state,1182,1002.2696253560504,1002.2696253560504,0,0
state,1183,1.5905810556032574e-63,1.590581055603256e-63,1.349401336733507e-78,1.349401336733507e-78
state,1184,2.6238869026735714e-63,2.6238869026735682e-63,3.2385632081604167e-78,3.2385632081604167e-78
state,1185,1.5775448163325157e-63,1.577544816332512e-63,3.7783237428538195e-78,3.7783237428538195e-78
state,1186,2.6105755128793278e-63,2.6105755128793251e-63,2.6988026734670139e-78,2.6988026734670139e-78
state,1187,1.5662173087221681e-63,1.5662173087221673e-63,8.0964080204010418e-79,8.0964080204010418e-79
state,1188,1002.2696253560504,1002.2696253560504,0,0
state,1189,2.4930697016194744e-65,2.4930697016194701e-65,4.2168791772922093e-80,4.2168791772922093e-80
state,1190,4.0721529405344666e-65,4.0721529405344581e-65,8.4337583545844186e-80,8.4337583545844186e-80
state,1191,2.473084667213094e-65,2.4730846672130859e-65,8.0120704368551977e-80,8.0120704368551977e-80
state,1192,4.052012591756631e-65,4.0520125917566234e-65,7.5903825191259767e-80,7.5903825191259767e-80
state,1193,2.4557224622289808e-65,2.4557224622289783e-65,2.5301275063753256e-80,2.5301275063753256e-80
state,1194,1002.2696253560504,1002.2696253560504,0,0
state,1195,3.8161790221455123e-67,3.816179022145503e-67,9.2244232003267078e-82,9.2244232003267078e-82
state,1196,6.1742067338759582e-67,6.1742067338759397e-67,1.8448846400653416e-81,1.8448846400653416e-81
state,1197,3.7862459520888909e-67,3.7862459520888751e-67,1.5813296914845785e-81,1.5813296914845785e-81
state,1198,6.1444207579298498e-67,6.1444207579298326e-67,1.71310716577496e-81,1.71310716577496e-81
state,1199,3.7602461585980034e-67,3.7602461585979955e-67,7.9066484574228924e-82,7.9066484574228924e-82
state,1200,1002.2696253560504,1002.2696253560504,0,0
state,1201,5.7077905136824159e-69,5.7077905136823974e-69,1.8531207322084904e-83,1.8531207322084904e-83
state,1202,9.1503028065915932e-69,9.150302806591553e-69,4.0150949197850626e-83,4.0150949197850626e-83
state,1203,5.6639669701328712e-69,5.6639669701328444e-69,2.676729946523375e-83,2.676729946523375e-83
state,1204,9.10722413626266e-69,9.107224136262625e-69,3.5003391608382597e-83,3.5003391608382597e-83
state,1205,5.6259090103179553e-69,5.6259090103179378e-69,1.7501695804191298e-83,1.7501695804191298e-83
state,1206,1002.2696253560504,1002.2696253560504,0,0
state,1207,8.3458520147306749e-71,8.3458520147307168e-71,4.1823905414427735e-85,4.1823905414427735e-85
state,1208,1.3261601774626197e-70,1.3261601774626255e-70,5.7910022881515325e-85,5.7910022881515325e-85
state,1209,8.2831068698612229e-71,8.2831068698612519e-71,2.8955011440757663e-85,2.8955011440757663e-85
state,1210,1.3200646150627794e-70,1.3200646150627855e-70,6.1127246374932843e-85,6.1127246374932843e-85
state,1211,8.2286267282767304e-71,8.2286267282767755e-71,4.5041128907845253e-85,4.5041128907845253e-85
state,1212,1002.2696253560504,1002.2696253560504,0,0
state,1213,1.1935618305029826e-72,1.1935618305029871e-72,4.5242205376183848e-87,4.5242205376183848e-87
state,1214,1.880451993637415e-72,1.8804519936374218e-72,6.7863308064275772e-87,6.7863308064275772e-87
state,1215,1.1847722785843695e-72,1.1847722785843725e-72,3.0161470250789232e-87,3.0161470250789232e-87
state,1216,1.8720098374321726e-72,1.8720098374321794e-72,6.7863308064275772e-87,6.7863308064275772e-87
state,1217,1.1771419079460998e-72,1.1771419079461053e-72,5.5296028793113592e-87,5.5296028793113592e-87
state,1218,1002.2696253560504,1002.2696253560504,0,0
state,1219,1.6702804886410811e-74,1.670280488641086e-74,4.9090934652977266e-89,4.9090934652977266e-89
state,1220,2.6099062273534281e-74,2.6099062273534355e-74,7.4618220672525444e-89,7.4618220672525444e-89
state,1221,1.6582285630235088e-74,1.658228563023512e-74,3.141819817790545e-89,3.141819817790545e-89
state,1222,2.5984574179799146e-74,2.5984574179799225e-74,7.8545495444763625e-89,7.8545495444763625e-89
state,1223,1.6477679572118112e-74,1.6477679572118171e-74,5.8909121583572719e-89,5.8909121583572719e-89
state,1224,701.58873774923518,701.58873774923518,0,0
state,1225,60.125925510060171,60.125925510060171,0,0
state,1226,60.12044313406281,60.12044313406281,0,0
state,1227,60.113192101299823,60.113192101299823,0,0
state,1228,60.103907081271799,60.103907081271799,0,0
state,1229,60.092322566651845,60.092322566651845,0,0
state,1230,1002.2696253560504,1002.2696253560504,0,0
state,1231,0.000472124346898629,0.00047212434689862943,4.3368086899420177e-19,4.3368086899420177e-19
state,1232,0.00047010462203436612,0.00047010462203436612,0,0
state,1233,0.00045332754726953796,0.00045332754726953807,1.0842021724855044e-19,1.0842021724855044e-19
state,1234,0.00045514153941569386,0.00045514153941569391,5.4210108624275222e-20,5.4210108624275222e-20
state,1235,0.0004359906389984275,0.0004359906389984275,0,0
state,1236,1002.2696253560504,1002.2696253560504,0,0
state,1237,2.349936072351525e-05,2.349936072351525e-05,0,0
state,1238,2.8770933841821468e-05,2.8770933841821468e-05,0,0
state,1239,2.1872439591842511e-05,2.1872439591842511e-05,0,0
state,1240,2.7269489948162569e-05,2.7269489948162569e-05,0,0
state,1241,2.0489419385065551e-05,2.0489419385065551e-05,0,0
state,1242,1002.2696253560504,1002.2696253560504,0,0
state,1243,5.7549067731975133e-07,5.754906773197508e-07,5.2939559203393771e-22,5.2939559203393771e-22
state,1244,1.0021089902989494e-06,1.0021089902989498e-06,4.2351647362715017e-22,4.2351647362715017e-22
state,1245,5.3597933838697435e-07,5.3597933838697446e-07,1.0587911840678754e-22,1.0587911840678754e-22
state,1246,9.5063572048046539e-07,9.5063572048046539e-07,0,0
state,1247,5.0245451191567756e-07,5.0245451191567767e-07,1.0587911840678754e-22,1.0587911840678754e-22
state,1248,1002.2696253560504,1002.2696253560504,0,0
state,1249,1.3511574054715035e-08,1.3511574054715101e-08,6.6174449004242214e-23,6.6174449004242214e-23
state,1250,3.3244188092167836e-08,3.3244188092167829e-08,6.6174449004242214e-24,6.6174449004242214e-24
state,1251,1.2614852746551191e-08,1.2614852746551232e-08,4.1359030627651384e-23,4.1359030627651384e-23
state,1252,3.1617500237741322e-08,3.1617500237741322e-08,0,0
state,1253,1.185270714312945e-08,1.1852707143129316e-08,1.3400325923359048e-22,1.3400325923359048e-22
state,1254,1002.2696253560504,1002.2696253560504,0,0
state,1255,3.1576402495131721e-10,3.1576402495132445e-10,7.2378303598389922e-24,7.2378303598389922e-24
state,1256,1.0909413422343072e-09,1.0909413422343072e-09,0,0
state,1257,2.9553323893551391e-10,2.9553323893550413e-10,9.7710709857826394e-24,9.7710709857826394e-24
state,1258,1.0402086294778519e-09,1.0402086294778523e-09,4.1359030627651384e-25,4.1359030627651384e-25
state,1259,2.7830851446617108e-10,2.7830851446617356e-10,2.481541837659083e-24,2.481541837659083e-24
state,1260,1002.2696253560504,1002.2696253560504,0,0
state,1261,7.3801244749996506e-12,7.3801244749998025e-12,1.5186519058590742e-25,1.5186519058590742e-25
state,1262,3.5479500246001684e-11,3.5479500246001697e-11,1.2924697071141057e-26,1.2924697071141057e-26
state,1263,6.9255690060147721e-12,6.9255690060145758e-12,1.9629383676795481e-25,1.9629383676795481e-25
state,1264,3.3915175792760423e-11,3.3915175792760436e-11,1.2924697071141057e-26,1.2924697071141057e-26
state,1265,6.5378889089068186e-12,6.5378889089068695e-12,5.0890994717617914e-26,5.0890994717617914e-26
state,1266,1002.2696253560504,1002.2696253560504,0,0
state,1267,2.3427692025008884e-13,2.3427692025009161e-13,2.7767903863779616e-27,2.7767903863779616e-27
state,1268,1.3373468772757752e-12,1.3373468772757727e-12,2.4233807008389483e-27,2.4233807008389483e-27
state,1269,2.2252812455751811e-13,2.225281245575141e-13,4.0137242857645081e-27,4.0137242857645081e-27
state,1270,1.286453549459011e-12,1.2864535494590118e-12,8.0779356694631609e-28,8.0779356694631609e-28
state,1271,2.1246225769655244e-13,2.1246225769655323e-13,7.8255001797924371e-28,7.8255001797924371e-28
state,1272,1002.2696253560504,1002.2696253560504,0,0
state,1273,3.1297049483686837e-14,3.1297049483686963e-14,1.2621774483536189e-28,1.2621774483536189e-28
state,1274,1.568343322956057e-13,1.5683433229560562e-13,7.5730646901217133e-29,7.5730646901217133e-29
state,1275,3.0002607540331176e-14,3.0002607540331024e-14,1.5146129380243427e-28,1.5146129380243427e-28
state,1276,1.5190450925518005e-13,1.519045092551802e-13,1.5146129380243427e-28,1.5146129380243427e-28
state,1277,2.8886812891051654e-14,2.8886812891051616e-14,3.7865323450608567e-29,3.7865323450608567e-29
state,1278,1002.2696253560504,1002.2696253560504,0,0
state,1279,3.4922236411233027e-15,3.4922236411233067e-15,3.944304526105059e-30,3.944304526105059e-30
state,1280,1.565567750400945e-14,1.5655677504009431e-14,1.8932661725304283e-29,1.8932661725304283e-29
state,1281,3.3678273103880066e-15,3.3678273103880026e-15,3.944304526105059e-30,3.944304526105059e-30
state,1282,1.5235847219097455e-14,1.5235847219097464e-14,9.4663308626521417e-30,9.4663308626521417e-30
state,1283,3.2601627781509305e-15,3.2601627781509266e-15,3.944304526105059e-30,3.944304526105059e-30
state,1284,1002.2696253560504,1002.2696253560504,0,0
state,1285,3.3014645367000467e-16,3.3014645367000502e-16,3.4512664603419266e-31,3.4512664603419266e-31
state,1286,1.3485567040063784e-15,1.3485567040063782e-15,1.9721522630525295e-31,1.9721522630525295e-31
state,1287,3.1967991021766715e-16,3.19679910217667e-16,1.4791141972893971e-31,1.4791141972893971e-31
state,1288,1.3168313409696496e-15,1.316831340969651e-15,1.3805065841367707e-30,1.3805065841367707e-30
state,1289,3.1059694687261312e-16,3.1059694687261307e-16,4.9303806576313238e-32,4.9303806576313238e-32
state,1290,1002.2696253560504,1002.2696253560504,0,0
state,1291,2.6915691461943636e-17,2.6915691461943636e-17,0,0
state,1292,1.0167427222624631e-16,1.0167427222624621e-16,9.8607613152626476e-32,9.8607613152626476e-32
state,1293,2.6138899248355259e-17,2.6138899248355234e-17,2.4651903288156619e-32,2.4651903288156619e-32
state,1294,9.9529473763290009e-17,9.9529473763290046e-17,3.6977854932234928e-32,3.6977854932234928e-32
state,1295,2.5463601672212889e-17,2.5463601672212871e-17,1.8488927466117464e-32,1.8488927466117464e-32
state,1296,1002.2696253560504,1002.2696253560504,0,0
state,1297,1.9248343079734262e-18,1.9248343079734282e-18,1.9259299443872359e-33,1.9259299443872359e-33
state,1298,6.8010092119868067e-18,6.8010092119868067e-18,0,0
state,1299,1.8734999835857475e-18,1.8734999835857479e-18,3.8518598887744717e-34,3.8518598887744717e-34
state,1300,6.6702532539959048e-18,6.6702532539959186e-18,1.3866695599588098e-32,1.3866695599588098e-32
state,1301,1.8288201386899609e-18,1.8288201386899625e-18,1.5407439555097887e-33,1.5407439555097887e-33
state,1302,1002.2696253560504,1002.2696253560504,0,0
state,1303,1.2256756883709765e-19,1.2256756883709775e-19,9.6296497219361793e-35,9.6296497219361793e-35
state,1304,4.0855615086989334e-19,4.0855615086989319e-19,1.4444474582904269e-34,1.4444474582904269e-34
state,1305,1.1951685491242207e-19,1.1951685491242199e-19,7.2222372914521344e-35,7.2222372914521344e-35
state,1306,4.0131192311963917e-19,4.0131192311963961e-19,4.3333423748712807e-34,4.3333423748712807e-34
state,1307,1.1685946952111419e-19,1.1685946952111423e-19,4.8148248609680896e-35,4.8148248609680896e-35
state,1308,1002.2696253560504,1002.2696253560504,0,0
state,1309,7.0385447685186637e-21,7.0385447685186637e-21,0,0
state,1310,2.2278376258251925e-20,2.2278376258251892e-20,3.3101920919155616e-35,3.3101920919155616e-35
state,1311,6.8739620908469777e-21,6.8739620908469642e-21,1.3541694921472752e-35,1.3541694921472752e-35
state,1312,2.191094138722968e-20,2.1910941387229686e-20,6.018531076210112e-36,6.018531076210112e-36
state,1313,6.7305199295779428e-21,6.7305199295779443e-21,1.504632769052528e-36,1.504632769052528e-36
state,1314,1002.2696253560504,1002.2696253560504,0,0
state,1315,3.6843436518424362e-22,3.6843436518424419e-22,5.64237288394698e-37,5.64237288394698e-37
state,1316,1.1129399292780499e-21,1.1129399292780493e-21,5.64237288394698e-37,5.64237288394698e-37
state,1317,3.6030433725451853e-22,3.603043372545182e-22,3.291384182302405e-37,3.291384182302405e-37
state,1318,1.0957606453726037e-21,1.0957606453726054e-21,1.692711865184094e-36,1.692711865184094e-36
state,1319,3.5321592917819858e-22,3.532159291781991e-22,5.172175143618065e-37,5.172175143618065e-37
state,1320,1002.2696253560504,1002.2696253560504,0,0
state,1321,1.7737734247707565e-23,1.7737734247707577e-23,1.1754943508222875e-38,1.1754943508222875e-38
state,1322,5.1339323222645509e-23,5.133932322264545e-23,5.8774717541114375e-38,5.8774717541114375e-38
state,1323,1.7367182614571181e-23,1.7367182614571157e-23,2.350988701644575e-38,2.350988701644575e-38
state,1324,5.0594271921244167e-23,5.0594271921244179e-23,1.1754943508222875e-38,1.1754943508222875e-38
state,1325,1.7044024384780363e-23,1.7044024384780369e-23,5.8774717541114375e-39,5.8774717541114375e-39
state,1326,1002.2696253560504,1002.2696253560504,0,0
state,1327,7.9133790907915331e-25,7.9133790907915285e-25,4.5917748078995606e-40,4.5917748078995606e-40
state,1328,2.2017039319554665e-24,2.2017039319554632e-24,3.3060778616876836e-39,3.3060778616876836e-39
state,1329,7.7564971276081972e-25,7.7564971276081816e-25,1.5612034346858506e-39,1.5612034346858506e-39
state,1330,2.1715616803632041e-24,2.1715616803632041e-24,0,0
state,1331,7.6196583706307779e-25,7.6196583706307779e-25,0,0
state,1332,1002.2696253560504,1002.2696253560504,0,0
state,1333,3.2923229280659315e-26,3.2923229280659356e-26,4.0178029569121155e-41,4.0178029569121155e-41
state,1334,8.8291168433799654e-26,8.8291168433799666e-26,1.1479437019748901e-41,1.1479437019748901e-41
state,1335,3.2302628910886599e-26,3.2302628910886559e-26,4.0178029569121155e-41,4.0178029569121155e-41
state,1336,8.7147855035322585e-26,8.7147855035322711e-26,1.2627380721723792e-40,1.2627380721723792e-40
state,1337,3.1761267971352923e-26,3.176126797135298e-26,5.7397185098744507e-41,5.7397185098744507e-41
state,1338,1002.2696253560504,1002.2696253560504,0,0
state,1339,1.2842485220310924e-27,1.2842485220310963e-27,3.9460564755386849e-42,3.9460564755386849e-42
state,1340,3.3272743322528295e-27,3.3272743322528345e-27,5.0222536961401444e-42,5.0222536961401444e-42
state,1341,1.2611925998217663e-27,1.2611925998217675e-27,1.2555634240350361e-42,1.2555634240350361e-42
state,1342,3.2864326408395257e-27,3.286432640839535e-27,9.3270425785459824e-42,9.3270425785459824e-42
state,1343,1.2410798316967158e-27,1.2410798316967195e-27,3.7666902721051083e-42,3.7666902721051083e-42
state,1344,1002.2696253560504,1002.2696253560504,0,0
state,1345,4.7183114533044804e-29,4.7183114533044922e-29,1.1770907100328463e-43,1.1770907100328463e-43
state,1346,1.1834150666107511e-28,1.1834150666107518e-28,6.7262326287591219e-44,6.7262326287591219e-44
state,1347,4.6375112439813789e-29,4.6375112439813789e-29,0,0
state,1348,1.1696201718430314e-28,1.169620171843033e-28,1.5694542800437951e-43,1.5694542800437951e-43
state,1349,4.5670262458613931e-29,4.5670262458614032e-29,1.0089348943138683e-43,1.0089348943138683e-43
state,1350,1002.2696253560504,1002.2696253560504,0,0
state,1351,1.6391444034542421e-30,1.6391444034542445e-30,2.4522723125684299e-45,2.4522723125684299e-45
state,1352,3.9872709535162147e-30,3.9872709535162147e-30,0,0
state,1353,1.6123292405141645e-30,1.6123292405141624e-30,2.1019476964872256e-45,2.1019476964872256e-45
state,1354,3.9430591385402271e-30,3.943059138540232e-30,4.9045446251368597e-45,4.9045446251368597e-45
state,1355,1.5889385273935711e-30,1.5889385273935736e-30,2.4522723125684299e-45,2.4522723125684299e-45
state,1356,1002.2696253560504,1002.2696253560504,0,0
state,1357,5.4027075307238441e-32,5.4027075307238474e-32,3.28429327576129e-47,3.28429327576129e-47
state,1358,1.2767540800255661e-31,1.276754080025565e-31,1.0947644252537633e-46,1.0947644252537633e-46
state,1359,5.3181503768398583e-32,5.3181503768398462e-32,1.2042408677791397e-46,1.2042408677791397e-46
state,1360,1.2632670377878631e-31,1.2632670377878631e-31,0,0
state,1361,5.2443975029909077e-32,5.2443975029909121e-32,4.3790577010150533e-47,4.3790577010150533e-47
state,1362,1002.2696253560504,1002.2696253560504,0,0
state,1363,1.6945314090628895e-33,1.6945314090628891e-33,3.4211388289180104e-49,3.4211388289180104e-49
state,1364,3.8963523588021712e-33,3.8963523588021651e-33,6.1580498920524188e-48,6.1580498920524188e-48
state,1365,1.6691215149521213e-33,1.6691215149521155e-33,5.8159360091606177e-48,5.8159360091606177e-48
state,1366,3.8570831681624903e-33,3.8570831681624876e-33,2.7369110631344083e-48,2.7369110631344083e-48
state,1367,1.6469606841343866e-33,1.6469606841343859e-33,6.8422776578360209e-49,6.8422776578360209e-49
state,1368,1002.2696253560504,1002.2696253560504,0,0
state,1369,5.0705532177859357e-35,5.0705532177859518e-35,1.6036588260553174e-49,1.6036588260553174e-49
state,1370,1.1360773874270196e-34,1.136077387427022e-34,2.3520329448811322e-49,2.3520329448811322e-49
state,1371,4.9975969972951318e-35,4.997596997295135e-35,3.2073176521106348e-50,3.2073176521106348e-50
state,1372,1.1251376413292598e-34,1.1251376413292633e-34,3.4211388289180104e-49,3.4211388289180104e-49
state,1373,4.9339773852764003e-35,4.9339773852764185e-35,1.817480002862693e-49,1.817480002862693e-49
state,1374,1002.2696253560504,1002.2696253560504,0,0
state,1375,1.4508510752703153e-36,1.4508510752703194e-36,4.0091470651382935e-51,4.0091470651382935e-51
state,1376,3.1718464687207122e-36,3.1718464687207156e-36,3.3409558876152446e-51,3.3409558876152446e-51
state,1377,1.4307915595797275e-36,1.4307915595797275e-36,0,0
state,1378,3.1426232430096235e-36,3.1426232430096302e-36,6.6819117752304891e-51,6.6819117752304891e-51
state,1379,1.4133016664453468e-36,1.4133016664453499e-36,3.1739080932344823e-51,3.1739080932344823e-51
state,1380,1002.2696253560504,1002.2696253560504,0,0
state,1381,3.9777628748470586e-38,3.9777628748470654e-38,6.7863166467184655e-53,6.7863166467184655e-53
state,1382,8.4961703861604389e-38,8.496170386160441e-38,2.0880974297595278e-53,2.0880974297595278e-53
state,1383,3.9248384238660624e-38,3.9248384238660598e-38,2.6101217871994098e-53,2.6101217871994098e-53
state,1384,8.4211708979753661e-38,8.4211708979753797e-38,1.3572633293436931e-52,1.3572633293436931e-52
state,1385,3.8787008251523907e-38,3.878700825152397e-38,6.2642922892785835e-53,6.2642922892785835e-53
state,1386,1002.2696253560504,1002.2696253560504,0,0
state,1387,1.046888987102062e-39,1.0468889871020626e-39,6.5253044679985245e-55,6.5253044679985245e-55
state,1388,2.1872891303187226e-39,2.1872891303187217e-39,9.7879567019977868e-55,9.7879567019977868e-55
state,1389,1.033465851786753e-39,1.0334658517867512e-39,1.7944587286995942e-54,1.7944587286995942e-54
state,1390,2.1687643427537754e-39,2.1687643427537764e-39,9.7879567019977868e-55,9.7879567019977868e-55
state,1391,1.0217660211110306e-39,1.0217660211110317e-39,1.1419282818997418e-54,1.1419282818997418e-54
state,1392,1002.2696253560504,1002.2696253560504,0,0
state,1393,2.6492918386445597e-41,2.6492918386445597e-41,0,0
state,1394,5.4206650657292035e-41,5.4206650657291994e-41,4.0783152924990778e-56,4.0783152924990778e-56
state,1395,2.6165112698144846e-41,2.6165112698144769e-41,7.6468411734357709e-56,7.6468411734357709e-56
state,1396,5.376559582243561e-41,5.3765595822435589e-41,2.0391576462495389e-56,2.0391576462495389e-56
state,1397,2.5879442354655767e-41,2.5879442354655772e-41,5.0978941156238473e-57,5.0978941156238473e-57
state,1398,1002.2696253560504,1002.2696253560504,0,0
state,1399,6.4563084099658239e-43,6.4563084099658462e-43,2.2303286755854332e-57,2.2303286755854332e-57
state,1400,1.29506414006626e-42,1.2950641400662632e-42,3.1861838222649046e-57,3.1861838222649046e-57
state,1401,6.3791152607399335e-43,6.3791152607399407e-43,7.1689136000960352e-58,7.1689136000960352e-58
state,1402,1.2849275803131569e-42,1.2849275803131614e-42,4.4606573511708664e-57,4.4606573511708664e-57
state,1403,6.3118567202332457e-43,6.3118567202332704e-43,2.469292462255301e-57,2.469292462255301e-57
state,1404,1002.2696253560504,1002.2696253560504,0,0
state,1405,1.5172854617730013e-44,1.5172854617730055e-44,4.2316503889455764e-59,4.2316503889455764e-59
state,1406,2.9867425079918197e-44,2.9867425079918252e-44,5.4762534445178047e-59,5.4762534445178047e-59
state,1407,1.4997338286535094e-44,1.4997338286535094e-44,0,0
state,1408,2.9642257872131951e-44,2.9642257872132006e-44,5.4762534445178047e-59,5.4762534445178047e-59
state,1409,1.4844439549072538e-44,1.4844439549072578e-44,3.9827297778311307e-59,3.9827297778311307e-59
state,1410,1002.2696253560504,1002.2696253560504,0,0
state,1411,3.4429843865081256e-46,3.4429843865081315e-46,5.8340768229948204e-61,5.8340768229948204e-61
state,1412,6.6573525963300124e-46,6.6573525963300178e-46,5.445138368128499e-61,5.445138368128499e-61
state,1413,3.4044045850685663e-46,3.4044045850685655e-46,7.7787690973264271e-62,7.7787690973264271e-62
state,1414,6.6089525684159618e-46,6.6089525684159734e-46,1.1668153645989641e-60,1.1668153645989641e-60
state,1415,3.3708028008772867e-46,3.3708028008772937e-46,7.0008921875937844e-61,7.0008921875937844e-61
state,1416,1002.2696253560504,1002.2696253560504,0,0
state,1417,7.5527080033377061e-48,7.5527080033377134e-48,7.2925960287435254e-63,7.2925960287435254e-63
state,1418,1.4357941537316281e-47,1.4357941537316289e-47,7.2925960287435254e-63,7.2925960287435254e-63
state,1419,7.4706367960638217e-48,7.470636796063812e-48,9.7234613716580339e-63,9.7234613716580339e-63
state,1420,1.4257160370720222e-47,1.4257160370720234e-47,1.2154326714572542e-62,1.2154326714572542e-62
state,1421,7.3991693988006683e-48,7.3991693988006768e-48,8.5080287002007797e-63,8.5080287002007797e-63
state,1422,1002.2696253560504,1002.2696253560504,0,0
state,1423,1.603427570192648e-49,1.6034275701926484e-49,3.7982270983039195e-65,3.7982270983039195e-65
state,1424,2.9993306396522646e-49,2.9993306396522642e-49,3.7982270983039195e-65,3.7982270983039195e-65
state,1425,1.5865131123792906e-49,1.586513112379287e-49,3.6083157433887235e-64,3.6083157433887235e-64
state,1426,2.9789819030312015e-49,2.9789819030312008e-49,7.596454196607839e-65,7.596454196607839e-65
state,1427,1.5717869611851548e-49,1.5717869611851552e-49,3.7982270983039195e-65,3.7982270983039195e-65
state,1428,1002.2696253560504,1002.2696253560504,0,0
state,1429,3.297783982189306e-51,3.2977839821893036e-51,2.3738919364399497e-66,2.3738919364399497e-66
state,1430,6.0746605396630607e-51,6.0746605396630512e-51,9.4955677457597987e-66,9.4955677457597987e-66
state,1431,3.2639792126442142e-51,3.2639792126442029e-51,1.1275986698089761e-65,1.1275986698089761e-65
state,1432,6.0347838464669477e-51,6.0347838464669394e-51,8.3086217775398239e-66,8.3086217775398239e-66
state,1433,3.2345537861400487e-51,3.2345537861400463e-51,2.3738919364399497e-66,2.3738919364399497e-66
state,1434,1002.2696253560504,1002.2696253560504,0,0
state,1435,6.5771831454449271e-53,6.5771831454449151e-53,1.205491998973412e-67,1.205491998973412e-67
state,1436,1.1939382360921143e-52,1.1939382360921113e-52,2.9673649205499371e-67,2.9673649205499371e-67
state,1437,6.5116080594722349e-53,6.511608059472209e-53,2.596444305481195e-67,2.596444305481195e-67
state,1438,1.1863472879341022e-52,1.1863472879340993e-52,2.9673649205499371e-67,2.9673649205499371e-67
state,1439,6.454539470883069e-53,6.4545394708830579e-53,1.1127618452062264e-67,1.1127618452062264e-67
state,1440,1002.2696253560504,1002.2696253560504,0,0
state,1441,1.2731967950346245e-54,1.273196795034627e-54,2.4631447094408658e-69,2.4631447094408658e-69
state,1442,2.2791669221011918e-54,2.2791669221011938e-54,2.0284721136571836e-69,2.0284721136571836e-69
state,1443,1.2608400376583546e-54,1.2608400376583545e-54,1.448908652612274e-70,1.448908652612274e-70
state,1444,2.2651188965077435e-54,2.2651188965077467e-54,3.1875990357470028e-69,3.1875990357470028e-69
state,1445,1.2500883572690712e-54,1.2500883572690738e-54,2.6080355747020932e-69,2.6080355747020932e-69
state,1446,1002.2696253560504,1002.2696253560504,0,0
state,1447,2.3941907714914736e-56,2.3941907714914759e-56,2.2639197697066781e-71,2.2639197697066781e-71
state,1448,4.2291693507226742e-56,4.2291693507226742e-56,0,0
state,1449,2.3715538770987656e-56,2.3715538770987629e-56,2.7167037236480137e-71,2.7167037236480137e-71
state,1450,4.2038762262760638e-56,4.2038762262760665e-56,2.7167037236480137e-71,2.7167037236480137e-71
state,1451,2.3518613026052781e-56,2.3518613026052808e-56,2.7167037236480137e-71,2.7167037236480137e-71
state,1452,1002.2696253560504,1002.2696253560504,0,0
state,1453,4.3770160691536008e-58,4.3770160691536213e-58,2.051677291296677e-72,2.051677291296677e-72
state,1454,7.6339442014945853e-58,7.6339442014946122e-58,2.6884047265266802e-72,2.6884047265266802e-72
state,1455,4.336670284280349e-58,4.3366702842803618e-58,1.2734548704600064e-72,1.2734548704600064e-72
state,1456,7.5896074496241365e-58,7.5896074496241676e-58,3.1128896833466824e-72,3.1128896833466824e-72
state,1457,4.301579098396251e-58,4.3015790983962715e-58,2.051677291296677e-72,2.051677291296677e-72
state,1458,1002.2696253560504,1002.2696253560504,0,0
state,1459,7.7854346284644686e-60,7.7854346284645007e-60,3.2057457676510578e-74,3.2057457676510578e-74
state,1460,1.341435957422729e-59,1.3414359574227325e-59,3.5373746401666845e-74,3.5373746401666845e-74
state,1461,7.7154257484896659e-60,7.7154257484896847e-60,1.8792302775885512e-74,1.8792302775885512e-74
state,1462,1.3338643437581995e-59,1.3338643437582033e-59,3.7584605551771023e-74,3.7584605551771023e-74
state,1463,7.6545467173182392e-60,7.6545467173182701e-60,3.095202810145849e-74,3.095202810145849e-74
state,1464,1002.2696253560504,1002.2696253560504,0,0
state,1465,1.348292863912168e-61,1.3482928639121723e-61,4.3180842775472223e-76,4.3180842775472223e-76
state,1466,2.2962193747527957e-61,2.2962193747528005e-61,4.836254390852889e-76,4.836254390852889e-76
state,1467,1.3364578085964995e-61,1.3364578085965012e-61,1.7272337110188889e-76,1.7272337110188889e-76
state,1468,2.2836141799677956e-61,2.2836141799678008e-61,5.1817011330566668e-76,5.1817011330566668e-76
state,1469,1.326168168159322e-61,1.3261681681593258e-61,3.7999141642415556e-76,3.7999141642415556e-76
state,1470,1002.2696253560504,1002.2696253560504,0,0
state,1471,2.2749775226787432e-63,2.2749775226787481e-63,4.8578448122406251e-78,4.8578448122406251e-78
state,1472,3.8314162406407304e-63,3.8314162406407342e-63,3.7783237428538195e-78,3.7783237428538195e-78
state,1473,2.2554735304196721e-63,2.255473530419673e-63,8.0964080204010418e-79,8.0964080204010418e-79
state,1474,3.8109467804251715e-63,3.8109467804251786e-63,7.0168869510142363e-78,7.0168869510142363e-78
state,1475,2.2385196404687527e-63,2.2385196404687573e-63,4.5879645448939237e-78,4.5879645448939237e-78
state,1476,1002.2696253560504,1002.2696253560504,0,0
state,1477,3.7423213512141712e-65,3.7423213512141775e-65,6.3253187659383139e-80,6.3253187659383139e-80
state,1478,6.2355343070640959e-65,6.2355343070640985e-65,2.5301275063753256e-80,2.5301275063753256e-80
state,1479,3.7109687818466109e-65,3.7109687818466092e-65,1.6867516709168837e-80,1.6867516709168837e-80
state,1480,6.2030924921399611e-65,6.2030924921399653e-65,4.2168791772922093e-80,4.2168791772922093e-80
state,1481,3.6837207217235039e-65,3.6837207217235077e-65,3.7951912595629884e-80,3.7951912595629884e-80
state,1482,1002.2696253560504,1002.2696253560504,0,0
state,1483,6.0053947394631166e-67,6.0053947394631206e-67,3.9533242287114462e-82,3.9533242287114462e-82
state,1484,9.9039643375133714e-67,9.9039643375133648e-67,6.588873714519077e-82,6.588873714519077e-82
state,1485,5.9562058528792842e-67,5.9562058528792776e-67,6.588873714519077e-82,6.588873714519077e-82
state,1486,9.8537555057434905e-67,9.8537555057434905e-67,0,0
state,1487,5.9134646494441315e-67,5.9134646494441342e-67,2.6355494858076308e-82,2.6355494858076308e-82
state,1488,1002.2696253560504,1002.2696253560504,0,0
state,1489,9.4065589231473225e-69,9.4065589231473163e-69,6.1770691073616347e-84,6.1770691073616347e-84
state,1490,1.536052079825251e-68,1.5360520798252494e-68,1.6472184286297693e-83,1.6472184286297693e-83
state,1491,9.3311988500951943e-69,9.3311988500951757e-69,1.8531207322084904e-83,1.8531207322084904e-83
state,1492,1.528460107435842e-68,1.528460107435841e-68,1.0295115178936058e-83,1.0295115178936058e-83
state,1493,9.2657293422995912e-69,9.2657293422995912e-69,0,0
state,1494,1002.2696253560504,1002.2696253560504,0,0
state,1495,1.4389597626402722e-70,1.4389597626402703e-70,1.9303340960505108e-85,1.9303340960505108e-85
state,1496,2.3275192112500356e-70,2.3275192112500308e-70,4.8258352401262771e-85,4.8258352401262771e-85
state,1497,1.4276794403229504e-70,1.4276794403229463e-70,4.1823905414427735e-85,4.1823905414427735e-85
state,1498,2.3162979475489987e-70,2.3162979475489942e-70,4.5041128907845253e-85,4.5041128907845253e-85
state,1499,1.4178814275771701e-70,1.4178814275771684e-70,1.608611746708759e-85,1.608611746708759e-85
state,1500,1002.2696253560504,1002.2696253560504,0,0
state,1501,2.1509165566440234e-72,2.1509165566440183e-72,5.026911708464872e-87,5.026911708464872e-87
state,1502,3.4473815709606575e-72,3.4473815709606475e-72,1.0053823416929744e-86,1.0053823416929744e-86
state,1503,2.1344112768053678e-72,2.1344112768053598e-72,8.0430587335437952e-87,8.0430587335437952e-87
state,1504,3.4311617822514018e-72,3.4311617822513932e-72,8.5457499043902824e-87,8.5457499043902824e-87
state,1505,2.1200775598662414e-72,2.1200775598662371e-72,4.2728749521951412e-87,4.2728749521951412e-87
state,1506,1002.2696253560504,1002.2696253560504,0,0
state,1507,3.1432080411298742e-74,3.1432080411298636e-74,1.0603641885043089e-88,1.0603641885043089e-88
state,1508,4.993470043491087e-74,4.9934700434910674e-74,1.9636373861190906e-88,1.9636373861190906e-88
state,1509,3.1195895970664557e-74,3.1195895970664412e-74,1.4530916657281271e-88,1.4530916657281271e-88
state,1510,4.9705318261821021e-74,4.9705318261820824e-74,1.9636373861190906e-88,1.9636373861190906e-88
state,1511,3.0990823498146435e-74,3.0990823498146348e-74,8.6400044989239987e-89,8.6400044989239987e-89
state,1512,1002.2696253560504,1002.2696253560504,0,0
state,1513,4.4926732641524385e-76,4.4926732641524612e-76,2.2704557277001985e-90,2.2704557277001985e-90
state,1514,7.0767101695669544e-76,7.0767101695669863e-76,3.1909107524435223e-90,3.1909107524435223e-90
state,1515,4.4596055939478565e-76,4.459605593947873e-76,1.6568190445379827e-90,1.6568190445379827e-90
state,1516,7.0449581283868668e-76,7.0449581283869012e-76,3.4363654257084086e-90,3.4363654257084086e-90
state,1517,4.4308990745631655e-76,4.4308990745631901e-76,2.4545467326488633e-90,2.4545467326488633e-90
state,1518,1002.2696253560504,1002.2696253560504,0,0
state,1519,6.2837178602647216e-78,6.2837178602647455e-78,2.3970182936024055e-92,2.3970182936024055e-92
state,1520,9.8167164210184295e-78,9.816716421018466e-78,3.6434678062756564e-92,3.6434678062756564e-92
state,1521,6.2384001088867539e-78,6.2384001088867721e-78,1.8217339031378282e-92,1.8217339031378282e-92
state,1522,9.7736776538778144e-78,9.7736776538778489e-78,3.451706342787464e-92,3.451706342787464e-92
state,1523,6.1990662236461754e-78,6.1990662236462052e-78,2.9723026840669829e-92,2.9723026840669829e-92
state,1524,1002.2696253560504,1002.2696253560504,0,0
state,1525,8.6039465847361215e-80,8.60394658473615e-80,2.8464592236528566e-94,2.8464592236528566e-94
state,1526,1.3334865419304354e-79,1.3334865419304391e-79,3.7453410837537587e-94,3.7453410837537587e-94
state,1527,8.5431294234403135e-80,8.543129423440336e-80,2.2472046502522552e-94,2.2472046502522552e-94
state,1528,1.3277718146752594e-79,1.3277718146752632e-79,3.7453410837537587e-94,3.7453410837537587e-94
state,1529,8.4903521585320096e-80,8.4903521585320425e-80,3.2959001537033076e-94,3.2959001537033076e-94
state,1530,300,300,0,0
state,1531,300.00221574998574,300.00221574998574,0,0
state,1532,300.00135249966053,300.00135249966053,0,0
state,1533,300.00026862410465,300.00026862410465,0,0
state,1534,300.00003656289073,300.00003656289073,0,0
state,1535,300.00000410049614,300.00000410049614,0,0
state,1536,300.0000003961589,300.0000003961589,0,0
state,1537,300.00000003368444,300.00000003368444,0,0
state,1538,300.0000000025554,300.0000000025554,0,0
state,1539,300.00000000017394,300.00000000017394,0,0
state,1540,300.00000000001006,300.00000000001006,0,0
state,1541,300,300,0,0
state,1542,300,300,0,0
state,1543,300,300,0,0
state,1544,300,300,0,0
state,1545,300,300,0,0
state,1546,300,300,0,0
state,1547,300,300,0,0
state,1548,300,300,0,0
state,1549,300,300,0,0
state,1550,300,300,0,0
state,1551,300,300,0,0
state,1552,300,300,0,0
state,1553,300,300,0,0
state,1554,300,300,0,0
state,1555,300,300,0,0
state,1556,300,300,0,0
state,1557,300,300,0,0
state,1558,300,300,0,0
state,1559,300,300,0,0
state,1560,300,300,0,0
state,1561,300,300,0,0
state,1562,300,300,0,0
state,1563,300,300,0,0
state,1564,300,300,0,0
state,1565,300,300,0,0
state,1566,300,300,0,0
state,1567,300,300,0,0
state,1568,300,300,0,0
state,1569,300,300,0,0
state,1570,300,300,0,0
state,1571,300,300,0,0
state,1572,300,300,0,0
state,1573,300,300,0,0
state,1574,300,300,0,0
state,1575,300,300,0,0
state,1576,300,300,0,0
state,1577,300,300,0,0
state,1578,300,300,0,0
state,1579,300,300,0,0
state,1580,300,300,0,0
state,1581,300.7146294232013,300.7146294232013,0,0
state,1582,300.64102717416682,300.64102717416682,0,0
state,1583,300.32813533632066,300.32813533632066,0,0
state,1584,300.02478637629298,300.02478637629298,0,0
state,1585,300.00074731188022,300.00074731188022,0,0
state,1586,300.00002188804837,300.00002188804837,0,0
state,1587,300.000000655983,300.000000655983,0,0
state,1588,300.00000001994766,300.00000001994766,0,0
state,1589,300.00000000000028,300.00000000000028,0,0
state,1590,300,300,0,0
state,1591,300,300,0,0
state,1592,300,300,0,0
state,1593,300,300,0,0
state,1594,300,300,0,0
state,1595,300,300,0,0
state,1596,300,300,0,0
state,1597,300,300,0,0
state,1598,300,300,0,0
state,1599,300,300,0,0
state,1600,300,300,0,0
state,1601,300,300,0,0
state,1602,300,300,0,0
state,1603,300,300,0,0
state,1604,300,300,0,0
state,1605,300,300,0,0
state,1606,300,300,0,0
state,1607,300,300,0,0
state,1608,300,300,0,0
state,1609,300,300,0,0
state,1610,300,300,0,0
state,1611,300,300,0,0
state,1612,300,300,0,0
state,1613,300,300,0,0
state,1614,300,300,0,0
state,1615,300,300,0,0
state,1616,300,300,0,0
state,1617,300,300,0,0
state,1618,300,300,0,0
state,1619,300,300,0,0
state,1620,300,300,0,0
state,1621,300,300,0,0
state,1622,300,300,0,0
state,1623,300,300,0,0
state,1624,300,300,0,0
state,1625,300,300,0,0
state,1626,300,300,0,0
state,1627,300,300,0,0
state,1628,300,300,0,0
state,1629,300,300,0,0
state,1630,300,300,0,0
state,1631,300,300,0,0
state,1632,300,300,0,0
state,1633,300.00000008755819,300.00000008755819,0,0
state,1634,300.00000004262836,300.00000004262836,0,0
state,1635,300.0000000069146,300.0000000069146,0,0
state,1636,300.00000000079257,300.00000000079257,0,0
state,1637,300.00000000007543,300.00000000007543,0,0
state,1638,300.0000000000054,300.0000000000054,0,0
state,1639,300,300,0,0
state,1640,300,300,0,0
state,1641,300,300,0,0
state,1642,300,300,0,0
state,1643,300,300,0,0
state,1644,300,300,0,0
state,1645,300,300,0,0
state,1646,300,300,0,0
state,1647,300,300,0,0
state,1648,300,300,0,0
state,1649,300,300,0,0
state,1650,300,300,0,0
state,1651,300,300,0,0
state,1652,300,300,0,0
state,1653,300,300,0,0
state,1654,300,300,0,0
state,1655,300,300,0,0
state,1656,300,300,0,0
state,1657,300,300,0,0
state,1658,300,300,0,0
state,1659,300,300,0,0
state,1660,300,300,0,0
state,1661,300,300,0,0
state,1662,300,300,0,0
state,1663,300,300,0,0
state,1664,300,300,0,0
state,1665,300,300,0,0
state,1666,300,300,0,0
state,1667,300,300,0,0
state,1668,300,300,0,0
state,1669,300,300,0,0
state,1670,300,300,0,0
state,1671,300,300,0,0
state,1672,300,300,0,0
state,1673,300,300,0,0
state,1674,300,300,0,0
state,1675,300,300,0,0
state,1676,300,300,0,0
state,1677,300,300,0,0
state,1678,300,300,0,0
state,1679,300,300,0,0
state,1680,300,300,0,0
state,1681,300,300,0,0
state,1682,300,300,0,0
total_pressure,0,2500000,2500000,0,0
total_pressure,1,2499840.1175340065,2499840.1175340065,0,0
total_pressure,2,2499722.2191235414,2499722.2191235414,0,0
total_pressure,3,2499621.5360355717,2499621.5360355717,0,0
total_pressure,4,2499522.6323825074,2499522.6323825074,0,0
total_pressure,5,2499423.7844807697,2499423.7844807697,0,0
total_pressure,6,2499324.9382529836,2499324.9382529836,0,0
total_pressure,7,2499226.092077022,2499226.092077022,0,0
total_pressure,8,2499127.2459027078,2499127.2459027078,0,0
total_pressure,9,2499028.3997284044,2499028.3997284044,0,0
total_pressure,10,2498929.5535541028,2498929.5535541028,0,0
total_pressure,11,2498830.7073798012,2498830.7073798012,0,0
total_pressure,12,2498731.8612055001,2498731.8612055001,0,0
total_pressure,13,2498633.015031199,2498633.015031199,0,0
total_pressure,14,2498534.1688568979,2498534.1688568979,0,0
total_pressure,15,2498435.3226825967,2498435.3226825967,0,0
total_pressure,16,2498336.4765082956,2498336.4765082956,0,0
total_pressure,17,2498237.6303339945,2498237.6303339945,0,0
total_pressure,18,2498138.7841596934,2498138.7841596934,0,0
total_pressure,19,2498039.9379853923,2498039.9379853923,0,0
total_pressure,20,2497941.0918110912,2497941.0918110912,0,0
total_pressure,21,2497842.2456367901,2497842.2456367901,0,0
total_pressure,22,2497743.3994624889,2497743.3994624889,0,0
total_pressure,23,2497644.5532881878,2497644.5532881878,0,0
total_pressure,24,2497545.7071138867,2497545.7071138867,0,0
total_pressure,25,2497446.8609395856,2497446.8609395856,0,0
total_pressure,26,2497348.0147652845,2497348.0147652845,0,0
total_pressure,27,2497249.1685909834,2497249.1685909834,0,0
total_pressure,28,2497150.3224166823,2497150.3224166823,0,0
total_pressure,29,2497051.4762423811,2497051.4762423811,0,0
total_pressure,30,2496952.63006808,2496952.63006808,0,0
total_pressure,31,2496853.7838937789,2496853.7838937789,0,0
total_pressure,32,2496754.9377194778,2496754.9377194778,0,0
total_pressure,33,2496656.0915451767,2496656.0915451767,0,0
total_pressure,34,2496557.2453708756,2496557.2453708756,0,0
total_pressure,35,2496458.3991965745,2496458.3991965745,0,0
total_pressure,36,2496359.5530222734,2496359.5530222734,0,0
total_pressure,37,2496260.7068479722,2496260.7068479722,0,0
total_pressure,38,2496161.8606736711,2496161.8606736711,0,0
total_pressure,39,2496063.01449937,2496063.01449937,0,0
total_pressure,40,2495964.1683250689,2495964.1683250689,0,0
total_pressure,41,2495865.3221507678,2495865.3221507678,0,0
total_pressure,42,2495766.4759764667,2495766.4759764667,0,0
total_pressure,43,2495667.6298021656,2495667.6298021656,0,0
total_pressure,44,2495568.7836278644,2495568.7836278644,0,0
total_pressure,45,2495469.9374535633,2495469.9374535633,0,0
total_pressure,46,2495371.0912792622,2495371.0912792622,0,0
total_pressure,47,2495272.2451049611,2495272.2451049611,0,0
total_pressure,48,2495173.39893066,2495173.39893066,0,0
total_pressure,49,2495074.5527563589,2495074.5527563589,0,0
total_pressure,50,2494975.7065820578,2494975.7065820578,0,0
interstitial_gas_velocity,0,0.10000000000000001,0.10000000000000001,0,0
interstitial_gas_velocity,1,0.085780952846122138,0.085780952846122138,0,0
interstitial_gas_velocity,2,0.079222791461083464,0.079222791461083464,0,0
interstitial_gas_velocity,3,0.078515149627484918,0.078515149627484918,0,0
interstitial_gas_velocity,4,0.078493013925670874,0.078493013925670874,0,0
interstitial_gas_velocity,5,0.07849234953118682,0.07849234953118682,0,0
interstitial_gas_velocity,6,0.078492328956493662,0.078492328956493662,0,0
interstitial_gas_velocity,7,0.078492328302797301,0.078492328302797301,0,0
interstitial_gas_velocity,8,0.078492328298235603,0.078492328298235603,0,0
interstitial_gas_velocity,9,0.078492328297577935,0.078492328297577935,0,0
interstitial_gas_velocity,10,0.078492328297492184,0.078492328297492184,0,0
interstitial_gas_velocity,11,0.078492328297482789,0.078492328297482789,0,0
interstitial_gas_velocity,12,0.078492328297481817,0.078492328297481817,0,0
interstitial_gas_velocity,13,0.078492328297481512,0.078492328297481512,0,0
interstitial_gas_velocity,14,0.078492328297481581,0.078492328297481581,0,0
interstitial_gas_velocity,15,0.078492328297481581,0.078492328297481581,0,0
interstitial_gas_velocity,16,0.078492328297481581,0.078492328297481581,0,0
interstitial_gas_velocity,17,0.078492328297481581,0.078492328297481581,0,0
interstitial_gas_velocity,18,0.078492328297481581,0.078492328297481581,0,0
interstitial_gas_velocity,19,0.078492328297481581,0.078492328297481581,0,0
interstitial_gas_velocity,20,0.078492328297481581,0.078492328297481581,0,0
interstitial_gas_velocity,21,0.078492328297481581,0.078492328297481581,0,0
interstitial_gas_velocity,22,0.078492328297481581,0.078492328297481581,0,0
interstitial_gas_velocity,23,0.078492328297481581,0.078492328297481581,0,0
interstitial_gas_velocity,24,0.078492328297481581,0.078492328297481581,0,0
interstitial_gas_velocity,25,0.078492328297481581,0.078492328297481581,0,0
interstitial_gas_velocity,26,0.078492328297481581,0.078492328297481581,0,0
interstitial_gas_velocity,27,0.078492328297481581,0.078492328297481581,0,0
interstitial_gas_velocity,28,0.078492328297481581,0.078492328297481581,0,0
interstitial_gas_velocity,29,0.078492328297481581,0.078492328297481581,0,0
interstitial_gas_velocity,30,0.078492328297481581,0.078492328297481581,0,0
interstitial_gas_velocity,31,0.078492328297481581,0.078492328297481581,0,0
interstitial_gas_velocity,32,0.078492328297481581,0.078492328297481581,0,0
interstitial_gas_velocity,33,0.078492328297481581,0.078492328297481581,0,0
interstitial_gas_velocity,34,0.078492328297481581,0.078492328297481581,0,0
interstitial_gas_velocity,35,0.078492328297481581,0.078492328297481581,0,0
interstitial_gas_velocity,36,0.078492328297481581,0.078492328297481581,0,0
interstitial_gas_velocity,37,0.078492328297481581,0.078492328297481581,0,0
interstitial_gas_velocity,38,0.078492328297481581,0.078492328297481581,0,0
interstitial_gas_velocity,39,0.078492328297481581,0.078492328297481581,0,0
interstitial_gas_velocity,40,0.078492328297481581,0.078492328297481581,0,0
interstitial_gas_velocity,41,0.078492328297481581,0.078492328297481581,0,0
interstitial_gas_velocity,42,0.078492328297481581,0.078492328297481581,0,0
interstitial_gas_velocity,43,0.078492328297481581,0.078492328297481581,0,0
interstitial_gas_velocity,44,0.078492328297481581,0.078492328297481581,0,0
interstitial_gas_velocity,45,0.078492328297481581,0.078492328297481581,0,0
interstitial_gas_velocity,46,0.078492328297481581,0.078492328297481581,0,0
interstitial_gas_velocity,47,0.078492328297481581,0.078492328297481581,0,0
interstitial_gas_velocity,48,0.078492328297481581,0.078492328297481581,0,0
interstitial_gas_velocity,49,0.078492328297481581,0.078492328297481581,0,0
interstitial_gas_velocity,50,0.078492328297481581,0.078492328297481581,0,0
