field,index,singlebed,multibed,absolute_difference,relative_difference
state,0,701.58873774923518,701.58873774923518,0,0
state,1,60.136177521363017,60.136177521363017,0,0
state,2,60.136177521363017,60.136177521363017,0,0
state,3,60.136177521363017,60.136177521363017,0,0
state,4,60.136177521363017,60.136177521363017,0,0
state,5,60.136177521363017,60.136177521363017,0,0
state,6,895.59678656304231,895.59678656304231,0,0
state,7,22.566335088654906,22.566335088654906,0,0
state,8,22.002570455505293,22.002570455505293,0,0
state,9,21.159320404773819,21.159320404773833,1.4210854715202004e-14,6.7161205763469791e-16
state,10,20.91424714298071,20.91424714298071,0,0
state,11,20.063401917608502,20.063401917608502,0,0
state,12,991.86872036280033,991.86872036280033,0,0
state,13,2.176966272347602,2.1769662723476007,1.3322676295501878e-15,6.1198358765268973e-16
state,14,2.39863737838012,2.39863737838012,0,0
state,15,1.9130961109396736,1.913096110939674,4.4408920985006262e-16,2.3213115499562382e-16
state,16,2.1938412561210168,2.1938412561210154,1.3322676295501878e-15,6.0727622193859281e-16
state,17,1.7535249983282453,1.7535249983282453,0,0
state,18,1001.9413931573191,1001.9413931573191,0,0
state,19,0.057575744347338177,0.057575744347338163,1.3877787807814457e-17,1.3877787807814457e-17
state,20,0.093326225667519136,0.093326225667519136,0,0
state,21,0.050501623090154865,0.0505016230901549,3.4694469519536142e-17,3.4694469519536142e-17
state,22,0.085348476684095453,0.085348476684095412,4.163336342344337e-17,4.163336342344337e-17
state,23,0.046301728660936278,0.046301728660936285,6.9388939039072284e-18,6.9388939039072284e-18
state,24,1002.2597555062903,1002.2597555062903,0,0
state,25,0.0013818376110016322,0.0013818376110016314,8.6736173798840355e-19,8.6736173798840355e-19
state,26,0.0032907008608290896,0.0032907008608290883,1.3010426069826053e-18,1.3010426069826053e-18
state,27,0.0012154649835563554,0.0012154649835563556,2.1684043449710089e-19,2.1684043449710089e-19
state,28,0.0030193943574546925,0.0030193943574546912,1.3010426069826053e-18,1.3010426069826053e-18
state,29,0.0011167559080898053,0.0011167559080898048,4.3368086899420177e-19,4.3368086899420177e-19
state,30,1002.2693190329767,1002.2693190329767,0,0
state,31,3.3092976314734137e-05,3.309297631473413e-05,6.7762635780344027e-21,6.7762635780344027e-21
state,32,0.00011545757385226782,0.00011545757385226779,2.7105054312137611e-20,2.7105054312137611e-20
state,33,2.9196522832212606e-05,2.9196522832212616e-05,1.0164395367051604e-20,1.0164395367051604e-20
state,34,0.00010631505877446858,0.00010631505877446856,2.7105054312137611e-20,2.7105054312137611e-20
state,35,2.6885170294589849e-05,2.6885170294589832e-05,1.6940658945086007e-20,1.6940658945086007e-20
state,36,1002.2696155825465,1002.2696155825465,0,0
state,37,7.9274675244441248e-07,7.9274675244441238e-07,1.0587911840678754e-22,1.0587911840678754e-22
state,38,4.0432757639184126e-06,4.0432757639184117e-06,8.4703294725430034e-22,8.4703294725430034e-22
state,39,7.0158797428663106e-07,7.0158797428663127e-07,2.1175823681357508e-22,2.1175823681357508e-22
state,40,3.7367693152063073e-06,3.7367693152063069e-06,4.2351647362715017e-22,4.2351647362715017e-22
state,41,6.4751993500748814e-07,6.4751993500748792e-07,2.1175823681357508e-22,2.1175823681357508e-22
state,42,1002.2696250049121,1002.2696250049121,0,0
state,43,1.900527022517239e-08,1.9005270225172367e-08,2.3161057151484775e-23,2.3161057151484775e-23
state,44,1.4131306409852694e-07,1.4131306409852678e-07,1.5881867761018131e-22,1.5881867761018131e-22
state,45,1.6874675821710199e-08,1.6874675821710185e-08,1.3234889800848443e-23,1.3234889800848443e-23
state,46,1.3109592201666832e-07,1.3109592201666813e-07,1.852884572118782e-22,1.852884572118782e-22
state,47,1.5611081334886013e-08,1.5611081334885996e-08,1.6543612251060553e-23,1.6543612251060553e-23
state,48,1002.2696252959781,1002.2696252959781,0,0
state,49,3.7744629367565778e-09,3.7744629367565728e-09,4.963083675318166e-24,4.963083675318166e-24
state,50,2.5503007661195377e-08,2.5503007661195367e-08,9.9261673506363321e-24,9.9261673506363321e-24
state,51,3.4483656896694931e-09,3.4483656896694907e-09,2.481541837659083e-24,2.481541837659083e-24
state,52,2.4086148519070024e-08,2.4086148519069998e-08,2.6469779601696886e-23,2.6469779601696886e-23
state,53,3.2550621348347717e-09,3.2550621348347684e-09,3.3087224502121107e-24,3.3087224502121107e-24
state,54,1002.2696253468398,1002.2696253468398,0,0
state,55,6.4288040980177353e-10,6.4288040980177301e-10,5.169878828456423e-25,5.169878828456423e-25
state,56,3.7770452223818506e-09,3.7770452223818506e-09,0,0
state,57,5.9986926756262265e-10,5.9986926756262244e-10,2.0679515313825692e-25,2.0679515313825692e-25
state,58,3.6122536460482027e-09,3.6122536460482023e-09,4.1359030627651384e-25,4.1359030627651384e-25
state,59,5.7441635554907356e-10,5.7441635554907346e-10,1.0339757656912846e-25,1.0339757656912846e-25
state,60,1002.2696253548716,1002.2696253548716,0,0
state,61,9.0961292312096316e-11,9.0961292312096329e-11,1.2924697071141057e-26,1.2924697071141057e-26
state,62,4.6553036534487224e-10,4.655303653448724e-10,1.5509636485369269e-25,1.5509636485369269e-25
state,63,8.6034198989275448e-11,8.6034198989275448e-11,0,0
state,64,4.490300508688482e-10,4.490300508688482e-10,0,0
state,65,8.3126315539655243e-11,8.3126315539655243e-11,0,0
state,66,1002.269625355922,1002.269625355922,0,0
state,67,1.0645966011210597e-11,1.0645966011210597e-11,0,0
state,68,4.8384162354706831e-11,4.8384162354706818e-11,1.2924697071141057e-26,1.2924697071141057e-26
state,69,1.0155708151910892e-11,1.0155708151910885e-11,6.4623485355705287e-27,6.4623485355705287e-27
state,70,4.6939658891620242e-11,4.693965889162021e-11,3.2311742677852644e-26,3.2311742677852644e-26
state,71,9.8672674868419976e-12,9.8672674868419928e-12,4.8467614016778965e-27,4.8467614016778965e-27
state,72,1002.269625356037,1002.269625356037,0,0
state,73,1.0454489018054299e-12,1.0454489018054313e-12,1.4136387421560532e-27,1.4136387421560532e-27
state,74,4.3058529568823038e-12,4.3058529568823087e-12,4.8467614016778965e-27,4.8467614016778965e-27
state,75,1.0029389541606593e-12,1.0029389541606601e-12,8.0779356694631609e-28,8.0779356694631609e-28
state,76,4.194109142463816e-12,4.1941091424638201e-12,4.0389678347315804e-27,4.0389678347315804e-27
state,77,9.7800737884655594e-13,9.7800737884655695e-13,1.0097419586828951e-27,1.0097419586828951e-27
state,78,1002.2696253560501,1002.2696253560501,0,0
state,79,8.7842826212510448e-14,8.7842826212510498e-14,5.0487097934144756e-29,5.0487097934144756e-29
state,80,3.3335184007185133e-13,3.3335184007185133e-13,0,0
state,81,8.4606127412442774e-14,8.4606127412442711e-14,6.3108872417680944e-29,6.3108872417680944e-29
state,82,3.2564439687995054e-13,3.2564439687995054e-13,0,0
state,83,8.2713630808285524e-14,8.2713630808285587e-14,6.3108872417680944e-29,6.3108872417680944e-29
state,84,1002.2696253560504,1002.2696253560504,0,0
state,85,6.4358479648513899e-15,6.4358479648513899e-15,0,0
state,86,2.2788186705346131e-14,2.2788186705346115e-14,1.5777218104420236e-29,1.5777218104420236e-29
state,87,6.2172702457516804e-15,6.2172702457516717e-15,8.6774699574311299e-30,8.6774699574311299e-30
state,88,2.2310133790066171e-14,2.2310133790066152e-14,1.8932661725304283e-29,1.8932661725304283e-29
state,89,6.089841142173947e-15,6.0898411421739446e-15,2.3665827156630354e-30,2.3665827156630354e-30
state,90,1002.2696253560504,1002.2696253560504,0,0
state,91,4.1797503485132289e-16,4.1797503485132343e-16,5.4234187233944562e-31,5.4234187233944562e-31
state,92,1.3939389682165097e-15,1.3939389682165104e-15,7.8886090522101181e-31,7.8886090522101181e-31
state,93,4.047444199775746e-16,4.047444199775746e-16,0,0
state,94,1.3670557666012093e-15,1.3670557666012097e-15,3.944304526105059e-31,3.944304526105059e-31
state,95,3.9705280129840776e-16,3.9705280129840816e-16,3.944304526105059e-31,3.944304526105059e-31
state,96,1002.2696253560504,1002.2696253560504,0,0
state,97,2.4397519856643167e-17,2.4397519856643179e-17,1.2325951644078309e-32,1.2325951644078309e-32
state,98,7.7178451865546758e-17,7.7178451865546783e-17,2.4651903288156619e-32,2.4651903288156619e-32
state,99,2.3672437000556035e-17,2.3672437000556026e-17,9.2444637330587321e-33,9.2444637330587321e-33
state,100,7.5797133514054531e-17,7.5797133514054494e-17,3.6977854932234928e-32,3.6977854932234928e-32
state,101,2.3252068911042419e-17,2.3252068911042422e-17,3.0814879110195774e-33,3.0814879110195774e-33
state,102,1002.2696253560504,1002.2696253560504,0,0
state,103,1.2947393070847375e-18,1.2947393070847365e-18,9.6296497219361793e-34,9.6296497219361793e-34
state,104,3.9060267126896574e-18,3.9060267126896543e-18,3.0814879110195774e-33,3.0814879110195774e-33
state,105,1.2584326865357297e-18,1.2584326865357284e-18,1.3481509610710651e-33,1.3481509610710651e-33
state,106,3.8407089131560095e-18,3.8407089131560025e-18,6.9333477997940491e-33,6.9333477997940491e-33
state,107,1.2374409701040988e-18,1.2374409701040985e-18,3.8518598887744717e-34,3.8518598887744717e-34
state,108,1002.2696253560504,1002.2696253560504,0,0
state,109,6.3067267725236771e-20,6.3067267725236832e-20,6.018531076210112e-35,6.018531076210112e-35
state,110,1.8221958151584489e-19,1.8221958151584506e-19,1.6851887013388314e-34,1.6851887013388314e-34
state,111,6.1392804526142618e-20,6.1392804526142654e-20,3.6111186457260672e-35,3.6111186457260672e-35
state,112,1.7935850816439052e-19,1.7935850816439047e-19,4.8148248609680896e-35,4.8148248609680896e-35
state,113,6.0427279944766427e-20,6.0427279944766511e-20,8.4259435066941569e-35,8.4259435066941569e-35
state,114,1002.2696253560504,1002.2696253560504,0,0
state,115,2.8422555224797222e-21,2.8422555224797301e-21,7.8993220375257721e-36,7.8993220375257721e-36
state,116,7.891651360373068e-21,7.8916513603730875e-21,1.9560225997682864e-35,1.9560225997682864e-35
state,117,2.7706219630537129e-21,2.770621963053717e-21,4.137740114894452e-36,4.137740114894452e-36
state,118,7.7748809381530025e-21,7.7748809381530131e-21,1.0532429383367696e-35,1.0532429383367696e-35
state,119,2.7294284153712075e-21,2.7294284153712146e-21,7.147005652999508e-36,7.147005652999508e-36
state,120,1002.2696253560504,1002.2696253560504,0,0
state,121,1.193029493332009e-22,1.1930294933320111e-22,2.1158898314801175e-37,2.1158898314801175e-37
state,122,3.1922000069514483e-22,3.1922000069514535e-22,5.172175143618065e-37,5.172175143618065e-37
state,123,1.1644294222992878e-22,1.1644294222992887e-22,9.4039548065783001e-38,9.4039548065783001e-38
state,124,3.1475611365443306e-22,3.1475611365443311e-22,4.70197740328915e-38,4.70197740328915e-38
state,125,1.1480272610734713e-22,1.1480272610734734e-22,2.1158898314801175e-37,2.1158898314801175e-37
state,126,1002.2696253560504,1002.2696253560504,0,0
state,127,4.690346290564654e-24,4.6903462905646577e-24,3.6734198463196485e-39,3.6734198463196485e-39
state,128,1.2123173245186882e-23,1.2123173245186891e-23,8.8162076311671563e-39,8.8162076311671563e-39
state,129,4.5832110129663865e-24,4.5832110129663858e-24,7.3468396926392969e-40,7.3468396926392969e-40
state,130,1.1962596077847984e-23,1.1962596077847978e-23,5.8774717541114375e-39,5.8774717541114375e-39
state,131,4.521935951581533e-24,4.5219359515815374e-24,4.4081038155835782e-39,4.4081038155835782e-39
state,132,1002.2696253560504,1002.2696253560504,0,0
state,133,1.7353678115953765e-25,1.7353678115953762e-25,2.2958874039497803e-41,2.2958874039497803e-41
state,134,4.3419265187087157e-25,4.3419265187087148e-25,9.1835496157991212e-41,9.1835496157991212e-41
state,135,1.697539987409105e-25,1.697539987409104e-25,9.1835496157991212e-41,9.1835496157991212e-41
state,136,4.2873474347960315e-25,4.2873474347960242e-25,7.3468396926392969e-40,7.3468396926392969e-40
state,137,1.6759636638613101e-25,1.6759636638613094e-25,6.8876622118493409e-41,6.8876622118493409e-41
state,138,1002.2696253560504,1002.2696253560504,0,0
state,139,6.067049034357538e-27,6.0670490343575287e-27,9.3270425785459824e-42,9.3270425785459824e-42
state,140,1.4721721587495987e-26,1.4721721587495964e-26,2.2958874039497803e-41,2.2958874039497803e-41
state,141,5.9406514274854076e-27,5.9406514274853983e-27,9.3270425785459824e-42,9.3270425785459824e-42
state,142,1.4545801711449579e-26,1.4545801711449544e-26,3.4438311059246704e-41,3.4438311059246704e-41
state,143,5.8687528743655674e-27,5.8687528743655588e-27,8.6095777648116761e-42,8.6095777648116761e-42
state,144,1002.2696253560504,1002.2696253560504,0,0
state,145,2.0113321032946466e-28,2.0113321032946504e-28,3.8115318229635024e-43,3.8115318229635024e-43
state,146,4.7412514271390664e-28,4.7412514271390772e-28,1.0761972206014595e-42,1.0761972206014595e-42
state,147,1.9712246802281729e-28,1.9712246802281767e-28,3.8115318229635024e-43,3.8115318229635024e-43
state,148,4.6873076938317192e-28,4.6873076938317264e-28,7.1746481373430634e-43,7.1746481373430634e-43
state,149,1.9484723815407135e-28,1.9484723815407171e-28,3.5873240686715317e-43,3.5873240686715317e-43
state,150,1002.2696253560504,1002.2696253560504,0,0
state,151,6.3420629147696334e-30,6.3420629147696432e-30,9.8090892502737195e-45,9.8090892502737195e-45
state,152,1.4546179979194028e-29,1.4546179979194053e-29,2.5223372357846707e-44,2.5223372357846707e-44
state,153,6.2208393996260706e-30,6.2208393996260797e-30,9.108440018111311e-45,9.108440018111311e-45
state,154,1.438836981197521e-29,1.4388369811975221e-29,1.1210387714598537e-44,1.1210387714598537e-44
state,155,6.1522567008530097e-30,6.1522567008530161e-30,6.3058430894616768e-45,6.3058430894616768e-45
state,156,1002.2696253560504,1002.2696253560504,0,0
state,157,1.9070987403843045e-31,1.9070987403843051e-31,6.56858655152258e-47,6.56858655152258e-47
state,158,4.2622163565883805e-31,4.2622163565883831e-31,2.627434620609032e-46,2.627434620609032e-46
state,159,1.8721058448366714e-31,1.8721058448366727e-31,1.313717310304516e-46,1.313717310304516e-46
state,160,4.2180606283586004e-31,4.2180606283586013e-31,8.7581154020301067e-47,8.7581154020301067e-47
state,161,1.8523613222503376e-31,1.8523613222503378e-31,2.1895288505075267e-47,2.1895288505075267e-47
state,162,1002.2696253560504,1002.2696253560504,0,0
state,163,5.4819031957738288e-33,5.4819031957738274e-33,1.3684555315672042e-48,1.3684555315672042e-48
state,164,1.1954532822242639e-32,1.1954532822242641e-32,2.7369110631344083e-48,2.7369110631344083e-48
state,165,5.3852045826410081e-33,5.3852045826410074e-33,6.8422776578360209e-49,6.8422776578360209e-49
state,166,1.1836101782463497e-32,1.1836101782463493e-32,4.1053665947016125e-48,4.1053665947016125e-48
state,167,5.3307867055537346e-33,5.3307867055537332e-33,1.3684555315672042e-48,1.3684555315672042e-48
state,168,1002.2696253560504,1002.2696253560504,0,0
state,169,1.5094281770402536e-34,1.5094281770402517e-34,1.9243905912663809e-49,1.9243905912663809e-49
state,170,3.2159727393076311e-34,3.2159727393076294e-34,1.7105694144590052e-49,1.7105694144590052e-49
state,171,1.483794701275779e-34,1.483794701275778e-34,1.0691058840368783e-49,1.0691058840368783e-49
state,172,3.1854633669835655e-34,3.1854633669835625e-34,2.9934964753032591e-49,2.9934964753032591e-49
state,173,1.4694066433503788e-34,1.4694066433503777e-34,1.0691058840368783e-49,1.0691058840368783e-49
state,174,1002.2696253560504,1002.2696253560504,0,0
state,175,3.9886901889313837e-36,3.9886901889313937e-36,1.0022867662845734e-50,1.0022867662845734e-50
state,176,8.3129683042390436e-36,8.3129683042390676e-36,2.4054882390829761e-50,2.4054882390829761e-50
state,177,3.9233858049485778e-36,3.9233858049485885e-36,1.0691058840368783e-50,1.0691058840368783e-50
state,178,8.2373438969697364e-36,8.2373438969697578e-36,2.1382117680737565e-50,2.1382117680737565e-50
state,179,3.8868236542340216e-36,3.8868236542340323e-36,1.0691058840368783e-50,1.0691058840368783e-50
state,180,1002.2696253560504,1002.2696253560504,0,0
state,181,1.0132587906777062e-37,1.0132587906777081e-37,1.8792876867835751e-52,1.8792876867835751e-52
state,182,2.0680871632980308e-37,2.068087163298035e-37,4.1761948595190557e-52,4.1761948595190557e-52
state,183,9.9724323820879815e-38,9.9724323820879982e-38,1.6704779438076223e-52,1.6704779438076223e-52
state,184,2.0500218730717008e-37,2.0500218730717042e-37,3.3409558876152446e-52,3.3409558876152446e-52
state,185,9.8829887365440229e-38,9.8829887365440417e-38,1.8792876867835751e-52,1.8792876867835751e-52
state,186,1002.2696253560504,1002.2696253560504,0,0
state,187,2.4782886692402615e-39,2.4782886692402641e-39,2.6101217871994098e-54,2.6101217871994098e-54
state,188,4.9589603298730641e-39,4.9589603298730693e-39,5.2202435743988196e-54,5.2202435743988196e-54
state,189,2.4404223815235707e-39,2.4404223815235729e-39,2.2838565637994836e-54,2.2838565637994836e-54
state,190,4.9173110129362048e-39,4.9173110129362074e-39,2.6101217871994098e-54,2.6101217871994098e-54
state,191,2.4193262220897151e-39,2.4193262220897171e-39,1.9575913403995574e-54,1.9575913403995574e-54
state,192,1002.2696253560504,1002.2696253560504,0,0
state,193,5.8443682143687492e-41,5.8443682143687522e-41,3.0587364693743084e-56,3.0587364693743084e-56
state,194,1.1476418474818424e-40,1.1476418474818426e-40,2.0391576462495389e-56,2.0391576462495389e-56
state,195,5.7579388635796266e-41,5.7579388635796266e-41,0,0
state,196,1.1383624791127652e-40,1.138362479112765e-40,2.0391576462495389e-56,2.0391576462495389e-56
state,197,5.7099013094991235e-41,5.7099013094991245e-41,1.0195788231247695e-56,1.0195788231247695e-56
state,198,1002.2696253560504,1002.2696253560504,0,0
state,199,1.3305817120104155e-42,1.330581712010415e-42,4.7792757333973568e-58,4.7792757333973568e-58
state,200,2.5665720591444851e-42,2.5665720591444829e-42,2.2303286755854332e-57,2.2303286755854332e-57
state,201,1.3115138101331337e-42,1.3115138101331324e-42,1.2744735289059618e-57,1.2744735289059618e-57
state,202,2.5465691076572986e-42,2.5465691076572964e-42,2.2303286755854332e-57,2.2303286755854332e-57
state,203,1.3009403331357309e-42,1.3009403331357301e-42,7.9654595556622614e-58,7.9654595556622614e-58
state,204,1002.2696253560504,1002.2696253560504,0,0
state,205,2.92809898798952e-44,2.9280989879895156e-44,4.480571000060022e-59,4.480571000060022e-59
state,206,5.5530068203722042e-44,5.5530068203721933e-44,1.0952506889035609e-58,1.0952506889035609e-58
state,207,2.8873919585150507e-44,2.8873919585150453e-44,5.4762534445178047e-59,5.4762534445178047e-59
state,208,5.5112421365479384e-44,5.5112421365479295e-44,8.9611420001200441e-59,8.9611420001200441e-59
state,209,2.8648700103966991e-44,2.8648700103966951e-44,3.9827297778311307e-59,3.9827297778311307e-59
state,210,1002.2696253560504,1002.2696253560504,0,0
state,211,6.2352677326026197e-46,6.2352677326026065e-46,1.3223907465454926e-60,1.3223907465454926e-60
state,212,1.1635661623045558e-45,1.1635661623045527e-45,3.1115076389305709e-60,3.1115076389305709e-60
state,213,6.1510865886671521e-46,6.1510865886671381e-46,1.4001784375187569e-60,1.4001784375187569e-60
state,214,1.1551114147416689e-45,1.1551114147416659e-45,2.9559322569840423e-60,2.9559322569840423e-60
state,215,6.104613769142834e-46,6.1046137691428207e-46,1.3223907465454926e-60,1.3223907465454926e-60
state,216,1002.2696253560504,1002.2696253560504,0,0
state,217,1.2861801619576179e-47,1.2861801619576196e-47,1.7016057400401559e-62,1.7016057400401559e-62
state,218,2.3635839920435221e-47,2.3635839920435245e-47,2.4308653429145085e-62,2.4308653429145085e-62
state,219,1.269300623933217e-47,1.2693006239332184e-47,1.4585192057487051e-62,1.4585192057487051e-62
state,220,2.3469738729063729e-47,2.3469738729063758e-47,2.9170384114974102e-62,2.9170384114974102e-62
state,221,1.2600020177199914e-47,1.2600020177199933e-47,1.9446922743316068e-62,1.9446922743316068e-62
state,222,1002.2696253560504,1002.2696253560504,0,0
state,223,2.5724614976062152e-49,2.5724614976062163e-49,1.1394681294911758e-64,1.1394681294911758e-64
state,224,4.6587465258360501e-49,4.6587465258360509e-49,7.596454196607839e-65,7.596454196607839e-65
state,225,2.5396142115893552e-49,2.5396142115893567e-49,1.5192908393215678e-64,1.5192908393215678e-64
state,226,4.6270507510007793e-49,4.6270507510007815e-49,2.2789362589823517e-64,2.2789362589823517e-64
state,227,2.5215568397881464e-49,2.5215568397881483e-49,1.8991135491519597e-64,1.8991135491519597e-64
state,228,1002.2696253560504,1002.2696253560504,0,0
state,229,4.9933631803636087e-51,4.9933631803636295e-51,2.077155444384956e-65,2.077155444384956e-65
state,230,8.9178723390022358e-51,8.9178723390022738e-51,3.7982270983039195e-65,3.7982270983039195e-65
state,231,4.9312763661189271e-51,4.9312763661189473e-51,2.0178081459739572e-65,2.0178081459739572e-65
state,232,8.8590777475602459e-51,8.8590777475602839e-51,3.7982270983039195e-65,3.7982270983039195e-65
state,233,4.8972139169263841e-51,4.8972139169264061e-51,2.1958500412069535e-65,2.1958500412069535e-65
state,234,1002.2696253560504,1002.2696253560504,0,0
state,235,9.4147271193141403e-53,9.4147271193141681e-53,2.781904613015566e-67,2.781904613015566e-67
state,236,1.6592091482573669e-52,1.6592091482573732e-52,6.3056504561686164e-67,6.3056504561686164e-67
state,237,9.3006481384198727e-53,9.3006481384199005e-53,2.781904613015566e-67,2.781904613015566e-67
state,238,1.6485992922195018e-52,1.6485992922195071e-52,5.378348918496761e-67,5.378348918496761e-67
state,239,9.2381846514460044e-53,9.2381846514460359e-53,3.1528252280843082e-67,3.1528252280843082e-67
state,240,1002.2696253560504,1002.2696253560504,0,0
state,241,1.7256160930069649e-54,1.7256160930069687e-54,3.7671624967919123e-69,3.7671624967919123e-69
state,242,3.0027694049268595e-54,3.0027694049268677e-54,8.1138884546287343e-69,8.1138884546287343e-69
state,243,1.7052248496469231e-54,1.7052248496469266e-54,3.4773807662694575e-69,3.4773807662694575e-69
state,244,2.9841302269454512e-54,2.9841302269454588e-54,7.5343249935838247e-69,7.5343249935838247e-69
state,245,1.694081136275798e-54,1.6940811362758023e-54,4.3467259578368219e-69,4.3467259578368219e-69
state,246,1002.2696253560504,1002.2696253560504,0,0
state,247,3.0770483689010033e-56,3.0770483689010083e-56,4.9806234933546918e-71,4.9806234933546918e-71
state,248,5.2897911965291777e-56,5.2897911965291877e-56,9.9612469867093836e-71,9.9612469867093836e-71
state,249,3.0415653117068702e-56,3.0415653117068743e-56,4.0750555854720206e-71,4.0750555854720206e-71
state,250,5.2578919396981869e-56,5.2578919396981959e-56,9.0556790788267124e-71,9.0556790788267124e-71
state,251,3.0222103067227263e-56,3.0222103067227308e-56,4.5278395394133562e-71,4.5278395394133562e-71
state,252,1002.2696253560504,1002.2696253560504,0,0
state,253,5.3418522754190652e-58,5.3418522754190694e-58,4.2448495682000214e-73,4.2448495682000214e-73
state,254,9.0771299053467379e-58,9.0771299053467464e-58,8.4896991364000428e-73,8.4896991364000428e-73
state,255,5.2817032389166494e-58,5.2817032389166529e-58,3.5373746401666845e-73,3.5373746401666845e-73
state,256,9.0239133931981887e-58,9.0239133931981972e-58,8.4896991364000428e-73,8.4896991364000428e-73
state,257,5.2489536223899989e-58,5.2489536223900039e-58,4.9523244962333583e-73,4.9523244962333583e-73
state,258,1002.2696253560504,1002.2696253560504,0,0
state,259,9.0347021546776876e-60,9.0347021546776876e-60,0,0
state,260,1.5182183034903167e-59,1.5182183034903172e-59,4.4217183002083556e-75,4.4217183002083556e-75
state,261,8.9353121382079418e-60,8.935312138207944e-60,2.2108591501041778e-75,2.2108591501041778e-75
state,262,1.50955895270739e-59,1.5095589527073898e-59,2.2108591501041778e-75,2.2108591501041778e-75
state,263,8.8812934877563085e-60,8.8812934877563096e-60,1.1054295750520889e-75,1.1054295750520889e-75
state,264,1002.2696253560504,1002.2696253560504,0,0
state,265,1.489641500524592e-61,1.4896415005245912e-61,8.6361685550944446e-77,8.6361685550944446e-77
state,266,2.4766424671138274e-61,2.4766424671138256e-61,1.7272337110188889e-76,1.7272337110188889e-76
state,267,1.4736228590658976e-61,1.4736228590658965e-61,1.0363402266113334e-76,1.0363402266113334e-76
state,268,2.4628911207232802e-61,2.4628911207232778e-61,2.4181271954264445e-76,2.4181271954264445e-76
state,269,1.4649319116905304e-61,1.4649319116905295e-61,8.6361685550944446e-77,8.6361685550944446e-77
state,270,1002.2696253560504,1002.2696253560504,0,0
state,271,2.395867696886611e-63,2.395867696886608e-63,2.9686829408137153e-78,2.9686829408137153e-78
state,272,3.9426683241412493e-63,3.9426683241412429e-63,6.4771264163208335e-78,6.4771264163208335e-78
state,273,2.3706719562564721e-63,2.3706719562564675e-63,4.5879645448939237e-78,4.5879645448939237e-78
state,274,3.9213446583261004e-63,3.9213446583260928e-63,7.556647485707639e-78,7.556647485707639e-78
state,275,2.3570253378331058e-63,2.3570253378331021e-63,3.7783237428538195e-78,3.7783237428538195e-78
state,276,1002.2696253560504,1002.2696253560504,0,0
state,277,3.7610653477599576e-65,3.7610653477599504e-65,7.1686946013967558e-80,7.1686946013967558e-80
state,278,6.1285397227451693e-65,6.1285397227451533e-65,1.6024140873710395e-79,1.6024140873710395e-79
state,279,3.7223676581774066e-65,3.7223676581773961e-65,1.0542197943230523e-79,1.0542197943230523e-79
state,280,6.096235453626806e-65,6.0962354536267891e-65,1.6867516709168837e-79,1.6867516709168837e-79
state,281,3.7014431886598615e-65,3.7014431886598526e-65,8.8554462723136395e-80,8.8554462723136395e-80
state,282,1002.2696253560504,1002.2696253560504,0,0
state,283,5.7659023094747151e-67,5.7659023094746973e-67,1.7789959029201508e-81,1.7789959029201508e-81
state,284,9.3066637055165323e-67,9.3066637055164994e-67,3.2944368572595385e-81,3.2944368572595385e-81
state,285,5.7078357128772964e-67,5.7078357128772747e-67,2.1743283257912954e-81,2.1743283257912954e-81
state,286,9.2588278323446044e-67,9.2588278323445714e-67,3.2944368572595385e-81,3.2944368572595385e-81
state,287,5.6764897666175648e-67,5.6764897666175464e-67,1.8448846400653416e-81,1.8448846400653416e-81
state,288,1002.2696253560504,1002.2696253560504,0,0
state,289,8.6369771036364107e-69,8.6369771036364581e-69,4.7357529823105866e-83,4.7357529823105866e-83
state,290,1.3814045795300743e-68,1.381404579530081e-68,6.7947760180977982e-83,6.7947760180977982e-83
state,291,8.551810787638299e-69,8.5518107876383382e-69,3.912143767995702e-83,3.912143767995702e-83
state,292,1.3744775353796264e-68,1.374477535379633e-68,6.588873714519077e-83,6.588873714519077e-83
state,293,8.5059098356761276e-69,8.5059098356761688e-69,4.1180460715744231e-83,4.1180460715744231e-83
state,294,1002.2696253560504,1002.2696253560504,0,0
state,295,1.2647747332121051e-70,1.2647747332121109e-70,5.7910022881515325e-85,5.7910022881515325e-85
state,296,2.0051510032700482e-70,2.0051510032700562e-70,8.0430587335437952e-85,8.0430587335437952e-85
state,297,1.252559081704367e-70,1.2525590817043716e-70,4.6649740654554012e-85,4.6649740654554012e-85
state,298,1.9953371752963635e-70,1.9953371752963712e-70,7.7213363842020434e-85,7.7213363842020434e-85
state,299,1.245985808169088e-70,1.2459858081690926e-70,4.6649740654554012e-85,4.6649740654554012e-85
state,300,1002.2696253560504,1002.2696253560504,0,0
state,301,1.8114657925712924e-72,1.8114657925712987e-72,6.28363963558109e-87,6.28363963558109e-87
state,302,2.8475578665043399e-72,2.8475578665043489e-72,9.0484410752367696e-87,9.0484410752367696e-87
state,303,1.7943234250055629e-72,1.7943234250055679e-72,5.026911708464872e-87,5.026911708464872e-87
state,304,2.8339492947899707e-72,2.8339492947899798e-72,9.0484410752367696e-87,9.0484410752367696e-87
state,305,1.7851134427763772e-72,1.7851134427763817e-72,4.5242205376183848e-87,4.5242205376183848e-87
state,306,0,0,0,0
state,307,0.0033737490299506597,0.0033737490299506597,0,0
state,308,0.0041897355717286679,0.0041897355717286679,0,0
state,309,0.0051207725526028229,0.0051207725526028229,0,0
state,310,0.0058180463402451492,0.0058180463402451492,0,0
state,311,0.006962420325215846,0.006962420325215846,0,0
state,312,0,0,0,0
state,313,0.0038932214278849541,0.0038932214278849541,0,0
state,314,0.0042398065822468059,0.0042398065822468059,0,0
state,315,0.0048170311053694652,0.0048170311053694652,0,0
state,316,0.004944115557910511,0.004944115557910511,0,0
state,317,0.0055262947529054075,0.0055262947529054075,0,0
state,318,0,0,0,0
state,319,0.0025866317288436268,0.0025866317288436268,0,0
state,320,0.0023619791376102315,0.0023619791376102315,0,0
state,321,0.0025291555191960576,0.0025291555191960581,4.3368086899420177e-19,4.3368086899420177e-19
state,322,0.0023243293807720966,0.0023243293807720966,0,0
state,323,0.0024645778190155029,0.0024645778190155012,1.7347234759768071e-18,1.7347234759768071e-18
state,324,0,0,0,0
state,325,0.00019826790335672194,0.00019826790335672186,8.1315162936412833e-20,8.1315162936412833e-20
state,326,0.00021427063570526127,0.00021427063570526127,0,0
state,327,0.0001793061092850373,0.0001793061092850373,0,0
state,328,0.00020067256541912566,0.00020067256541912566,0,0
state,329,0.00016787810057842668,0.00016787810057842668,0,0
state,330,0,0,0,0
state,331,5.0211064476655717e-06,5.0211064476655691e-06,2.541098841762901e-21,2.541098841762901e-21
state,332,7.8401402707854819e-06,7.8401402707854751e-06,6.7762635780344027e-21,6.7762635780344027e-21
state,333,4.5369257935663741e-06,4.5369257935663741e-06,0,0
state,334,7.3423528913085136e-06,7.3423528913085119e-06,1.6940658945086007e-21,1.6940658945086007e-21
state,335,4.2496221351993935e-06,4.2496221351993935e-06,0,0
state,336,0,0,0,0
state,337,1.193176919661739e-07,1.193176919661739e-07,0,0
state,338,2.670734483535978e-07,2.670734483535978e-07,0,0
state,339,1.0814434553784721e-07,1.0814434553784721e-07,0,0
state,340,2.5088047335050716e-07,2.5088047335050716e-07,0,0
state,341,1.0151706044068338e-07,1.0151706044068336e-07,2.6469779601696886e-23,2.6469779601696886e-23
state,342,0,0,0,0
state,343,2.8254795746340345e-09,2.8254795746340345e-09,0,0
state,344,9.0152096642412376e-09,9.0152096642412376e-09,0,0
state,345,2.5690235035291307e-09,2.5690235035291307e-09,0,0
state,346,8.4951339657001889e-09,8.4951339657001889e-09,0,0
state,347,2.4169146207797865e-09,2.4169146207797856e-09,8.2718061255302767e-25,8.2718061255302767e-25
state,348,0,0,0,0
state,349,6.6373359992795852e-11,6.63733599927958e-11,5.169878828456423e-26,5.169878828456423e-26
state,350,3.0051188253557708e-10,3.0051188253557687e-10,2.0679515313825692e-25,2.0679515313825692e-25
state,351,6.0521391849931928e-11,6.0521391849931811e-11,1.1632227364026952e-25,1.1632227364026952e-25
state,352,2.8400001275396177e-10,2.8400001275396136e-10,4.1359030627651384e-25,4.1359030627651384e-25
state,353,5.7050405022825268e-11,5.7050405022825229e-11,3.8774091213423172e-26,3.8774091213423172e-26
state,354,0,0,0,0
state,355,0,0,0,0
state,356,0,0,0,0
state,357,0,0,0,0
state,358,0,0,0,0
state,359,0,0,0,0
state,360,0,0,0,0
state,361,0,0,0,0
state,362,0,0,0,0
state,363,0,0,0,0
state,364,0,0,0,0
state,365,0,0,0,0
state,366,0,0,0,0
state,367,0,0,0,0
state,368,0,0,0,0
state,369,0,0,0,0
state,370,0,0,0,0
state,371,0,0,0,0
state,372,0,0,0,0
state,373,0,0,0,0
state,374,0,0,0,0
state,375,0,0,0,0
state,376,0,0,0,0
state,377,0,0,0,0
state,378,0,0,0,0
state,379,0,0,0,0
state,380,0,0,0,0
state,381,0,0,0,0
state,382,0,0,0,0
state,383,0,0,0,0
state,384,0,0,0,0
state,385,0,0,0,0
state,386,0,0,0,0
state,387,0,0,0,0
state,388,0,0,0,0
state,389,0,0,0,0
state,390,0,0,0,0
state,391,0,0,0,0
state,392,0,0,0,0
state,393,0,0,0,0
state,394,0,0,0,0
state,395,0,0,0,0
state,396,0,0,0,0
state,397,0,0,0,0
state,398,0,0,0,0
state,399,0,0,0,0
state,400,0,0,0,0
state,401,0,0,0,0
state,402,0,0,0,0
state,403,0,0,0,0
state,404,0,0,0,0
state,405,0,0,0,0
state,406,0,0,0,0
state,407,0,0,0,0
state,408,0,0,0,0
state,409,0,0,0,0
state,410,0,0,0,0
state,411,0,0,0,0
state,412,0,0,0,0
state,413,0,0,0,0
state,414,0,0,0,0
state,415,0,0,0,0
state,416,0,0,0,0
state,417,0,0,0,0
state,418,0,0,0,0
state,419,0,0,0,0
state,420,0,0,0,0
state,421,0,0,0,0
state,422,0,0,0,0
state,423,0,0,0,0
state,424,0,0,0,0
state,425,0,0,0,0
state,426,0,0,0,0
state,427,0,0,0,0
state,428,0,0,0,0
state,429,0,0,0,0
state,430,0,0,0,0
state,431,0,0,0,0
state,432,0,0,0,0
state,433,0,0,0,0
state,434,0,0,0,0
state,435,0,0,0,0
state,436,0,0,0,0
state,437,0,0,0,0
state,438,0,0,0,0
state,439,0,0,0,0
state,440,0,0,0,0
state,441,0,0,0,0
state,442,0,0,0,0
state,443,0,0,0,0
state,444,0,0,0,0
state,445,0,0,0,0
state,446,0,0,0,0
state,447,0,0,0,0
state,448,0,0,0,0
state,449,0,0,0,0
state,450,0,0,0,0
state,451,0,0,0,0
state,452,0,0,0,0
state,453,0,0,0,0
state,454,0,0,0,0
state,455,0,0,0,0
state,456,0,0,0,0
state,457,0,0,0,0
state,458,0,0,0,0
state,459,0,0,0,0
state,460,0,0,0,0
state,461,0,0,0,0
state,462,0,0,0,0
state,463,0,0,0,0
state,464,0,0,0,0
state,465,0,0,0,0
state,466,0,0,0,0
state,467,0,0,0,0
state,468,0,0,0,0
state,469,0,0,0,0
state,470,0,0,0,0
state,471,0,0,0,0
state,472,0,0,0,0
state,473,0,0,0,0
state,474,0,0,0,0
state,475,0,0,0,0
state,476,0,0,0,0
state,477,0,0,0,0
state,478,0,0,0,0
state,479,0,0,0,0
state,480,0,0,0,0
state,481,0,0,0,0
state,482,0,0,0,0
state,483,0,0,0,0
state,484,0,0,0,0
state,485,0,0,0,0
state,486,0,0,0,0
state,487,0,0,0,0
state,488,0,0,0,0
state,489,0,0,0,0
state,490,0,0,0,0
state,491,0,0,0,0
state,492,0,0,0,0
state,493,0,0,0,0
state,494,0,0,0,0
state,495,0,0,0,0
state,496,0,0,0,0
state,497,0,0,0,0
state,498,0,0,0,0
state,499,0,0,0,0
state,500,0,0,0,0
state,501,0,0,0,0
state,502,0,0,0,0
state,503,0,0,0,0
state,504,0,0,0,0
state,505,0,0,0,0
state,506,0,0,0,0
state,507,0,0,0,0
state,508,0,0,0,0
state,509,0,0,0,0
state,510,0,0,0,0
state,511,0,0,0,0
state,512,0,0,0,0
state,513,0,0,0,0
state,514,0,0,0,0
state,515,0,0,0,0
state,516,0,0,0,0
state,517,0,0,0,0
state,518,0,0,0,0
state,519,0,0,0,0
state,520,0,0,0,0
state,521,0,0,0,0
state,522,0,0,0,0
state,523,0,0,0,0
state,524,0,0,0,0
state,525,0,0,0,0
state,526,0,0,0,0
state,527,0,0,0,0
state,528,0,0,0,0
state,529,0,0,0,0
state,530,0,0,0,0
state,531,0,0,0,0
state,532,0,0,0,0
state,533,0,0,0,0
state,534,0,0,0,0
state,535,0,0,0,0
state,536,0,0,0,0
state,537,0,0,0,0
state,538,0,0,0,0
state,539,0,0,0,0
state,540,0,0,0,0
state,541,0,0,0,0
state,542,0,0,0,0
state,543,0,0,0,0
state,544,0,0,0,0
state,545,0,0,0,0
state,546,0,0,0,0
state,547,0,0,0,0
state,548,0,0,0,0
state,549,0,0,0,0
state,550,0,0,0,0
state,551,0,0,0,0
state,552,0,0,0,0
state,553,0,0,0,0
state,554,0,0,0,0
state,555,0,0,0,0
state,556,0,0,0,0
state,557,0,0,0,0
state,558,0,0,0,0
state,559,0,0,0,0
state,560,0,0,0,0
state,561,0,0,0,0
state,562,0,0,0,0
state,563,0,0,0,0
state,564,0,0,0,0
state,565,0,0,0,0
state,566,0,0,0,0
state,567,0,0,0,0
state,568,0,0,0,0
state,569,0,0,0,0
state,570,0,0,0,0
state,571,0,0,0,0
state,572,0,0,0,0
state,573,0,0,0,0
state,574,0,0,0,0
state,575,0,0,0,0
state,576,0,0,0,0
state,577,0,0,0,0
state,578,0,0,0,0
state,579,0,0,0,0
state,580,0,0,0,0
state,581,0,0,0,0
state,582,0,0,0,0
state,583,0,0,0,0
state,584,0,0,0,0
state,585,0,0,0,0
state,586,0,0,0,0
state,587,0,0,0,0
state,588,0,0,0,0
state,589,0,0,0,0
state,590,0,0,0,0
state,591,0,0,0,0
state,592,0,0,0,0
state,593,0,0,0,0
state,594,0,0,0,0
state,595,0,0,0,0
state,596,0,0,0,0
state,597,0,0,0,0
state,598,0,0,0,0
state,599,0,0,0,0
state,600,0,0,0,0
state,601,0,0,0,0
state,602,0,0,0,0
state,603,0,0,0,0
state,604,0,0,0,0
state,605,0,0,0,0
state,606,0,0,0,0
state,607,0,0,0,0
state,608,0,0,0,0
state,609,0,0,0,0
state,610,0,0,0,0
state,611,0,0,0,0
state,612,0,0,0,0
state,613,3.6518713224897283e-06,3.6518713224897283e-06,0,0
state,614,5.9339960668392802e-06,5.9339960668392802e-06,0,0
state,615,9.0068225208589281e-06,9.0068225208589281e-06,0,0
state,616,1.2848504781434931e-05,1.2848504781434931e-05,0,0
state,617,1.718952522422314e-05,1.718952522422314e-05,0,0
state,618,0,0,0,0
state,619,8.275629496103611e-12,8.275629496103611e-12,0,0
state,620,1.1793780506159181e-11,1.1793780506159181e-11,0,0
state,621,1.5326477971199923e-11,1.5326477971199929e-11,6.4623485355705287e-27,6.4623485355705287e-27
state,622,2.0323651615491415e-11,2.0323651615491427e-11,1.2924697071141057e-26,1.2924697071141057e-26
state,623,2.4018257488907793e-11,2.4018257488907793e-11,0,0
state,624,0,0,0,0
state,625,1.1299640437873802e-13,1.1299640437873793e-13,8.8352421384753322e-29,8.8352421384753322e-29
state,626,2.048516851542323e-13,2.0485168515423228e-13,2.5243548967072378e-29,2.5243548967072378e-29
state,627,1.5846471444687464e-13,1.5846471444687462e-13,2.5243548967072378e-29,2.5243548967072378e-29
state,628,2.9180177504625506e-13,2.9180177504625506e-13,0,0
state,629,2.1666953441218676e-13,2.1666953441218666e-13,1.0097419586828951e-28,1.0097419586828951e-28
state,630,0,0,0,0
state,631,9.2298125111246541e-17,9.2298125111246591e-17,4.9303806576313238e-32,4.9303806576313238e-32
state,632,3.3656378449687566e-16,3.3656378449687561e-16,4.9303806576313238e-32,4.9303806576313238e-32
state,633,1.251633798134395e-16,1.2516337981343963e-16,1.2325951644078309e-31,1.2325951644078309e-31
state,634,4.6978780285491502e-16,4.6978780285491502e-16,0,0
state,635,1.6929834459903922e-16,1.6929834459903922e-16,0,0
state,636,0,0,0,0
state,637,5.1834651189694421e-20,5.1834651189694361e-20,6.018531076210112e-35,6.018531076210112e-35
state,638,3.8497564616535599e-19,3.849756461653556e-19,3.8518598887744717e-34,3.8518598887744717e-34
state,639,7.0619050003244136e-20,7.0619050003244136e-20,0,0
state,640,5.4009461440977976e-19,5.4009461440977899e-19,7.7037197775489434e-34,7.7037197775489434e-34
state,641,9.5876375761389075e-20,9.5876375761389003e-20,7.2222372914521344e-35,7.2222372914521344e-35
state,642,0,0,0,0
state,643,2.8604852899624645e-23,2.8604852899624627e-23,1.7632415262334313e-38,1.7632415262334313e-38
state,644,4.2849836331198064e-22,4.2849836331198054e-22,9.4039548065783001e-38,9.4039548065783001e-38
state,645,3.9203207386919904e-23,3.920320738691991e-23,5.8774717541114375e-39,5.8774717541114375e-39
state,646,6.0471542472124554e-22,6.0471542472124554e-22,0,0
state,647,5.3445687622473327e-23,5.3445687622473292e-23,3.5264830524668625e-38,3.5264830524668625e-38
state,648,0,0,0,0
state,649,1.5797834620188114e-26,1.5797834620188108e-26,5.7397185098744507e-42,5.7397185098744507e-42
state,650,4.7026147807551866e-25,4.7026147807551866e-25,0,0
state,651,2.1790716314969554e-26,2.1790716314969562e-26,8.6095777648116761e-42,8.6095777648116761e-42
state,652,6.676289128123048e-25,6.676289128123048e-25,0,0
state,653,2.9839702682524179e-26,2.9839702682524179e-26,0,0
state,654,0,0,0,0
state,655,1.3248008014690329e-29,1.3248008014690298e-29,3.0828566215145976e-44,3.0828566215145976e-44
state,656,6.3732364802698919e-28,6.3732364802698811e-28,1.0761972206014595e-42,1.0761972206014595e-42
state,657,1.8651455996519444e-29,1.8651455996519419e-29,2.5223372357846707e-44,2.5223372357846707e-44
state,658,9.1512820919793695e-28,9.1512820919793569e-28,1.2555634240350361e-42,1.2555634240350361e-42
state,659,2.5896709763581809e-29,2.589670976358178e-29,2.8025969286496341e-44,2.8025969286496341e-44
state,660,0,0,0,0
state,661,0,0,0,0
state,662,0,0,0,0
state,663,0,0,0,0
state,664,0,0,0,0
state,665,0,0,0,0
state,666,0,0,0,0
state,667,0,0,0,0
state,668,0,0,0,0
state,669,0,0,0,0
state,670,0,0,0,0
state,671,0,0,0,0
state,672,0,0,0,0
state,673,0,0,0,0
state,674,0,0,0,0
state,675,0,0,0,0
state,676,0,0,0,0
state,677,0,0,0,0
state,678,0,0,0,0
state,679,0,0,0,0
state,680,0,0,0,0
state,681,0,0,0,0
state,682,0,0,0,0
state,683,0,0,0,0
state,684,0,0,0,0
state,685,0,0,0,0
state,686,0,0,0,0
state,687,0,0,0,0
state,688,0,0,0,0
state,689,0,0,0,0
state,690,0,0,0,0
state,691,0,0,0,0
state,692,0,0,0,0
state,693,0,0,0,0
state,694,0,0,0,0
state,695,0,0,0,0
state,696,0,0,0,0
state,697,0,0,0,0
state,698,0,0,0,0
state,699,0,0,0,0
state,700,0,0,0,0
state,701,0,0,0,0
state,702,0,0,0,0
state,703,0,0,0,0
state,704,0,0,0,0
state,705,0,0,0,0
state,706,0,0,0,0
state,707,0,0,0,0
state,708,0,0,0,0
state,709,0,0,0,0
state,710,0,0,0,0
state,711,0,0,0,0
state,712,0,0,0,0
state,713,0,0,0,0
state,714,0,0,0,0
state,715,0,0,0,0
state,716,0,0,0,0
state,717,0,0,0,0
state,718,0,0,0,0
state,719,0,0,0,0
state,720,0,0,0,0
state,721,0,0,0,0
state,722,0,0,0,0
state,723,0,0,0,0
state,724,0,0,0,0
state,725,0,0,0,0
state,726,0,0,0,0
state,727,0,0,0,0
state,728,0,0,0,0
state,729,0,0,0,0
state,730,0,0,0,0
state,731,0,0,0,0
state,732,0,0,0,0
state,733,0,0,0,0
state,734,0,0,0,0
state,735,0,0,0,0
state,736,0,0,0,0
state,737,0,0,0,0
state,738,0,0,0,0
state,739,0,0,0,0
state,740,0,0,0,0
state,741,0,0,0,0
state,742,0,0,0,0
state,743,0,0,0,0
state,744,0,0,0,0
state,745,0,0,0,0
state,746,0,0,0,0
state,747,0,0,0,0
state,748,0,0,0,0
state,749,0,0,0,0
state,750,0,0,0,0
state,751,0,0,0,0
state,752,0,0,0,0
state,753,0,0,0,0
state,754,0,0,0,0
state,755,0,0,0,0
state,756,0,0,0,0
state,757,0,0,0,0
state,758,0,0,0,0
state,759,0,0,0,0
state,760,0,0,0,0
state,761,0,0,0,0
state,762,0,0,0,0
state,763,0,0,0,0
state,764,0,0,0,0
state,765,0,0,0,0
state,766,0,0,0,0
state,767,0,0,0,0
state,768,0,0,0,0
state,769,0,0,0,0
state,770,0,0,0,0
state,771,0,0,0,0
state,772,0,0,0,0
state,773,0,0,0,0
state,774,0,0,0,0
state,775,0,0,0,0
state,776,0,0,0,0
state,777,0,0,0,0
state,778,0,0,0,0
state,779,0,0,0,0
state,780,0,0,0,0
state,781,0,0,0,0
state,782,0,0,0,0
state,783,0,0,0,0
state,784,0,0,0,0
state,785,0,0,0,0
state,786,0,0,0,0
state,787,0,0,0,0
state,788,0,0,0,0
state,789,0,0,0,0
state,790,0,0,0,0
state,791,0,0,0,0
state,792,0,0,0,0
state,793,0,0,0,0
state,794,0,0,0,0
state,795,0,0,0,0
state,796,0,0,0,0
state,797,0,0,0,0
state,798,0,0,0,0
state,799,0,0,0,0
state,800,0,0,0,0
state,801,0,0,0,0
state,802,0,0,0,0
state,803,0,0,0,0
state,804,0,0,0,0
state,805,0,0,0,0
state,806,0,0,0,0
state,807,0,0,0,0
state,808,0,0,0,0
state,809,0,0,0,0
state,810,0,0,0,0
state,811,0,0,0,0
state,812,0,0,0,0
state,813,0,0,0,0
state,814,0,0,0,0
state,815,0,0,0,0
state,816,0,0,0,0
state,817,0,0,0,0
state,818,0,0,0,0
state,819,0,0,0,0
state,820,0,0,0,0
state,821,0,0,0,0
state,822,0,0,0,0
state,823,0,0,0,0
state,824,0,0,0,0
state,825,0,0,0,0
state,826,0,0,0,0
state,827,0,0,0,0
state,828,0,0,0,0
state,829,0,0,0,0
state,830,0,0,0,0
state,831,0,0,0,0
state,832,0,0,0,0
state,833,0,0,0,0
state,834,0,0,0,0
state,835,0,0,0,0
state,836,0,0,0,0
state,837,0,0,0,0
state,838,0,0,0,0
state,839,0,0,0,0
state,840,0,0,0,0
state,841,0,0,0,0
state,842,0,0,0,0
state,843,0,0,0,0
state,844,0,0,0,0
state,845,0,0,0,0
state,846,0,0,0,0
state,847,0,0,0,0
state,848,0,0,0,0
state,849,0,0,0,0
state,850,0,0,0,0
state,851,0,0,0,0
state,852,0,0,0,0
state,853,0,0,0,0
state,854,0,0,0,0
state,855,0,0,0,0
state,856,0,0,0,0
state,857,0,0,0,0
state,858,0,0,0,0
state,859,0,0,0,0
state,860,0,0,0,0
state,861,0,0,0,0
state,862,0,0,0,0
state,863,0,0,0,0
state,864,0,0,0,0
state,865,0,0,0,0
state,866,0,0,0,0
state,867,0,0,0,0
state,868,0,0,0,0
state,869,0,0,0,0
state,870,0,0,0,0
state,871,0,0,0,0
state,872,0,0,0,0
state,873,0,0,0,0
state,874,0,0,0,0
state,875,0,0,0,0
state,876,0,0,0,0
state,877,0,0,0,0
state,878,0,0,0,0
state,879,0,0,0,0
state,880,0,0,0,0
state,881,0,0,0,0
state,882,0,0,0,0
state,883,0,0,0,0
state,884,0,0,0,0
state,885,0,0,0,0
state,886,0,0,0,0
state,887,0,0,0,0
state,888,0,0,0,0
state,889,0,0,0,0
state,890,0,0,0,0
state,891,0,0,0,0
state,892,0,0,0,0
state,893,0,0,0,0
state,894,0,0,0,0
state,895,0,0,0,0
state,896,0,0,0,0
state,897,0,0,0,0
state,898,0,0,0,0
state,899,0,0,0,0
state,900,0,0,0,0
state,901,0,0,0,0
state,902,0,0,0,0
state,903,0,0,0,0
state,904,0,0,0,0
state,905,0,0,0,0
state,906,0,0,0,0
state,907,0,0,0,0
state,908,0,0,0,0
state,909,0,0,0,0
state,910,0,0,0,0
state,911,0,0,0,0
state,912,0,0,0,0
state,913,0,0,0,0
state,914,0,0,0,0
state,915,0,0,0,0
state,916,0,0,0,0
state,917,0,0,0,0
state,918,701.58873774923518,701.58873774923518,0,0
state,919,60.136176557823397,60.136176557823397,0,0
state,920,60.136175955663859,60.136175955663859,0,0
state,921,60.136175144840976,60.136175144840976,0,0
state,922,60.136174131093497,60.136174131093497,0,0
state,923,60.136172985516737,60.136172985516737,0,0
state,924,1002.2696253560504,1002.2696253560504,0,0
state,925,5.199334451279193,5.199334451279193,0,0
state,926,5.1034590850512398,5.1034590850512433,3.5527136788005009e-15,6.9613836803490874e-16
state,927,4.9192840846604158,4.9192840846604158,0,0
state,928,4.8941004084029931,4.8941004084029931,0,0
state,929,4.708445776113984,4.708445776113984,0,0
state,930,1002.2696253560504,1002.2696253560504,0,0
state,931,0.34460618646164431,0.34460618646164409,2.2204460492503131e-16,2.2204460492503131e-16
state,932,0.39849550937853123,0.39849550937853123,0,0
state,933,0.30982623013408056,0.30982623013408039,1.6653345369377348e-16,1.6653345369377348e-16
state,934,0.37114468726173611,0.37114468726173599,1.1102230246251565e-16,1.1102230246251565e-16
state,935,0.28890977516143068,0.28890977516143068,0,0
state,936,1002.2696253560504,1002.2696253560504,0,0
state,937,0.0087538363475088525,0.0087538363475088508,1.7347234759768071e-18,1.7347234759768071e-18
state,938,0.014648745210001471,0.014648745210001471,0,0
state,939,0.0078680153702158483,0.0078680153702158518,3.4694469519536142e-18,3.4694469519536142e-18
state,940,0.013653353829618154,0.013653353829618154,0,0
state,941,0.0073423834669192993,0.0073423834669192993,0,0
state,942,1002.2696253560504,1002.2696253560504,0,0
state,943,0.00020872601511910121,0.0002087260151191011,1.0842021724855044e-19,1.0842021724855044e-19
state,944,0.00050381206138979718,0.00050381206138979708,1.0842021724855044e-19,1.0842021724855044e-19
state,945,0.00018819391518079944,0.00018819391518079944,0,0
state,946,0.00047108117460489606,0.00047108117460489579,2.7105054312137611e-19,2.7105054312137611e-19
state,947,0.00017601510817258649,0.00017601510817258627,2.1684043449710089e-19,2.1684043449710089e-19
state,948,1002.2696253560504,1002.2696253560504,0,0
state,949,4.9620825789966389e-06,4.9620825789966389e-06,0,0
state,950,1.7193310619440291e-05,1.7193310619440284e-05,6.7762635780344027e-21,6.7762635780344027e-21
state,951,4.4884812023937751e-06,4.4884812023937768e-06,1.6940658945086007e-21,1.6940658945086007e-21
state,952,1.6128972287989265e-05,1.6128972287989265e-05,0,0
state,953,4.2075682436430296e-06,4.2075682436430287e-06,8.4703294725430034e-22,8.4703294725430034e-22
state,954,1002.2696253560504,1002.2696253560504,0,0
state,955,1.1789314860503626e-07,1.1789314860503626e-07,0,0
state,956,5.8316818484163849e-07,5.831681848416386e-07,1.0587911840678754e-22,1.0587911840678754e-22
state,957,1.0699821403244991e-07,1.0699821403244994e-07,2.6469779601696886e-23,2.6469779601696886e-23
state,958,5.4885621589996704e-07,5.4885621589996715e-07,1.0587911840678754e-22,1.0587911840678754e-22
state,959,1.0053609200240439e-07,1.0053609200240439e-07,0,0
state,960,1002.2696253560504,1002.2696253560504,0,0
state,961,3.1517819350611941e-09,3.1517819350611904e-09,3.7223127564886245e-24,3.7223127564886245e-24
state,962,2.0810515181492715e-08,2.0810515181492689e-08,2.6469779601696886e-23,2.6469779601696886e-23
state,963,2.8902934193182327e-09,2.8902934193182289e-09,3.7223127564886245e-24,3.7223127564886245e-24
state,964,1.9693515569124245e-08,1.9693515569124232e-08,1.3234889800848443e-23,1.3234889800848443e-23
state,965,2.7353251289451225e-09,2.7353251289451205e-09,2.0679515313825692e-24,2.0679515313825692e-24
state,966,1002.2696253560504,1002.2696253560504,0,0
state,967,5.2096058911786406e-10,5.2096058911786334e-10,7.2378303598389922e-25,7.2378303598389922e-25
state,968,3.0007381966876383e-09,3.0007381966876371e-09,1.2407709188295415e-24,1.2407709188295415e-24
state,969,4.8711725631754914e-10,4.8711725631754883e-10,3.1019272970738538e-25,3.1019272970738538e-25
state,970,2.873150281308573e-09,2.8731502813085705e-09,2.481541837659083e-24,2.481541837659083e-24
state,971,4.6709644774606836e-10,4.6709644774606826e-10,1.0339757656912846e-25,1.0339757656912846e-25
state,972,1002.2696253560504,1002.2696253560504,0,0
state,973,7.1773752217630931e-11,7.1773752217630931e-11,0,0
state,974,3.6198856059710565e-10,3.6198856059710565e-10,0,0
state,975,6.796165560129635e-11,6.7961655601296311e-11,3.8774091213423172e-26,3.8774091213423172e-26
state,976,3.4939521779405185e-10,3.4939521779405185e-10,0,0
state,977,6.5712612064390538e-11,6.5712612064390499e-11,3.8774091213423172e-26,3.8774091213423172e-26
state,978,1002.2696253560504,1002.2696253560504,0,0
state,979,8.2246684854799448e-12,8.2246684854799513e-12,6.4623485355705287e-27,6.4623485355705287e-27
state,980,3.6989129224725515e-11,3.6989129224725522e-11,6.4623485355705287e-27,6.4623485355705287e-27
state,981,7.8508523838050751e-12,7.8508523838050767e-12,1.6155871338926322e-27,1.6155871338926322e-27
state,982,3.5899555298657342e-11,3.5899555298657342e-11,0,0
state,983,7.6309888191915912e-12,7.6309888191915928e-12,1.6155871338926322e-27,1.6155871338926322e-27
state,984,1002.2696253560504,1002.2696253560504,0,0
state,985,7.9467676060167901e-13,7.9467676060167881e-13,2.0194839173657902e-28,2.0194839173657902e-28
state,986,3.2480732092835443e-12,3.2480732092835415e-12,2.8272774843121063e-27,2.8272774843121063e-27
state,987,7.6265740415654917e-13,7.6265740415654806e-13,1.1107161545511846e-27,1.1107161545511846e-27
state,988,3.1646070453879011e-12,3.1646070453878995e-12,1.6155871338926322e-27,1.6155871338926322e-27
state,989,7.4388350915042699e-13,7.4388350915042659e-13,4.0389678347315804e-28,4.0389678347315804e-28
state,990,1002.2696253560504,1002.2696253560504,0,0
state,991,6.594343327567055e-14,6.5943433275670638e-14,8.8352421384753322e-29,8.8352421384753322e-29
state,992,2.488144463467778e-13,2.48814446346778e-13,2.0194839173657902e-28,2.0194839173657902e-28
state,993,6.3529904548469189e-14,6.3529904548469239e-14,5.0487097934144756e-29,5.0487097934144756e-29
state,994,2.431043342450843e-13,2.4310433424508465e-13,3.5340968553901329e-28,3.5340968553901329e-28
state,995,6.2119042103601961e-14,6.2119042103602012e-14,5.0487097934144756e-29,5.0487097934144756e-29
state,996,1002.2696253560504,1002.2696253560504,0,0
state,997,4.7844746349822816e-15,4.7844746349822839e-15,2.3665827156630354e-30,2.3665827156630354e-30
state,998,1.6865687927522765e-14,1.6865687927522772e-14,6.3108872417680944e-30,6.3108872417680944e-30
state,999,4.622825973809953e-15,4.6228259738099483e-15,4.7331654313260708e-30,4.7331654313260708e-30
state,1000,1.6513940186620866e-14,1.6513940186620866e-14,0,0
state,1001,4.5286050794362975e-15,4.5286050794362983e-15,7.8886090522101181e-31,7.8886090522101181e-31
state,1002,1002.2696253560504,1002.2696253560504,0,0
state,1003,3.0832291707717249e-16,3.0832291707717239e-16,9.8607613152626476e-32,9.8607613152626476e-32
state,1004,1.0245918541087931e-15,1.0245918541087923e-15,7.8886090522101181e-31,7.8886090522101181e-31
state,1005,2.9860449371599279e-16,2.9860449371599244e-16,3.4512664603419266e-31,3.4512664603419266e-31
state,1006,1.0049253590716075e-15,1.0049253590716064e-15,1.1832913578315177e-30,1.1832913578315177e-30
state,1007,2.9295570078193882e-16,2.9295570078193867e-16,1.4791141972893971e-31,1.4791141972893971e-31
state,1008,1002.2696253560504,1002.2696253560504,0,0
state,1009,1.7884003656745031e-17,1.7884003656745043e-17,1.2325951644078309e-32,1.2325951644078309e-32
state,1010,5.6408144242732422e-17,5.6408144242732446e-17,2.4651903288156619e-32,2.4651903288156619e-32
state,1011,1.7354396289207498e-17,1.7354396289207498e-17,0,0
state,1012,5.5402572453347016e-17,5.5402572453347034e-17,1.8488927466117464e-32,1.8488927466117464e-32
state,1013,1.7047405333346025e-17,1.7047405333346044e-17,1.8488927466117464e-32,1.8488927466117464e-32
state,1014,1002.2696253560504,1002.2696253560504,0,0
state,1015,9.4415214796744627e-19,9.4415214796744685e-19,5.7777898331617076e-34,5.7777898331617076e-34
state,1016,2.8413445333789566e-18,2.841344533378957e-18,3.8518598887744717e-34,3.8518598887744717e-34
state,1017,9.1775859655672664e-19,9.1775859655672606e-19,5.7777898331617076e-34,5.7777898331617076e-34
state,1018,2.7939928356989294e-18,2.7939928356989275e-18,1.9259299443872359e-33,1.9259299443872359e-33
state,1019,9.0250068629398649e-19,9.0250068629398687e-19,3.8518598887744717e-34,3.8518598887744717e-34
state,1020,1002.2696253560504,1002.2696253560504,0,0
state,1021,4.5789707852804478e-20,4.578970785280446e-20,1.8055593228630336e-35,1.8055593228630336e-35
state,1022,1.3202055659889285e-19,1.3202055659889278e-19,7.2222372914521344e-35,7.2222372914521344e-35
state,1023,4.4577307981597378e-20,4.4577307981597306e-20,7.2222372914521344e-35,7.2222372914521344e-35
state,1024,1.299538851244689e-19,1.2995388512446869e-19,2.1666711874356403e-34,2.1666711874356403e-34
state,1025,4.3878314380649522e-20,4.387831438064951e-20,1.2037062152420224e-35,1.2037062152420224e-35
state,1026,1002.2696253560504,1002.2696253560504,0,0
state,1027,2.0559526206488031e-21,2.0559526206488042e-21,1.128474576789396e-36,1.128474576789396e-36
state,1028,5.6979762435267759e-21,5.6979762435267804e-21,4.513898307157584e-36,4.513898307157584e-36
state,1029,2.0042640764464145e-21,2.0042640764464157e-21,1.128474576789396e-36,1.128474576789396e-36
state,1030,5.6138907138437722e-21,5.6138907138437707e-21,1.504632769052528e-36,1.504632769052528e-36
state,1031,1.9745439757371094e-21,1.9745439757371117e-21,2.256949153578792e-36,2.256949153578792e-36
state,1032,1002.2696253560504,1002.2696253560504,0,0
state,1033,8.6021970106743407e-23,8.6021970106743607e-23,1.9983403963978888e-37,1.9983403963978888e-37
state,1034,2.2979866927287543e-22,2.297986692728759e-22,4.70197740328915e-37,4.70197740328915e-37
state,1035,8.3964408859546364e-23,8.3964408859546469e-23,1.0579449157400588e-37,1.0579449157400588e-37
state,1036,2.2659300409890427e-22,2.2659300409890455e-22,2.82118644197349e-37,2.82118644197349e-37
state,1037,8.2784541294819761e-23,8.2784541294819984e-23,2.2334392665623463e-37,2.2334392665623463e-37
state,1038,1002.2696253560504,1002.2696253560504,0,0
state,1039,3.3724765081866273e-24,3.3724765081866339e-24,6.6121557233753672e-39,6.6121557233753672e-39
state,1040,8.704400454378254e-24,8.7044004543782672e-24,1.3224311446750734e-38,1.3224311446750734e-38
state,1041,3.2956008805141522e-24,3.2956008805141541e-24,1.8367099231598242e-39,1.8367099231598242e-39
state,1042,8.5893611157083717e-24,8.5893611157083746e-24,2.9387358770557188e-39,2.9387358770557188e-39
state,1043,3.2516376763004093e-24,3.2516376763004152e-24,5.8774717541114375e-39,5.8774717541114375e-39
state,1044,1002.2696253560504,1002.2696253560504,0,0
state,1045,1.2447020626426344e-25,1.2447020626426355e-25,1.1479437019748901e-40,1.1479437019748901e-40
state,1046,3.1102939035921226e-25,3.1102939035921244e-25,1.8367099231598242e-40,1.8367099231598242e-40
state,1047,1.2176206533299426e-25,1.2176206533299428e-25,2.2958874039497803e-41,2.2958874039497803e-41
state,1048,3.0712760059656921e-25,3.0712760059656907e-25,1.3775324423698682e-40,1.3775324423698682e-40
state,1049,1.2021755999069494e-25,1.2021755999069503e-25,9.1835496157991212e-41,9.1835496157991212e-41
state,1050,1002.2696253560504,1002.2696253560504,0,0
state,1051,4.3420975289602904e-27,4.3420975289602883e-27,2.152394441202919e-42,2.152394441202919e-42
state,1052,1.0524041719914673e-26,1.0524041719914666e-26,7.1746481373430634e-42,7.1746481373430634e-42
state,1053,4.2517923615460426e-27,4.2517923615460397e-27,2.8698592549372254e-42,2.8698592549372254e-42
state,1054,1.0398517953936599e-26,1.039851795393658e-26,1.8654085157091965e-41,1.8654085157091965e-41
state,1055,4.2004295861661748e-27,4.2004295861661705e-27,4.304788882405838e-42,4.304788882405838e-42
state,1056,1002.2696253560504,1002.2696253560504,0,0
state,1057,1.4366551016100295e-28,1.4366551016100273e-28,2.2420775429197073e-43,2.2420775429197073e-43
state,1058,3.3830837038971897e-28,3.3830837038971843e-28,5.3809861030072976e-43,5.3809861030072976e-43
state,1059,1.4080525852854621e-28,1.4080525852854599e-28,2.2420775429197073e-43,2.2420775429197073e-43
state,1060,3.3446591808417709e-28,3.3446591808417637e-28,7.1746481373430634e-43,7.1746481373430634e-43
state,1061,1.3918284430201891e-28,1.3918284430201866e-28,2.466285297211678e-43,2.466285297211678e-43
state,1062,1002.2696253560504,1002.2696253560504,0,0
state,1063,4.5219819703630708e-30,4.5219819703630813e-30,1.0509738482436128e-44,1.0509738482436128e-44
state,1064,1.0361943055014528e-29,1.0361943055014554e-29,2.6624670822171524e-44,2.6624670822171524e-44
state,1065,4.4356742912313183e-30,4.4356742912313288e-30,1.0509738482436128e-44,1.0509738482436128e-44
state,1066,1.0249707768225222e-29,1.0249707768225236e-29,1.4012984643248171e-44,1.4012984643248171e-44
state,1067,4.3868499458855429e-30,4.3868499458855506e-30,7.7071415537864939e-45,7.7071415537864939e-45
state,1068,1002.2696253560504,1002.2696253560504,0,0
state,1069,1.3575990589098715e-31,1.3575990589098732e-31,1.7516230804060213e-46,1.7516230804060213e-46
state,1070,3.0315562731535804e-31,3.0315562731535865e-31,6.1306807814210747e-46,6.1306807814210747e-46
state,1071,1.3327224475202419e-31,1.3327224475202443e-31,2.4084817355582793e-46,2.4084817355582793e-46
state,1072,3.0001967989194703e-31,3.0001967989194733e-31,3.0653403907105373e-46,3.0653403907105373e-46
state,1073,1.3186872186820372e-31,1.3186872186820385e-31,1.313717310304516e-46,1.313717310304516e-46
state,1074,1002.2696253560504,1002.2696253560504,0,0
state,1075,3.8966409236711037e-33,3.8966409236711058e-33,2.0526832973508063e-48,2.0526832973508063e-48
state,1076,8.4909630746314132e-33,8.4909630746314214e-33,8.210733189403225e-48,8.210733189403225e-48
state,1077,3.8279915400829773e-33,3.8279915400829793e-33,2.0526832973508063e-48,2.0526832973508063e-48
state,1078,8.4069616775308708e-33,8.4069616775308763e-33,5.4738221262688167e-48,5.4738221262688167e-48
state,1079,3.7893618117719817e-33,3.7893618117719837e-33,2.0526832973508063e-48,2.0526832973508063e-48
state,1080,1002.2696253560504,1002.2696253560504,0,0
state,1081,1.0714816050292518e-34,1.0714816050292516e-34,2.1382117680737565e-50,2.1382117680737565e-50
state,1082,2.2812862487187498e-34,2.2812862487187506e-34,8.5528470722950261e-50,8.5528470722950261e-50
state,1083,1.0533064732480105e-34,1.0533064732480103e-34,2.1382117680737565e-50,2.1382117680737565e-50
state,1084,2.2596720789262981e-34,2.2596720789262973e-34,8.5528470722950261e-50,8.5528470722950261e-50
state,1085,1.0431055856209096e-34,1.0431055856209096e-34,0,0
state,1086,1002.2696253560504,1002.2696253560504,0,0
state,1087,2.8278852487743603e-36,2.8278852487743573e-36,3.0068602988537201e-51,3.0068602988537201e-51
state,1088,5.8899201040918557e-36,5.8899201040918517e-36,4.0091470651382935e-51,4.0091470651382935e-51
state,1089,2.7816356018759001e-36,2.7816356018758984e-36,1.6704779438076223e-51,1.6704779438076223e-51
state,1090,5.8364032040261011e-36,5.8364032040260951e-36,6.0137205977074402e-51,6.0137205977074402e-51
state,1091,2.7557436080737456e-36,2.7557436080737443e-36,1.3363823550460978e-51,1.3363823550460978e-51
state,1092,1002.2696253560504,1002.2696253560504,0,0
state,1093,7.1754901131364163e-38,7.1754901131364351e-38,1.8792876867835751e-52,1.8792876867835751e-52
state,1094,1.4636784548587247e-37,1.4636784548587286e-37,3.9673851165431029e-52,3.9673851165431029e-52
state,1095,7.0621871731551122e-38,7.062187173155131e-38,1.8792876867835751e-52,1.8792876867835751e-52
state,1096,1.4509072406696388e-37,1.4509072406696426e-37,3.7585753735671501e-52,3.7585753735671501e-52
state,1097,6.9989141940543444e-38,6.9989141940543643e-38,1.9836925582715515e-52,1.9836925582715515e-52
state,1098,1002.2696253560504,1002.2696253560504,0,0
state,1099,1.7531485513390044e-39,1.7531485513390073e-39,2.936387010599336e-54,2.936387010599336e-54
state,1100,3.5061016178644146e-39,3.5061016178644218e-39,7.177834914798377e-54,7.177834914798377e-54
state,1101,1.7263865864437812e-39,1.7263865864437844e-39,3.2626522339992623e-54,3.2626522339992623e-54
state,1102,3.4766855906058204e-39,3.4766855906058263e-39,5.8727740211986721e-54,5.8727740211986721e-54
state,1103,1.7114778801134262e-39,1.7114778801134301e-39,3.9151826807991147e-54,3.9151826807991147e-54
state,1104,1002.2696253560504,1002.2696253560504,0,0
state,1105,4.1302095205329653e-41,4.1302095205329699e-41,4.5881047040614626e-56,4.5881047040614626e-56
state,1106,8.1063833751133234e-41,8.1063833751133295e-41,6.1174729387486167e-56,6.1174729387486167e-56
state,1107,4.0691825585483374e-41,4.0691825585483405e-41,3.0587364693743084e-56,3.0587364693743084e-56
state,1108,8.0409030709529441e-41,8.0409030709529502e-41,6.1174729387486167e-56,6.1174729387486167e-56
state,1109,4.0352658003830515e-41,4.0352658003830561e-41,4.5881047040614626e-56,4.5881047040614626e-56
state,1110,1002.2696253560504,1002.2696253560504,0,0
state,1111,9.3944746681317277e-43,9.3944746681317325e-43,4.7792757333973568e-58,4.7792757333973568e-58
state,1112,1.8112897907218716e-42,1.8112897907218716e-42,0,0
state,1113,9.2599553051319398e-43,9.2599553051319382e-43,1.5930919111324523e-58,1.5930919111324523e-58
state,1114,1.7971862914207062e-42,1.7971862914207062e-42,0,0
state,1115,9.1853664028466771e-43,9.1853664028466787e-43,1.5930919111324523e-58,1.5930919111324523e-58
state,1116,1002.2696253560504,1002.2696253560504,0,0
state,1117,2.0655658651387457e-44,2.0655658651387442e-44,1.493523666686674e-59,1.493523666686674e-59
state,1118,3.9156204409565194e-44,3.9156204409565169e-44,2.4892061111444567e-59,2.4892061111444567e-59
state,1119,2.0368715245411299e-44,2.0368715245411277e-44,2.240285500030011e-59,2.240285500030011e-59
state,1120,3.8861962536336945e-44,3.8861962536336915e-44,2.987047333373348e-59,2.987047333373348e-59
state,1121,2.0209967073280296e-44,2.0209967073280283e-44,1.2446030555722283e-59,1.2446030555722283e-59
state,1122,1002.2696253560504,1002.2696253560504,0,0
state,1123,4.3949525266930072e-46,4.3949525266929994e-46,7.7787690973264271e-61,7.7787690973264271e-61
state,1124,8.1982900671988152e-46,8.198290067198798e-46,1.711329201411814e-60,1.711329201411814e-60
state,1125,4.3356589142692168e-46,4.3356589142692098e-46,7.0008921875937844e-61,7.0008921875937844e-61
state,1126,8.138767965411522e-46,8.1387679654115095e-46,1.2446030555722283e-60,1.2446030555722283e-60
state,1127,4.3029271514132906e-46,4.3029271514132851e-46,5.445138368128499e-61,5.445138368128499e-61
state,1128,1002.2696253560504,1002.2696253560504,0,0
state,1129,9.0587437195807746e-48,9.0587437195807552e-48,1.9446922743316068e-62,1.9446922743316068e-62
state,1130,1.6641136591108765e-47,1.6641136591108721e-47,4.3755576172461153e-62,4.3755576172461153e-62
state,1131,8.9399374782796679e-48,8.939937478279646e-48,2.1877788086230576e-62,2.1877788086230576e-62
state,1132,1.6524280666774409e-47,1.6524280666774363e-47,4.6186441515375661e-62,4.6186441515375661e-62
state,1133,8.8744926864695443e-48,8.8744926864695236e-48,2.0662355414773322e-62,2.0662355414773322e-62
state,1134,1002.2696253560504,1002.2696253560504,0,0
state,1135,1.810512563527847e-49,1.8105125635278493e-49,2.2789362589823517e-64,2.2789362589823517e-64
state,1136,3.2777737039255742e-49,3.2777737039255784e-49,4.1780498081343114e-64,4.1780498081343114e-64
state,1137,1.7874088669304319e-49,1.7874088669304341e-49,2.2789362589823517e-64,2.2789362589823517e-64
state,1138,3.255489547687671e-49,3.2554895476876759e-49,4.9376952277950953e-64,4.9376952277950953e-64
state,1139,1.7747085016873572e-49,1.7747085016873599e-49,2.6587589688127436e-64,2.6587589688127436e-64
state,1140,1002.2696253560504,1002.2696253560504,0,0
state,1141,3.5119639537515386e-51,3.5119639537515404e-51,1.7804189523299623e-66,1.7804189523299623e-66
state,1142,6.2702626261606918e-51,6.2702626261606953e-51,3.5608379046599245e-66,3.5608379046599245e-66
state,1143,3.4683223384864788e-51,3.4683223384864799e-51,1.1869459682199748e-66,1.1869459682199748e-66
state,1144,6.2289517784930431e-51,6.2289517784930455e-51,2.3738919364399497e-66,2.3738919364399497e-66
state,1145,3.4443804683509449e-51,3.4443804683509484e-51,3.5608379046599245e-66,3.5608379046599245e-66
state,1146,1002.2696253560504,1002.2696253560504,0,0
state,1147,6.6173656410145686e-53,6.6173656410145964e-53,2.781904613015566e-67,2.781904613015566e-67
state,1148,1.1658844320267429e-52,1.1658844320267479e-52,5.0074283034280189e-67,5.0074283034280189e-67
state,1149,6.53722710660637e-53,6.537227106606396e-53,2.596444305481195e-67,2.596444305481195e-67
state,1150,1.1584339910172243e-52,1.1584339910172291e-52,4.8219679958936478e-67,4.8219679958936478e-67
state,1151,6.4933494187608974e-53,6.4933494187609252e-53,2.781904613015566e-67,2.781904613015566e-67
state,1152,1002.2696253560504,1002.2696253560504,0,0
state,1153,1.2121518410315336e-54,1.2121518410315373e-54,3.7671624967919123e-69,3.7671624967919123e-69
state,1154,2.1087268166125819e-54,2.1087268166125894e-54,7.5343249935838247e-69,7.5343249935838247e-69
state,1155,1.1978356499285098e-54,1.1978356499285133e-54,3.4773807662694575e-69,3.4773807662694575e-69
state,1156,2.0956453097794091e-54,2.0956453097794163e-54,7.2445432630613699e-69,7.2445432630613699e-69
state,1157,1.1900122348774829e-54,1.1900122348774873e-54,4.3467259578368219e-69,4.3467259578368219e-69
state,1158,1002.2696253560504,1002.2696253560504,0,0
state,1159,2.160212043613416e-56,2.160212043613421e-56,4.9806234933546918e-71,4.9806234933546918e-71
state,1160,3.7127339592148449e-56,3.712733959214854e-56,9.0556790788267124e-71,9.0556790788267124e-71
state,1161,2.1353139855285998e-56,2.1353139855286048e-56,4.9806234933546918e-71,4.9806234933546918e-71
state,1162,3.6903579871098358e-56,3.6903579871098453e-56,9.508463032768048e-71,9.508463032768048e-71
state,1163,2.1217333143627182e-56,2.1217333143627241e-56,5.886191401237363e-71,5.886191401237363e-71
state,1164,1002.2696253560504,1002.2696253560504,0,0
state,1165,3.7481404962786913e-58,3.7481404962786977e-58,6.3672743523000321e-73,6.3672743523000321e-73
state,1166,6.3675568379689722e-58,6.3675568379689857e-58,1.3442023632633401e-72,1.3442023632633401e-72
state,1167,3.7059567160384227e-58,3.7059567160384277e-58,4.9523244962333583e-73,4.9523244962333583e-73
state,1168,6.3302465140203437e-58,6.3302465140203529e-58,9.1971740644333797e-73,9.1971740644333797e-73
state,1169,3.6829895547629589e-58,3.6829895547629653e-58,6.3672743523000321e-73,6.3672743523000321e-73
state,1170,1002.2696253560504,1002.2696253560504,0,0
state,1171,6.335946683163575e-60,6.3359466831635805e-60,5.5271478752604446e-75,5.5271478752604446e-75
state,1172,1.0644827221771399e-59,1.0644827221771412e-59,1.3265154900625067e-74,1.3265154900625067e-74
state,1173,6.2662771619894559e-60,6.2662771619894625e-60,6.6325774503125335e-75,6.6325774503125335e-75
state,1174,1.0584145294014062e-59,1.0584145294014069e-59,6.6325774503125335e-75,6.6325774503125335e-75
state,1175,6.2284129613428305e-60,6.228412961342836e-60,5.5271478752604446e-75,5.5271478752604446e-75
state,1176,1002.2696253560504,1002.2696253560504,0,0
state,1177,1.044152712084449e-61,1.0441527120844497e-61,6.9089348440755557e-77,6.9089348440755557e-77
state,1178,1.7356340549386479e-61,1.7356340549386479e-61,0,0
state,1179,1.0329294504389001e-61,1.0329294504389006e-61,5.1817011330566668e-77,5.1817011330566668e-77
state,1180,1.7260019737306142e-61,1.7260019737306138e-61,3.4544674220377779e-77,3.4544674220377779e-77
state,1181,1.0268404473755126e-61,1.0268404473755126e-61,0,0
state,1182,1002.2696253560504,1002.2696253560504,0,0
state,1183,1.6785712919653435e-63,1.6785712919653424e-63,1.0795210693868056e-78,1.0795210693868056e-78
state,1184,2.7617550776654967e-63,2.7617550776654956e-63,1.0795210693868056e-78,1.0795210693868056e-78
state,1185,1.6609262259678794e-63,1.6609262259678781e-63,1.349401336733507e-78,1.349401336733507e-78
state,1186,2.7468255360296505e-63,2.7468255360296478e-63,2.6988026734670139e-78,2.6988026734670139e-78
state,1187,1.6513695361903538e-63,1.6513695361903525e-63,1.349401336733507e-78,1.349401336733507e-78
state,1188,1002.2696253560504,1002.2696253560504,0,0
state,1189,2.6338555282498517e-65,2.6338555282498492e-65,2.5301275063753256e-80,2.5301275063753256e-80
state,1190,4.2910240857613043e-65,4.2910240857612976e-65,6.7470066836675349e-80,6.7470066836675349e-80
state,1191,2.6067665439375561e-65,2.606766543937551e-65,5.0602550127506511e-80,5.0602550127506511e-80
state,1192,4.2684160696235751e-65,4.2684160696235666e-65,8.4337583545844186e-80,8.4337583545844186e-80
state,1193,2.5921195333473316e-65,2.5921195333473269e-65,4.6385670950214302e-80,4.6385670950214302e-80
state,1194,1002.2696253560504,1002.2696253560504,0,0
state,1195,4.0360935718703125e-67,4.0360935718703033e-67,9.2244232003267078e-82,9.2244232003267078e-82
state,1196,6.5135140978021615e-67,6.5135140978021444e-67,1.71310716577496e-81,1.71310716577496e-81
state,1197,3.9954629206430473e-67,3.9954629206430361e-67,1.1201085314682431e-81,1.1201085314682431e-81
state,1198,6.4800497878451109e-67,6.4800497878450925e-67,1.8448846400653416e-81,1.8448846400653416e-81
state,1199,3.9735300144466946e-67,3.9735300144466847e-67,9.8833105717786155e-82,9.8833105717786155e-82
state,1200,1002.2696253560504,1002.2696253560504,0,0
state,1201,6.0433363776168766e-69,6.0433363776168601e-69,1.6472184286297693e-83,1.6472184286297693e-83
state,1202,9.6642338421794122e-69,9.6642338421793772e-69,3.5003391608382597e-83,3.5003391608382597e-83
state,1203,5.9837670537540289e-69,5.9837670537540073e-69,2.1619741875765721e-83,2.1619741875765721e-83
state,1204,9.6157933019504138e-69,9.6157933019503809e-69,3.2944368572595385e-83,3.2944368572595385e-83
state,1205,5.9516626668083285e-69,5.9516626668083089e-69,1.956071883997851e-83,1.956071883997851e-83
state,1206,1002.2696253560504,1002.2696253560504,0,0
state,1207,8.8462024571140746e-71,8.8462024571141212e-71,4.6649740654554012e-85,4.6649740654554012e-85
state,1208,1.4022522178757487e-70,1.4022522178757557e-70,6.9170305108476639e-85,6.9170305108476639e-85
state,1209,8.7607929866858151e-71,8.7607929866858553e-71,4.0215293667718976e-85,4.0215293667718976e-85
state,1210,1.3953919813017024e-70,1.3953919813017087e-70,6.2735858121641602e-85,6.2735858121641602e-85
state,1211,8.7148351645878041e-71,8.7148351645878444e-71,4.0215293667718976e-85,4.0215293667718976e-85
state,1212,1002.2696253560504,1002.2696253560504,0,0
state,1213,1.2665130611652222e-72,1.2665130611652277e-72,5.5296028793113592e-87,5.5296028793113592e-87
state,1214,1.9906319691528773e-72,1.9906319691528848e-72,7.540367562697308e-87,7.540367562697308e-87
state,1215,1.2545318278365755e-72,1.25453182783658e-72,4.5242205376183848e-87,4.5242205376183848e-87
state,1216,1.9811224360731405e-72,1.9811224360731475e-72,7.0376763918508208e-87,7.0376763918508208e-87
state,1217,1.248094905260933e-72,1.2480949052609375e-72,4.5242205376183848e-87,4.5242205376183848e-87
state,1218,1002.2696253560504,1002.2696253560504,0,0
state,1219,1.7743273146801732e-74,1.7743273146801799e-74,6.6763671128049081e-89,6.6763671128049081e-89
state,1220,2.7660023736532784e-74,2.7660023736532871e-74,8.6400044989239987e-89,8.6400044989239987e-89
state,1221,1.7578760846669267e-74,1.7578760846669314e-74,4.7127297266858175e-89,4.7127297266858175e-89
state,1222,2.7530946870031205e-74,2.753094687003128e-74,7.4618220672525444e-89,7.4618220672525444e-89
state,1223,1.7490511915547747e-74,1.7490511915547794e-74,4.7127297266858175e-89,4.7127297266858175e-89
state,1224,701.58873774923518,701.58873774923518,0,0
state,1225,60.126899832222371,60.126899832222371,0,0
state,1226,60.121102025571091,60.121102025571091,0,0
state,1227,60.113295417447034,60.113295417447034,0,0
state,1228,60.103535508056716,60.103535508056716,0,0
state,1229,60.09250701506695,60.09250701506695,0,0
state,1230,1002.2696253560504,1002.2696253560504,0,0
state,1231,0.00047754725256106921,0.00047754725256106921,0,0
state,1232,0.00047117641703194469,0.00047117641703194496,2.7105054312137611e-19,2.7105054312137611e-19
state,1233,0.00045482202539127618,0.00045482202539127634,1.6263032587282567e-19,1.6263032587282567e-19
state,1234,0.00045466076883438338,0.00045466076883438338,0,0
state,1235,0.00043817923745377205,0.00043817923745377205,0,0
state,1236,1002.2696253560504,1002.2696253560504,0,0
state,1237,2.4449119261441596e-05,2.4449119261441589e-05,6.7762635780344027e-21,6.7762635780344027e-21
state,1238,2.9137536059921288e-05,2.9137536059921288e-05,0,0
state,1239,2.2370307602647619e-05,2.2370307602647612e-05,6.7762635780344027e-21,6.7762635780344027e-21
state,1240,2.7497243066786301e-05,2.7497243066786301e-05,0,0
state,1241,2.1124108177579609e-05,2.1124108177579609e-05,0,0
state,1242,1002.2696253560504,1002.2696253560504,0,0
state,1243,6.0045096709327296e-07,6.0045096709327328e-07,3.1763735522036263e-22,3.1763735522036263e-22
state,1244,1.017031696766587e-06,1.017031696766587e-06,0,0
state,1245,5.4968708029748924e-07,5.4968708029748987e-07,6.3527471044072525e-22,6.3527471044072525e-22
state,1246,9.607977516831295e-07,9.6079775168312971e-07,2.1175823681357508e-22,2.1175823681357508e-22
state,1247,5.1957193822435132e-07,5.1957193822435132e-07,0,0
state,1248,1002.2696253560504,1002.2696253560504,0,0
state,1249,1.4093688962860142e-08,1.4093688962860129e-08,1.3234889800848443e-23,1.3234889800848443e-23
state,1250,3.3761715550191277e-08,3.3761715550191277e-08,0,0
state,1251,1.2940548556897211e-08,1.2940548556897211e-08,0,0
state,1252,3.1983480239608505e-08,3.1983480239608478e-08,2.6469779601696886e-23,2.6469779601696886e-23
state,1253,1.2256690716014012e-08,1.2256690716014007e-08,4.963083675318166e-24,4.963083675318166e-24
state,1254,1002.2696253560504,1002.2696253560504,0,0
state,1255,3.2925521940791458e-10,3.2925521940791458e-10,0,0
state,1256,1.1085998339013872e-09,1.108599833901387e-09,2.0679515313825692e-25,2.0679515313825692e-25
state,1257,3.032192915645168e-10,3.032192915645168e-10,0,0
state,1258,1.0531051844893025e-09,1.0531051844893025e-09,0,0
state,1259,2.8778038820038942e-10,2.8778038820038937e-10,5.169878828456423e-26,5.169878828456423e-26
state,1260,1002.2696253560504,1002.2696253560504,0,0
state,1261,7.6919621377132626e-12,7.6919621377132626e-12,0,0
state,1262,3.6075287667512892e-11,3.6075287667512892e-11,0,0
state,1263,7.106523899888334e-12,7.106523899888334e-12,0,0
state,1264,3.4363038140527847e-11,3.4363038140527854e-11,6.4623485355705287e-27,6.4623485355705287e-27
state,1265,6.7594238617474192e-12,6.7594238617474233e-12,4.0389678347315804e-27,4.0389678347315804e-27
state,1266,1002.2696253560504,1002.2696253560504,0,0
state,1267,2.4175312490299363e-13,2.4175312490299332e-13,3.0292258760486853e-28,3.0292258760486853e-28
state,1268,1.3557150389948167e-12,1.3557150389948157e-12,1.0097419586828951e-27,1.0097419586828951e-27
state,1269,2.2665781250091032e-13,2.2665781250091005e-13,2.7767903863779616e-28,2.7767903863779616e-28
state,1270,1.3000860537608579e-12,1.3000860537608577e-12,2.0194839173657902e-28,2.0194839173657902e-28
state,1271,2.1773217589181689e-13,2.1773217589181668e-13,2.0194839173657902e-28,2.0194839173657902e-28
state,1272,1002.2696253560504,1002.2696253560504,0,0
state,1273,3.211695222795509e-14,3.2116952227955072e-14,1.8932661725304283e-29,1.8932661725304283e-29
state,1274,1.5874125549416496e-13,1.5874125549416496e-13,0,0
state,1275,3.0456562598058807e-14,3.0456562598058807e-14,0,0
state,1276,1.533610327700477e-13,1.5336103277004753e-13,1.7670484276950664e-28,1.7670484276950664e-28
state,1277,2.9477462747850299e-14,2.9477462747850299e-14,0,0
state,1278,1002.2696253560504,1002.2696253560504,0,0
state,1279,3.573689580809884e-15,3.573689580809884e-15,0,0
state,1280,1.5836953010758243e-14,1.5836953010758243e-14,0,0
state,1281,3.4142182747603366e-15,3.4142182747603366e-15,0,0
state,1282,1.5379244451157482e-14,1.5379244451157482e-14,0,0
state,1283,3.3204659631513735e-15,3.3204659631513731e-15,3.944304526105059e-31,3.944304526105059e-31
state,1284,1002.2696253560504,1002.2696253560504,0,0
state,1285,3.3746949423775845e-16,3.3746949423775874e-16,2.9582283945787943e-31,2.9582283945787943e-31
state,1286,1.3644186987435724e-15,1.364418698743573e-15,5.9164567891575885e-31,5.9164567891575885e-31
state,1287,3.2404725358298208e-16,3.2404725358298213e-16,4.9303806576313238e-32,4.9303806576313238e-32
state,1288,1.3298480915272255e-15,1.3298480915272255e-15,0,0
state,1289,3.1618046560904574e-16,3.1618046560904589e-16,1.4791141972893971e-31,1.4791141972893971e-31
state,1290,1002.2696253560504,1002.2696253560504,0,0
state,1291,2.7508550817697021e-17,2.7508550817697014e-17,6.1629758220391547e-33,6.1629758220391547e-33
state,1292,1.0294188845719507e-16,1.02941888457195e-16,6.1629758220391547e-32,6.1629758220391547e-32
state,1293,2.6511398819688462e-17,2.6511398819688443e-17,1.8488927466117464e-32,1.8488927466117464e-32
state,1294,1.0060472595664563e-16,1.0060472595664559e-16,3.6977854932234928e-32,3.6977854932234928e-32
state,1295,2.592869559638523e-17,2.5928695596385221e-17,9.2444637330587321e-33,9.2444637330587321e-33
state,1296,1002.2696253560504,1002.2696253560504,0,0
state,1297,1.9680074222483146e-18,1.9680074222483165e-18,1.9259299443872359e-33,1.9259299443872359e-33
state,1298,6.892841658827005e-18,6.8928416588270104e-18,5.3926038442842604e-33,5.3926038442842604e-33
state,1299,1.902015975332849e-18,1.9020159753328501e-18,1.1555579666323415e-33,1.1555579666323415e-33
state,1300,6.7503007546396094e-18,6.7503007546396155e-18,6.1629758220391547e-33,6.1629758220391547e-33
state,1301,1.863562568493493e-18,1.8635625684934945e-18,1.5407439555097887e-33,1.5407439555097887e-33
state,1302,1002.2696253560504,1002.2696253560504,0,0
state,1303,1.2540350836262386e-19,1.2540350836262394e-19,7.2222372914521344e-35,7.2222372914521344e-35
state,1304,4.1457464241073796e-19,4.1457464241073825e-19,2.8888949165808538e-34,2.8888949165808538e-34
state,1305,1.2147507957003301e-19,1.2147507957003296e-19,4.8148248609680896e-35,4.8148248609680896e-35
state,1306,4.0667200476959942e-19,4.0667200476959942e-19,0,0
state,1307,1.1919229683516779e-19,1.1919229683516781e-19,2.4074124304840448e-35,2.4074124304840448e-35
state,1308,1002.2696253560504,1002.2696253560504,0,0
state,1309,7.2075070737687204e-21,7.2075070737687159e-21,4.513898307157584e-36,4.513898307157584e-36
state,1310,2.2636163092859398e-20,2.2636163092859386e-20,1.2037062152420224e-35,1.2037062152420224e-35
state,1311,6.9951815206382581e-21,6.9951815206382491e-21,9.0277966143151681e-36,9.0277966143151681e-36
state,1312,2.2234976333703723e-20,2.2234976333703696e-20,2.7083389842945504e-35,2.7083389842945504e-35
state,1313,6.87213477256556e-21,6.8721347725655555e-21,4.513898307157584e-36,4.513898307157584e-36
state,1314,1002.2696253560504,1002.2696253560504,0,0
state,1315,3.7762625751006562e-22,3.77626257510066e-22,3.76158192263132e-37,3.76158192263132e-37
state,1316,1.132337185339508e-21,1.1323371853395095e-21,1.504632769052528e-36,1.504632769052528e-36
state,1317,3.6711776782066698e-22,3.6711776782066703e-22,4.70197740328915e-38,4.70197740328915e-38
state,1318,1.1135609653975561e-21,1.1135609653975566e-21,5.64237288394698e-37,5.64237288394698e-37
state,1319,3.610442271092753e-22,3.6104422710927572e-22,4.231779662960235e-37,4.231779662960235e-37
state,1320,1002.2696253560504,1002.2696253560504,0,0
state,1321,1.8197513992770711e-23,1.8197513992770714e-23,2.9387358770557188e-39,2.9387358770557188e-39
state,1322,5.2304561614397425e-23,5.2304561614397437e-23,1.1754943508222875e-38,1.1754943508222875e-38
state,1323,1.7717631404174919e-23,1.7717631404174907e-23,1.1754943508222875e-38,1.1754943508222875e-38
state,1324,5.1489385077690828e-23,5.1489385077690805e-23,2.350988701644575e-38,2.350988701644575e-38
state,1325,1.7441017997402139e-23,1.7441017997402139e-23,0,0
state,1326,1002.2696253560504,1002.2696253560504,0,0
state,1327,8.1262376198977303e-25,8.1262376198977284e-25,1.8367099231598242e-40,1.8367099231598242e-40
state,1328,2.2460804982142318e-24,2.2460804982142307e-24,1.1020259538958945e-39,1.1020259538958945e-39
state,1329,7.9226778315029187e-25,7.9226778315029067e-25,1.1938614500538858e-39,1.1938614500538858e-39
state,1330,2.2130654955076444e-24,2.2130654955076407e-24,3.6734198463196485e-39,3.6734198463196485e-39
state,1331,7.8056566992248878e-25,7.805656699224886e-25,1.8367099231598242e-40,1.8367099231598242e-40
state,1332,1002.2696253560504,1002.2696253560504,0,0
state,1333,3.3840813510331284e-26,3.3840813510331307e-26,2.2958874039497803e-41,2.2958874039497803e-41
state,1334,9.0187797685285564e-26,9.0187797685285645e-26,8.035605913824231e-41,8.035605913824231e-41
state,1335,3.3034041341682628e-26,3.3034041341682645e-26,1.7219155529623352e-41,1.7219155529623352e-41
state,1336,8.8934174282124305e-26,8.8934174282124316e-26,1.1479437019748901e-41,1.1479437019748901e-41
state,1337,3.2571498006388525e-26,3.2571498006388565e-26,4.0178029569121155e-41,4.0178029569121155e-41
state,1338,1002.2696253560504,1002.2696253560504,0,0
state,1339,1.3212779605354418e-27,1.3212779605354445e-27,2.6904930515036488e-42,2.6904930515036488e-42
state,1340,3.4030546887753524e-27,3.4030546887753603e-27,7.8921129510773697e-42,7.8921129510773697e-42
state,1341,1.2912500809435325e-27,1.2912500809435346e-27,2.152394441202919e-42,2.152394441202919e-42
state,1342,3.3582255414707122e-27,3.3582255414707173e-27,5.0222536961401444e-42,5.0222536961401444e-42
state,1343,1.2740808600349286e-27,1.274080860034932e-27,3.4079578652379551e-42,3.4079578652379551e-42
state,1344,1002.2696253560504,1002.2696253560504,0,0
state,1345,4.8588660734905724e-29,4.8588660734905803e-29,7.8472714002189756e-44,7.8472714002189756e-44
state,1346,1.2118622962736215e-28,1.2118622962736226e-28,1.1210387714598537e-43,1.1210387714598537e-43
state,1347,4.7534419629762136e-29,4.7534419629762181e-29,4.4841550858394146e-44,4.4841550858394146e-44
state,1348,1.1967052310004089e-28,1.1967052310004094e-28,4.4841550858394146e-44,4.4841550858394146e-44
state,1349,4.6933263503467612e-29,4.6933263503467685e-29,7.2867520144890488e-44,7.2867520144890488e-44
state,1350,1002.2696253560504,1002.2696253560504,0,0
state,1351,1.689532669678374e-30,1.6895326696783751e-30,1.0509738482436128e-45,1.0509738482436128e-45
state,1352,4.0880412592495626e-30,4.0880412592495675e-30,4.9045446251368597e-45,4.9045446251368597e-45
state,1353,1.6544836951880356e-30,1.654483695188036e-30,3.5032461608120427e-46,3.5032461608120427e-46
state,1354,4.0394163650925001e-30,4.0394163650924987e-30,1.4012984643248171e-45,1.4012984643248171e-45
state,1355,1.6345520072607873e-30,1.6345520072607887e-30,1.4012984643248171e-45,1.4012984643248171e-45
state,1356,1002.2696253560504,1002.2696253560504,0,0
state,1357,5.5739286347493652e-32,5.573928634749363e-32,2.1895288505075267e-47,2.1895288505075267e-47
state,1358,1.3105678695303259e-31,1.3105678695303257e-31,2.1895288505075267e-47,2.1895288505075267e-47
state,1359,5.4632163612188453e-32,5.4632163612188409e-32,4.3790577010150533e-47,4.3790577010150533e-47
state,1360,1.2957206707596344e-31,1.2957206707596326e-31,1.7516230804060213e-46,1.7516230804060213e-46
state,1361,5.4004264742120266e-32,5.4004264742120244e-32,2.1895288505075267e-47,2.1895288505075267e-47
state,1362,1002.2696253560504,1002.2696253560504,0,0
state,1363,1.7498517313569369e-33,1.7498517313569348e-33,2.0526832973508063e-48,2.0526832973508063e-48
state,1364,4.0041900424180338e-33,4.0041900424180276e-33,6.1580498920524188e-48,6.1580498920524188e-48
state,1365,1.7165257170356571e-33,1.7165257170356547e-33,2.3947971802426073e-48,2.3947971802426073e-48
state,1366,3.9609214843395482e-33,3.96092148433954e-33,8.210733189403225e-48,8.210733189403225e-48
state,1367,1.6976757667349039e-33,1.6976757667349011e-33,2.7369110631344083e-48,2.7369110631344083e-48
state,1368,1002.2696253560504,1002.2696253560504,0,0
state,1369,5.2409635570767164e-35,5.2409635570767303e-35,1.3898376492479417e-49,1.3898376492479417e-49
state,1370,1.1688586375860584e-34,1.1688586375860616e-34,3.2073176521106348e-49,3.2073176521106348e-49
state,1371,5.1451197305343667e-35,5.1451197305343795e-35,1.2829270608442539e-49,1.2829270608442539e-49
state,1372,1.1567941892683557e-34,1.1567941892683576e-34,1.9243905912663809e-49,1.9243905912663809e-49
state,1373,5.0910523220054461e-35,5.0910523220054557e-35,9.6219529563319043e-50,9.6219529563319043e-50
state,1374,1002.2696253560504,1002.2696253560504,0,0
state,1375,1.5010195296303191e-36,1.5010195296303216e-36,2.5057169157114334e-51,2.5057169157114334e-51
state,1376,3.2670744598850284e-36,3.2670744598850351e-36,6.6819117752304891e-51,6.6819117752304891e-51
state,1377,1.4746239410945962e-36,1.4746239410945989e-36,2.6727647100921956e-51,2.6727647100921956e-51
state,1378,3.2348194350109248e-36,3.2348194350109282e-36,3.3409558876152446e-51,3.3409558876152446e-51
state,1379,1.4597727029542925e-36,1.4597727029542948e-36,2.3386691213306712e-51,2.3386691213306712e-51
state,1380,1002.2696253560504,1002.2696253560504,0,0
state,1381,4.1192144785514083e-38,4.119214478551412e-38,3.6541705020791737e-53,3.6541705020791737e-53
state,1382,8.761118689873087e-38,8.7611186898730984e-38,1.1484535863677403e-52,1.1484535863677403e-52
state,1383,4.0494610365346123e-38,4.0494610365346144e-38,2.0880974297595278e-53,2.0880974297595278e-53
state,1384,8.6782695529208422e-38,8.6782695529208506e-38,8.3523897190381114e-53,8.3523897190381114e-53
state,1385,4.0103161196983973e-38,4.0103161196984014e-38,4.1761948595190557e-53,4.1761948595190557e-53
state,1386,1002.2696253560504,1002.2696253560504,0,0
state,1387,1.0851578527108178e-39,1.0851578527108176e-39,1.6313261169996311e-55,1.6313261169996311e-55
state,1388,2.2580310556031919e-39,2.2580310556031929e-39,9.7879567019977868e-55,9.7879567019977868e-55
state,1389,1.0674383210572535e-39,1.0674383210572533e-39,1.6313261169996311e-55,1.6313261169996311e-55
state,1390,2.2375507262823054e-39,2.237550726282305e-39,3.2626522339992623e-55,3.2626522339992623e-55
state,1391,1.057519465956774e-39,1.057519465956774e-39,0,0
state,1392,1002.2696253560504,1002.2696253560504,0,0
state,1393,2.7488044861990258e-41,2.7488044861990228e-41,3.0587364693743084e-56,3.0587364693743084e-56
state,1394,5.6022501691772596e-41,5.6022501691772556e-41,4.0783152924990778e-56,4.0783152924990778e-56
state,1395,2.7054638275861405e-41,2.7054638275861385e-41,2.0391576462495389e-56,2.0391576462495389e-56
state,1396,5.5534495042649777e-41,5.5534495042649726e-41,5.0978941156238473e-56,5.0978941156238473e-56
state,1397,2.6812631461249646e-41,2.681263146124963e-41,1.5293682346871542e-56,1.5293682346871542e-56
state,1398,1002.2696253560504,1002.2696253560504,0,0
state,1399,6.705406546853304e-43,6.7054065468533231e-43,1.9117102933589427e-57,1.9117102933589427e-57
state,1400,1.3399450136566681e-42,1.3399450136566718e-42,3.6641113956046402e-57,3.6641113956046402e-57
state,1401,6.6031876326920181e-43,6.6031876326920388e-43,2.071019484472188e-57,2.071019484472188e-57
state,1402,1.3287204290543797e-42,1.3287204290543834e-42,3.6641113956046402e-57,3.6641113956046402e-57
state,1403,6.5462485049048224e-43,6.5462485049048407e-43,1.8320556978023201e-57,1.8320556978023201e-57
state,1404,1002.2696253560504,1002.2696253560504,0,0
state,1405,1.5773928796082203e-44,1.5773928796082238e-44,3.4848885556022394e-59,3.4848885556022394e-59
state,1406,3.0937082013713458e-44,3.0937082013713527e-44,6.9697771112044787e-59,6.9697771112044787e-59
state,1407,1.5541153405901188e-44,1.5541153405901215e-44,2.7381267222589024e-59,2.7381267222589024e-59
state,1408,3.0687547944344194e-44,3.0687547944344248e-44,5.4762534445178047e-59,5.4762534445178047e-59
state,1409,1.5411796483500019e-44,1.5411796483500056e-44,3.733809166716685e-59,3.733809166716685e-59
state,1410,1002.2696253560504,1002.2696253560504,0,0
state,1411,3.5829777208406346e-46,3.5829777208406385e-46,3.8893845486632136e-61,3.8893845486632136e-61
state,1412,6.9035019728090642e-46,6.9035019728090705e-46,6.2230152778611417e-61,6.2230152778611417e-61
state,1413,3.5317339873999937e-46,3.531733987399996e-46,2.3336307291979281e-61,2.3336307291979281e-61
state,1414,6.8498216723403442e-46,6.8498216723403496e-46,5.445138368128499e-61,5.445138368128499e-61
state,1415,3.5033225966984837e-46,3.5033225966984884e-46,4.6672614583958563e-61,4.6672614583958563e-61
state,1416,1002.2696253560504,1002.2696253560504,0,0
state,1417,7.8677890630055877e-48,7.8677890630055925e-48,4.861730685829017e-63,4.861730685829017e-63
state,1418,1.4905519225929899e-47,1.4905519225929901e-47,2.4308653429145085e-63,2.4308653429145085e-63
state,1419,7.7586129524435943e-48,7.7586129524435943e-48,0,0
state,1420,1.4793654327862729e-47,1.4793654327862734e-47,4.861730685829017e-63,4.861730685829017e-63
state,1421,7.6982174563152583e-48,7.6982174563152583e-48,0,0
state,1422,1002.2696253560504,1002.2696253560504,0,0
state,1423,1.6720317069323024e-49,1.6720317069323011e-49,1.3293794844063718e-64,1.3293794844063718e-64
state,1424,3.1172179079999101e-49,3.1172179079999075e-49,2.6587589688127436e-64,2.6587589688127436e-64
state,1425,1.6494972995230392e-49,1.6494972995230375e-49,1.7092021942367638e-64,1.7092021942367638e-64
state,1426,3.0946132352872741e-49,3.0946132352872722e-49,1.8991135491519597e-64,1.8991135491519597e-64
state,1427,1.6370586261387109e-49,1.6370586261387103e-49,5.6973406474558792e-65,5.6973406474558792e-65
state,1428,1002.2696253560504,1002.2696253560504,0,0
state,1429,3.4424401268439447e-51,3.4424401268439399e-51,4.7477838728798994e-66,4.7477838728798994e-66
state,1430,6.3205323323036155e-51,6.3205323323036049e-51,1.0682513713979774e-65,1.0682513713979774e-65
state,1431,3.3973363468210687e-51,3.3973363468210633e-51,5.3412568569898868e-66,5.3412568569898868e-66
state,1432,6.2761992477626556e-51,6.2761992477626485e-51,7.1216758093198491e-66,7.1216758093198491e-66
state,1433,3.3724926023103659e-51,3.3724926023103617e-51,4.154310888769912e-66,4.154310888769912e-66
state,1434,1002.2696253560504,1002.2696253560504,0,0
state,1435,6.8728477869863306e-53,6.8728477869863167e-53,1.390952306507783e-67,1.390952306507783e-67
state,1436,1.2436646558008515e-52,1.2436646558008482e-52,3.3382855356186792e-67,3.3382855356186792e-67
state,1437,6.7852250730760413e-53,6.7852250730760255e-53,1.5764126140421541e-67,1.5764126140421541e-67
state,1438,1.2352185801961532e-52,1.23521858019615e-52,3.1528252280843082e-67,3.1528252280843082e-67
state,1439,6.7370611975671701e-53,6.7370611975671552e-53,1.4836824602749686e-67,1.4836824602749686e-67
state,1440,1002.2696253560504,1002.2696253560504,0,0
state,1441,1.3318281647040682e-54,1.3318281647040702e-54,2.0284721136571836e-69,2.0284721136571836e-69
state,1442,2.3767763041393763e-54,2.37677630413938e-54,3.7671624967919123e-69,3.7671624967919123e-69
state,1443,1.3152925066746041e-54,1.3152925066746058e-54,1.7386903831347288e-69,1.7386903831347288e-69
state,1444,2.3611330646012373e-54,2.3611330646012408e-54,3.4773807662694575e-69,3.4773807662694575e-69
state,1445,1.306221608280649e-54,1.306221608280651e-54,2.0284721136571836e-69,2.0284721136571836e-69
state,1446,1002.2696253560504,1002.2696253560504,0,0
state,1447,2.5070919384950668e-56,2.5070919384950681e-56,1.3583518618240069e-71,1.3583518618240069e-71
state,1448,4.4152868335774603e-56,4.415286833577463e-56,2.7167037236480137e-71,2.7167037236480137e-71
state,1449,2.4767551605315878e-56,2.4767551605315887e-56,9.0556790788267124e-72,9.0556790788267124e-72
state,1450,4.3870985359359873e-56,4.3870985359359891e-56,1.8111358157653425e-71,1.8111358157653425e-71
state,1451,2.4601461096264042e-56,2.4601461096264069e-56,2.7167037236480137e-71,2.7167037236480137e-71
state,1452,1002.2696253560504,1002.2696253560504,0,0
state,1453,4.5882937461123561e-58,4.5882937461123752e-58,1.9101823056900096e-72,1.9101823056900096e-72
state,1454,7.9789432925965929e-58,7.9789432925966268e-58,3.3958796545600171e-72,3.3958796545600171e-72
state,1455,4.534145653518162e-58,4.534145653518179e-58,1.6979398272800086e-72,1.6979398272800086e-72
state,1456,7.9294908462846992e-58,7.9294908462847346e-58,3.5373746401666845e-72,3.5373746401666845e-72
state,1457,4.5045569170712367e-58,4.5045569170712551e-58,1.8394348128866759e-72,1.8394348128866759e-72
state,1458,1002.2696253560504,1002.2696253560504,0,0
state,1459,8.16996074175995e-60,8.1699607417599765e-60,2.6530309801250134e-74,2.6530309801250134e-74
state,1460,1.4036528740663749e-59,1.4036528740663797e-59,4.8638901302291912e-74,4.8638901302291912e-74
state,1461,8.0758655449514549e-60,8.0758655449514792e-60,2.4319450651145956e-74,2.4319450651145956e-74
state,1462,1.3952006209649512e-59,1.3952006209649556e-59,4.4217183002083556e-74,4.4217183002083556e-74
state,1463,8.0245441053759955e-60,8.0245441053760243e-60,2.8741168951354312e-74,2.8741168951354312e-74
state,1464,1002.2696253560504,1002.2696253560504,0,0
state,1465,1.4164055584064996e-61,1.4164055584065036e-61,3.9726375353434445e-76,3.9726375353434445e-76
state,1466,2.4054553573741841e-61,2.4054553573741903e-61,6.2180413596680001e-76,6.2180413596680001e-76
state,1467,1.4004757307048977e-61,1.4004757307049013e-61,3.6271907931396667e-76,3.6271907931396667e-76
state,1468,2.3913723200171589e-61,2.3913723200171651e-61,6.2180413596680001e-76,6.2180413596680001e-76
state,1469,1.3918031236462928e-61,1.3918031236462964e-61,3.6271907931396667e-76,3.6271907931396667e-76
state,1470,1002.2696253560504,1002.2696253560504,0,0
state,1471,2.3924827635302745e-63,2.3924827635302794e-63,4.8578448122406251e-78,4.8578448122406251e-78
state,1472,4.0182607975123322e-63,4.0182607975123408e-63,8.6361685550944446e-78,8.6361685550944446e-78
state,1473,2.366192916219039e-63,2.3661929162190422e-63,3.2385632081604167e-78,3.2385632081604167e-78
state,1474,3.9953722403589665e-63,3.9953722403589724e-63,5.9373658816274307e-78,5.9373658816274307e-78
state,1475,2.3519055603955943e-63,2.3519055603955981e-63,3.7783237428538195e-78,3.7783237428538195e-78
state,1476,1002.2696253560504,1002.2696253560504,0,0
state,1477,3.9398797341368191e-65,3.9398797341368224e-65,3.3735033418337674e-80,3.3735033418337674e-80
state,1478,6.5470849056972616e-65,6.5470849056972683e-65,6.7470066836675349e-80,6.7470066836675349e-80
state,1479,3.8975584434599237e-65,3.897558443459928e-65,4.2168791772922093e-80,4.2168791772922093e-80
state,1480,6.5107783637974678e-65,6.5107783637974721e-65,4.2168791772922093e-80,4.2168791772922093e-80
state,1481,3.8745988167785397e-65,3.8745988167785439e-65,4.2168791772922093e-80,4.2168791772922093e-80
state,1482,1002.2696253560504,1002.2696253560504,0,0
state,1483,6.3292947689647245e-67,6.3292947689647272e-67,2.6355494858076308e-82,2.6355494858076308e-82
state,1484,1.041068927946207e-66,1.0410689279462073e-66,2.6355494858076308e-82,2.6355494858076308e-82
state,1485,6.2628024347025536e-67,6.2628024347025549e-67,1.3177747429038154e-82,1.3177747429038154e-82
state,1486,1.0354451268636711e-66,1.035445126863671e-66,1.3177747429038154e-82,1.3177747429038154e-82
state,1487,6.2267914078778632e-67,6.2267914078778645e-67,1.3177747429038154e-82,1.3177747429038154e-82
state,1488,1002.2696253560504,1002.2696253560504,0,0
state,1489,9.9247132410513504e-69,9.9247132410513442e-69,6.1770691073616347e-84,6.1770691073616347e-84
state,1490,1.6164900084832058e-68,1.6164900084832048e-68,1.0295115178936058e-83,1.0295115178936058e-83
state,1491,9.8226986119902183e-69,9.8226986119902122e-69,6.1770691073616347e-84,6.1770691073616347e-84
state,1492,1.6079790822922166e-68,1.6079790822922149e-68,1.6472184286297693e-83,1.6472184286297693e-83
state,1493,9.7675417820649315e-69,9.7675417820649253e-69,6.1770691073616347e-84,6.1770691073616347e-84
state,1494,1002.2696253560504,1002.2696253560504,0,0
state,1495,1.5198848273135216e-70,1.51988482731352e-70,1.608611746708759e-85,1.608611746708759e-85
state,1496,2.4522092661454468e-70,2.4522092661454426e-70,4.1823905414427735e-85,4.1823905414427735e-85
state,1497,1.5045930815207846e-70,1.5045930815207821e-70,2.5737787947340145e-85,2.5737787947340145e-85
state,1498,2.439618895356714e-70,2.4396188953567101e-70,3.8606681921010217e-85,3.8606681921010217e-85
state,1499,1.4963387706436657e-70,1.4963387706436635e-70,2.2520564453922627e-85,2.2520564453922627e-85
state,1500,1002.2696253560504,1002.2696253560504,0,0
state,1501,2.2743732401372002e-72,2.2743732401371957e-72,4.5242205376183848e-87,4.5242205376183848e-87
state,1502,3.6362291371396743e-72,3.6362291371396643e-72,1.0053823416929744e-86,1.0053823416929744e-86
state,1503,2.2519669041557412e-72,2.2519669041557351e-72,6.0322940501578464e-87,6.0322940501578464e-87
state,1504,3.6180145820497073e-72,3.6180145820496973e-72,1.0053823416929744e-86,1.0053823416929744e-86
state,1505,2.2398916956623945e-72,2.2398916956623884e-72,6.0322940501578464e-87,6.0322940501578464e-87
state,1506,1002.2696253560504,1002.2696253560504,0,0
state,1507,3.3272746041942871e-74,3.3272746041942785e-74,8.6400044989239987e-89,8.6400044989239987e-89
state,1508,5.2730560774786391e-74,5.2730560774786195e-74,1.9636373861190906e-88,1.9636373861190906e-88
state,1509,3.2951668664347519e-74,3.2951668664347409e-74,1.0996369362266907e-88,1.0996369362266907e-88
state,1510,5.2472743724467125e-74,5.2472743724466944e-74,1.8065463952295634e-88,1.8065463952295634e-88
state,1511,3.2778907595625741e-74,3.2778907595625643e-74,9.8181869305954531e-89,9.8181869305954531e-89
state,1512,1002.2696253560504,1002.2696253560504,0,0
state,1513,4.7610068386426534e-76,4.7610068386426792e-76,2.5772740692813064e-90,2.5772740692813064e-90
state,1514,7.4815191494945281e-76,7.4815191494945637e-76,3.5590927623408518e-90,3.5590927623408518e-90
state,1515,4.7159904480711816e-76,4.7159904480712025e-76,2.0863647227515338e-90,2.0863647227515338e-90
state,1516,7.4457997544767742e-76,7.4457997544768098e-76,3.5590927623408518e-90,3.5590927623408518e-90
state,1517,4.6918062979878091e-76,4.6918062979878312e-76,2.2090920593839769e-90,2.2090920593839769e-90
state,1518,1002.2696253560504,1002.2696253560504,0,0
state,1519,6.6663809164583678e-78,6.6663809164583985e-78,3.0681834158110791e-92,3.0681834158110791e-92
state,1520,1.0390188476075315e-77,1.0390188476075356e-77,4.0269907332520413e-92,4.0269907332520413e-92
state,1521,6.6046017077833474e-78,6.6046017077833714e-78,2.3970182936024055e-92,2.3970182936024055e-92
state,1522,1.0341729467871454e-77,1.034172946787149e-77,3.6434678062756564e-92,3.6434678062756564e-92
state,1523,6.5714628591842371e-78,6.5714628591842601e-78,2.3011375618583093e-92,2.3011375618583093e-92
state,1524,1002.2696253560504,1002.2696253560504,0,0
state,1525,9.1380091215770624e-80,9.1380091215770999e-80,3.7453410837537587e-94,3.7453410837537587e-94
state,1526,1.4130090463421938e-79,1.413009046342198e-79,4.1947820138042097e-94,4.1947820138042097e-94
state,1527,9.0549847878991226e-80,9.0549847878991451e-80,2.2472046502522552e-94,2.2472046502522552e-94
state,1528,1.406568923506533e-79,1.4065689235065369e-79,3.895154727103909e-94,3.895154727103909e-94
state,1529,9.0105169818971869e-80,9.0105169818972093e-80,2.2472046502522552e-94,2.2472046502522552e-94
state,1530,300,300,0,0
state,1531,300.00218477073025,300.00218477073025,0,0
state,1532,300.00134229722994,300.00134229722994,0,0
state,1533,300.00026866183981,300.00026866183981,0,0
state,1534,300.00003664980539,300.00003664980539,0,0
state,1535,300.00000411620908,300.00000411620908,0,0
state,1536,300.00000039819247,300.00000039819247,0,0
state,1537,300.00000003389954,300.00000003389954,0,0
state,1538,300.00000000257467,300.00000000257467,0,0
state,1539,300.00000000017548,300.00000000017548,0,0
state,1540,300.00000000001006,300.00000000001006,0,0
state,1541,300,300,0,0
state,1542,300,300,0,0
state,1543,300,300,0,0
state,1544,300,300,0,0
state,1545,300,300,0,0
state,1546,300,300,0,0
state,1547,300,300,0,0
state,1548,300,300,0,0
state,1549,300,300,0,0
state,1550,300,300,0,0
state,1551,300,300,0,0
state,1552,300,300,0,0
state,1553,300,300,0,0
state,1554,300,300,0,0
state,1555,300,300,0,0
state,1556,300,300,0,0
state,1557,300,300,0,0
state,1558,300,300,0,0
state,1559,300,300,0,0
state,1560,300,300,0,0
state,1561,300,300,0,0
state,1562,300,300,0,0
state,1563,300,300,0,0
state,1564,300,300,0,0
state,1565,300,300,0,0
state,1566,300,300,0,0
state,1567,300,300,0,0
state,1568,300,300,0,0
state,1569,300,300,0,0
state,1570,300,300,0,0
state,1571,300,300,0,0
state,1572,300,300,0,0
state,1573,300,300,0,0
state,1574,300,300,0,0
state,1575,300,300,0,0
state,1576,300,300,0,0
state,1577,300,300,0,0
state,1578,300,300,0,0
state,1579,300,300,0,0
state,1580,300,300,0,0
state,1581,300.69961033057137,300.69961033057137,0,0
state,1582,300.63217641492713,300.63217641492713,0,0
state,1583,300.3260096404934,300.3260096404934,0,0
state,1584,300.02541660464493,300.02541660464493,0,0
state,1585,300.00076772719865,300.00076772719865,0,0
state,1586,300.00002244871416,300.00002244871416,0,0
state,1587,300.00000067181094,300.00000067181094,0,0
state,1588,300.00000002041014,300.00000002041014,0,0
state,1589,300.00000000000028,300.00000000000028,0,0
state,1590,300,300,0,0
state,1591,300,300,0,0
state,1592,300,300,0,0
state,1593,300,300,0,0
state,1594,300,300,0,0
state,1595,300,300,0,0
state,1596,300,300,0,0
state,1597,300,300,0,0
state,1598,300,300,0,0
state,1599,300,300,0,0
state,1600,300,300,0,0
state,1601,300,300,0,0
state,1602,300,300,0,0
state,1603,300,300,0,0
state,1604,300,300,0,0
state,1605,300,300,0,0
state,1606,300,300,0,0
state,1607,300,300,0,0
state,1608,300,300,0,0
state,1609,300,300,0,0
state,1610,300,300,0,0
state,1611,300,300,0,0
state,1612,300,300,0,0
state,1613,300,300,0,0
state,1614,300,300,0,0
state,1615,300,300,0,0
state,1616,300,300,0,0
state,1617,300,300,0,0
state,1618,300,300,0,0
state,1619,300,300,0,0
state,1620,300,300,0,0
state,1621,300,300,0,0
state,1622,300,300,0,0
state,1623,300,300,0,0
state,1624,300,300,0,0
state,1625,300,300,0,0
state,1626,300,300,0,0
state,1627,300,300,0,0
state,1628,300,300,0,0
state,1629,300,300,0,0
state,1630,300,300,0,0
state,1631,300,300,0,0
state,1632,300,300,0,0
state,1633,300.00000008633134,300.00000008633134,0,0
state,1634,300.00000004234511,300.00000004234511,0,0
state,1635,300.00000000691648,300.00000000691648,0,0
state,1636,300.00000000079433,300.00000000079433,0,0
state,1637,300.00000000007554,300.00000000007554,0,0
state,1638,300.00000000000546,300.00000000000546,0,0
state,1639,300,300,0,0
state,1640,300,300,0,0
state,1641,300,300,0,0
state,1642,300,300,0,0
state,1643,300,300,0,0
state,1644,300,300,0,0
state,1645,300,300,0,0
state,1646,300,300,0,0
state,1647,300,300,0,0
state,1648,300,300,0,0
state,1649,300,300,0,0
state,1650,300,300,0,0
state,1651,300,300,0,0
state,1652,300,300,0,0
state,1653,300,300,0,0
state,1654,300,300,0,0
state,1655,300,300,0,0
state,1656,300,300,0,0
state,1657,300,300,0,0
state,1658,300,300,0,0
state,1659,300,300,0,0
state,1660,300,300,0,0
state,1661,300,300,0,0
state,1662,300,300,0,0
state,1663,300,300,0,0
state,1664,300,300,0,0
state,1665,300,300,0,0
state,1666,300,300,0,0
state,1667,300,300,0,0
state,1668,300,300,0,0
state,1669,300,300,0,0
state,1670,300,300,0,0
state,1671,300,300,0,0
state,1672,300,300,0,0
state,1673,300,300,0,0
state,1674,300,300,0,0
state,1675,300,300,0,0
state,1676,300,300,0,0
state,1677,300,300,0,0
state,1678,300,300,0,0
state,1679,300,300,0,0
state,1680,300,300,0,0
state,1681,300,300,0,0
state,1682,300,300,0,0
total_pressure,0,2500000,2500000,0,0
total_pressure,1,2499840.1175340065,2499840.1175340065,0,0
total_pressure,2,2499721.971376441,2499721.971376441,0,0
total_pressure,3,2499620.967574649,2499620.967574649,0,0
total_pressure,4,2499521.8017361802,2499521.8017361802,0,0
total_pressure,5,2499422.6936601191,2499422.6936601191,0,0
total_pressure,6,2499323.5873141419,2499323.5873141419,0,0
total_pressure,7,2499224.4810216101,2499224.4810216101,0,0
total_pressure,8,2499125.3747307723,2499125.3747307723,0,0
total_pressure,9,2499026.2684399481,2499026.2684399481,0,0
total_pressure,10,2498927.1621491257,2498927.1621491257,0,0
total_pressure,11,2498828.0558583033,2498828.0558583033,0,0
total_pressure,12,2498728.9495674809,2498728.9495674809,0,0
total_pressure,13,2498629.8432766586,2498629.8432766586,0,0
total_pressure,14,2498530.7369858362,2498530.7369858362,0,0
total_pressure,15,2498431.6306950138,2498431.6306950138,0,0
total_pressure,16,2498332.5244041914,2498332.5244041914,0,0
total_pressure,17,2498233.418113369,2498233.418113369,0,0
total_pressure,18,2498134.3118225466,2498134.3118225466,0,0
total_pressure,19,2498035.2055317243,2498035.2055317243,0,0
total_pressure,20,2497936.0992409019,2497936.0992409019,0,0
total_pressure,21,2497836.9929500795,2497836.9929500795,0,0
total_pressure,22,2497737.8866592571,2497737.8866592571,0,0
total_pressure,23,2497638.7803684347,2497638.7803684347,0,0
total_pressure,24,2497539.6740776123,2497539.6740776123,0,0
total_pressure,25,2497440.56778679,2497440.56778679,0,0
total_pressure,26,2497341.4614959676,2497341.4614959676,0,0
total_pressure,27,2497242.3552051452,2497242.3552051452,0,0
total_pressure,28,2497143.2489143228,2497143.2489143228,0,0
total_pressure,29,2497044.1426235004,2497044.1426235004,0,0
total_pressure,30,2496945.036332678,2496945.036332678,0,0
total_pressure,31,2496845.9300418557,2496845.9300418557,0,0
total_pressure,32,2496746.8237510333,2496746.8237510333,0,0
total_pressure,33,2496647.7174602109,2496647.7174602109,0,0
total_pressure,34,2496548.6111693885,2496548.6111693885,0,0
total_pressure,35,2496449.5048785661,2496449.5048785661,0,0
total_pressure,36,2496350.3985877438,2496350.3985877438,0,0
total_pressure,37,2496251.2922969214,2496251.2922969214,0,0
total_pressure,38,2496152.186006099,2496152.186006099,0,0
total_pressure,39,2496053.0797152766,2496053.0797152766,0,0
total_pressure,40,2495953.9734244542,2495953.9734244542,0,0
total_pressure,41,2495854.8671336318,2495854.8671336318,0,0
total_pressure,42,2495755.7608428095,2495755.7608428095,0,0
total_pressure,43,2495656.6545519871,2495656.6545519871,0,0
total_pressure,44,2495557.5482611647,2495557.5482611647,0,0
total_pressure,45,2495458.4419703423,2495458.4419703423,0,0
total_pressure,46,2495359.3356795199,2495359.3356795199,0,0
total_pressure,47,2495260.2293886975,2495260.2293886975,0,0
total_pressure,48,2495161.1230978752,2495161.1230978752,0,0
total_pressure,49,2495062.0168070528,2495062.0168070528,0,0
total_pressure,50,2494962.9105162304,2494962.9105162304,0,0
interstitial_gas_velocity,0,0.10000000000000001,0.10000000000000001,0,0
interstitial_gas_velocity,1,0.085871747839211351,0.085871747839211351,0,0
interstitial_gas_velocity,2,0.079349899963063367,0.079349899963063367,0,0
interstitial_gas_velocity,3,0.078619986537869099,0.078619986537869099,0,0
interstitial_gas_velocity,4,0.07859708200628418,0.07859708200628418,0,0
interstitial_gas_velocity,5,0.078596396255016174,0.078596396255016174,0,0
interstitial_gas_velocity,6,0.078596375065091761,0.078596375065091761,0,0
interstitial_gas_velocity,7,0.078596374394715826,0.078596374394715826,0,0
interstitial_gas_velocity,8,0.078596374388319762,0.078596374388319762,0,0
interstitial_gas_velocity,9,0.078596374387649728,0.078596374387649728,0,0
interstitial_gas_velocity,10,0.078596374387562604,0.078596374387562604,0,0
interstitial_gas_velocity,11,0.078596374387553,0.078596374387553,0,0
interstitial_gas_velocity,12,0.078596374387552084,0.078596374387552084,0,0
interstitial_gas_velocity,13,0.078596374387551807,0.078596374387551807,0,0
interstitial_gas_velocity,14,0.078596374387551862,0.078596374387551862,0,0
interstitial_gas_velocity,15,0.078596374387551862,0.078596374387551862,0,0
interstitial_gas_velocity,16,0.078596374387551862,0.078596374387551862,0,0
interstitial_gas_velocity,17,0.078596374387551862,0.078596374387551862,0,0
interstitial_gas_velocity,18,0.078596374387551862,0.078596374387551862,0,0
interstitial_gas_velocity,19,0.078596374387551862,0.078596374387551862,0,0
interstitial_gas_velocity,20,0.078596374387551862,0.078596374387551862,0,0
interstitial_gas_velocity,21,0.078596374387551862,0.078596374387551862,0,0
interstitial_gas_velocity,22,0.078596374387551862,0.078596374387551862,0,0
interstitial_gas_velocity,23,0.078596374387551862,0.078596374387551862,0,0
interstitial_gas_velocity,24,0.078596374387551862,0.078596374387551862,0,0
interstitial_gas_velocity,25,0.078596374387551862,0.078596374387551862,0,0
interstitial_gas_velocity,26,0.078596374387551862,0.078596374387551862,0,0
interstitial_gas_velocity,27,0.078596374387551862,0.078596374387551862,0,0
interstitial_gas_velocity,28,0.078596374387551862,0.078596374387551862,0,0
interstitial_gas_velocity,29,0.078596374387551862,0.078596374387551862,0,0
interstitial_gas_velocity,30,0.078596374387551862,0.078596374387551862,0,0
interstitial_gas_velocity,31,0.078596374387551862,0.078596374387551862,0,0
interstitial_gas_velocity,32,0.078596374387551862,0.078596374387551862,0,0
interstitial_gas_velocity,33,0.078596374387551862,0.078596374387551862,0,0
interstitial_gas_velocity,34,0.078596374387551862,0.078596374387551862,0,0
interstitial_gas_velocity,35,0.078596374387551862,0.078596374387551862,0,0
interstitial_gas_velocity,36,0.078596374387551862,0.078596374387551862,0,0
interstitial_gas_velocity,37,0.078596374387551862,0.078596374387551862,0,0
interstitial_gas_velocity,38,0.078596374387551862,0.078596374387551862,0,0
interstitial_gas_velocity,39,0.078596374387551862,0.078596374387551862,0,0
interstitial_gas_velocity,40,0.078596374387551862,0.078596374387551862,0,0
interstitial_gas_velocity,41,0.078596374387551862,0.078596374387551862,0,0
interstitial_gas_velocity,42,0.078596374387551862,0.078596374387551862,0,0
interstitial_gas_velocity,43,0.078596374387551862,0.078596374387551862,0,0
interstitial_gas_velocity,44,0.078596374387551862,0.078596374387551862,0,0
interstitial_gas_velocity,45,0.078596374387551862,0.078596374387551862,0,0
interstitial_gas_velocity,46,0.078596374387551862,0.078596374387551862,0,0
interstitial_gas_velocity,47,0.078596374387551862,0.078596374387551862,0,0
interstitial_gas_velocity,48,0.078596374387551862,0.078596374387551862,0,0
interstitial_gas_velocity,49,0.078596374387551862,0.078596374387551862,0,0
interstitial_gas_velocity,50,0.078596374387551862,0.078596374387551862,0,0
