field,index,singlebed,multibed,absolute_difference,relative_difference
state,0,701.58873774923518,701.58873774923518,0,0
state,1,60.136177521363017,60.136177521363017,0,0
state,2,60.136177521363017,60.136177521363017,0,0
state,3,60.136177521363017,60.136177521363017,0,0
state,4,60.136177521363017,60.136177521363017,0,0
state,5,60.136177521363017,60.136177521363017,0,0
state,6,939.14082226456651,939.14082226456765,1.1368683772161603e-12,1.2105409010704152e-15
state,7,11.389336003280309,11.389336003280309,0,0
state,8,16.549637574129747,16.549637574129758,1.0658141036401503e-14,6.4401054033124032e-16
state,9,10.316092265540011,10.316092265540018,7.1054273576010019e-15,6.8877121052281059e-16
state,10,15.660591469998154,15.660591469998161,7.1054273576010019e-15,4.5371385692636522e-16
state,11,9.3472736963060754,9.3472736963060754,0,0
state,12,999.68495932902147,999.68495932902147,0,0
state,13,0.34696929580392466,0.34696929580392416,4.9960036108132044e-16,4.9960036108132044e-16
state,14,0.89130395010411223,0.89130395010411145,7.7715611723760958e-16,7.7715611723760958e-16
state,15,0.30402937491573001,0.30402937491572979,2.2204460492503131e-16,2.2204460492503131e-16
state,16,0.80310672393050964,0.80310672393050886,7.7715611723760958e-16,7.7715611723760958e-16
state,17,0.26855419757615134,0.2685541975761509,4.4408920985006262e-16,4.4408920985006262e-16
state,18,1002.1897694648106,1002.1897694648106,0,0
state,19,0.0082049427120370246,0.0082049427120370125,1.214306433183765e-17,1.214306433183765e-17
state,20,0.031162960663054285,0.031162960663054268,1.7347234759768071e-17,1.7347234759768071e-17
state,21,0.0072022332275885961,0.0072022332275885883,7.8062556418956319e-18,7.8062556418956319e-18
state,22,0.028120230294516126,0.028120230294516102,2.4286128663675299e-17,2.4286128663675299e-17
state,23,0.0063736680444535258,0.0063736680444535163,9.540979117872439e-18,9.540979117872439e-18
state,24,1002.2671155060804,1002.2671155060805,1.1368683772161603e-13,1.1342967953628957e-16
state,25,0.00019263569629414233,0.00019263569629414203,2.9815559743351372e-19,2.9815559743351372e-19
state,26,0.0010671042892653618,0.0010671042892653612,6.5052130349130266e-19,6.5052130349130266e-19
state,27,0.00016958042535418266,0.00016958042535418244,2.1684043449710089e-19,2.1684043449710089e-19
state,28,0.00096712708924874395,0.0009671270892487433,6.5052130349130266e-19,6.5052130349130266e-19
state,29,0.00015047866093944226,0.00015047866093944204,2.1684043449710089e-19,2.1684043449710089e-19
state,30,1002.2695448145406,1002.2695448145406,0,0
state,31,4.5233195526792172e-06,4.5233195526792105e-06,6.7762635780344027e-21,6.7762635780344027e-21
state,32,3.6443331397676475e-05,3.6443331397676468e-05,6.7762635780344027e-21,6.7762635780344027e-21
state,33,3.9939054589808024e-06,3.9939054589807999e-06,2.541098841762901e-21,2.541098841762901e-21
state,34,3.3179943694166331e-05,3.3179943694166318e-05,1.3552527156068805e-20,1.3552527156068805e-20
state,35,3.5540611325479041e-06,3.5540611325478986e-06,5.5057141571529522e-21,5.5057141571529522e-21
state,36,1002.2696227266738,1002.2696227266738,0,0
state,37,1.0624766354797511e-07,1.0624766354797499e-07,1.1911400820763599e-22,1.1911400820763599e-22
state,38,1.241498185869387e-06,1.2414981858693865e-06,4.2351647362715017e-22,4.2351647362715017e-22
state,39,9.4104323647538504e-08,9.4104323647538464e-08,3.9704669402545328e-23,3.9704669402545328e-23
state,40,1.1356067311627601e-06,1.1356067311627596e-06,4.2351647362715017e-22,4.2351647362715017e-22
state,41,8.3986979310880401e-08,8.3986979310880308e-08,9.26442286059391e-23,9.26442286059391e-23
state,42,1002.2696251733322,1002.2696251733322,0,0
state,43,2.8414019508971216e-09,2.8414019508971166e-09,4.963083675318166e-24,4.963083675318166e-24
state,44,4.8839656346857433e-08,4.8839656346857387e-08,4.632211430296955e-23,4.632211430296955e-23
state,45,2.5273338764010299e-09,2.527333876401027e-09,2.8951321439355969e-24,2.8951321439355969e-24
state,46,4.4945583272348019e-08,4.494558327234794e-08,7.9409338805090657e-23,7.9409338805090657e-23
state,47,2.2647570440129782e-09,2.2647570440129741e-09,4.1359030627651384e-24,4.1359030627651384e-24
state,48,1002.269625327802,1002.2696253278018,2.2737367544323206e-13,2.2685879098537708e-16
state,49,1.2248976702439647e-09,1.224897670243963e-09,1.6543612251060553e-24,1.6543612251060553e-24
state,50,1.2749128566522773e-08,1.2749128566522767e-08,6.6174449004242214e-24,6.6174449004242214e-24
state,51,1.1408588361435141e-09,1.1408588361435131e-09,1.0339757656912846e-24,1.0339757656912846e-24
state,52,1.2060261764556111e-08,1.2060261764556101e-08,9.9261673506363321e-24,9.9261673506363321e-24
state,53,1.0687689089181077e-09,1.0687689089181068e-09,8.2718061255302767e-25,8.2718061255302767e-25
state,54,1002.2696253511059,1002.2696253511059,0,0
state,55,2.7250159917210562e-10,2.7250159917210536e-10,2.5849394142282115e-25,2.5849394142282115e-25
state,56,2.1264967266363033e-09,2.1264967266363029e-09,4.1359030627651384e-25,4.1359030627651384e-25
state,57,2.5803738885046961e-10,2.5803738885046961e-10,0,0
state,58,2.0376118647343186e-09,2.0376118647343186e-09,0,0
state,59,2.4548055105451568e-10,2.4548055105451557e-10,1.0339757656912846e-25,1.0339757656912846e-25
state,60,1002.2696253554153,1002.2696253554153,0,0
state,61,4.0623487581099855e-11,4.0623487581099848e-11,6.4623485355705287e-27,6.4623485355705287e-27
state,62,2.6169833704968879e-10,2.6169833704968895e-10,1.5509636485369269e-25,1.5509636485369269e-25
state,63,3.8796737743934753e-11,3.8796737743934753e-11,0,0
state,64,2.5259934154329692e-10,2.5259934154329702e-10,1.0339757656912846e-25,1.0339757656912846e-25
state,65,3.7200606714582021e-11,3.7200606714581995e-11,2.5849394142282115e-26,2.5849394142282115e-26
state,66,1002.2696253559848,1002.2696253559848,0,0
state,67,4.5713329440240859e-12,4.5713329440240827e-12,3.2311742677852644e-27,3.2311742677852644e-27
state,68,2.5585805131280566e-11,2.5585805131280566e-11,0,0
state,69,4.3896536061567029e-12,4.3896536061567013e-12,1.6155871338926322e-27,1.6155871338926322e-27
state,70,2.4813746012969724e-11,2.4813746012969721e-11,3.2311742677852644e-27,3.2311742677852644e-27
state,71,4.2302865308016123e-12,4.2302865308016083e-12,4.0389678347315804e-27,4.0389678347315804e-27
state,72,1002.2696253560438,1002.2696253560438,0,0
state,73,4.1580611955286027e-13,4.1580611955286068e-13,4.0389678347315804e-28,4.0389678347315804e-28
state,74,2.0832514595994097e-12,2.0832514595994121e-12,2.4233807008389483e-27,2.4233807008389483e-27
state,75,4.0088032148640872e-13,4.0088032148640918e-13,4.543838814073028e-28,4.543838814073028e-28
state,76,2.027265081033115e-12,2.0272650810331174e-12,2.4233807008389483e-27,2.4233807008389483e-27
state,77,3.8775332609502889e-13,3.8775332609502905e-13,1.5146129380243427e-28,1.5146129380243427e-28
state,78,1002.2696253560504,1002.2696253560504,0,0
state,79,3.1932344516419446e-14,3.1932344516419452e-14,6.3108872417680944e-30,6.3108872417680944e-30
state,80,1.4591683078042908e-13,1.4591683078042916e-13,7.5730646901217133e-29,7.5730646901217133e-29
state,81,3.0884554916415748e-14,3.0884554916415748e-14,0,0
state,82,1.4236707469030955e-13,1.4236707469030965e-13,1.0097419586828951e-28,1.0097419586828951e-28
state,83,2.9961317761348071e-14,2.9961317761348052e-14,1.8932661725304283e-29,1.8932661725304283e-29
state,84,1002.2696253560504,1002.2696253560504,0,0
state,85,2.1327419583579226e-15,2.1327419583579214e-15,1.1832913578315177e-30,1.1832913578315177e-30
state,86,9.0004721044423232e-15,9.0004721044423216e-15,1.5777218104420236e-30,1.5777218104420236e-30
state,87,2.0683083336294092e-15,2.068308333629408e-15,1.1832913578315177e-30,1.1832913578315177e-30
state,88,8.8001625752360754e-15,8.8001625752360707e-15,4.7331654313260708e-30,4.7331654313260708e-30
state,89,2.011454005516726e-15,2.0114540055167237e-15,2.3665827156630354e-30,2.3665827156630354e-30
state,90,1002.2696253560504,1002.2696253560504,0,0
state,91,1.2653184652494393e-16,1.2653184652494408e-16,1.4791141972893971e-31,1.4791141972893971e-31
state,92,4.9754910377942484e-16,4.9754910377942543e-16,5.9164567891575885e-31,5.9164567891575885e-31
state,93,1.2299503764058249e-16,1.2299503764058259e-16,9.8607613152626476e-32,9.8607613152626476e-32
state,94,4.8734605237089083e-16,4.8734605237089102e-16,1.9721522630525295e-31,1.9721522630525295e-31
state,95,1.1987082033880056e-16,1.1987082033880056e-16,0,0
state,96,1002.2696253560504,1002.2696253560504,0,0
state,97,6.773243983288479e-18,6.7732439832884821e-18,3.0814879110195774e-33,3.0814879110195774e-33
state,98,2.4983828562991557e-17,2.4983828562991576e-17,1.8488927466117464e-32,1.8488927466117464e-32
state,99,6.5974240477924283e-18,6.5974240477924298e-18,1.5407439555097887e-33,1.5407439555097887e-33
state,100,2.4509310544911658e-17,2.4509310544911665e-17,6.1629758220391547e-33,6.1629758220391547e-33
state,101,6.4419774580695056e-18,6.4419774580695017e-18,3.8518598887744717e-33,3.8518598887744717e-33
state,102,1002.2696253560504,1002.2696253560504,0,0
state,103,3.310335512724388e-19,3.310335512724386e-19,1.9259299443872359e-34,1.9259299443872359e-34
state,104,1.151601291558175e-18,1.1516012915581744e-18,5.7777898331617076e-34,5.7777898331617076e-34
state,105,3.2302743434971645e-19,3.2302743434971621e-19,2.4074124304840448e-34,2.4074124304840448e-34
state,106,1.1312621270805034e-18,1.1312621270805027e-18,7.7037197775489434e-34,7.7037197775489434e-34
state,107,3.1594396532577581e-19,3.1594396532577543e-19,3.8518598887744717e-34,3.8518598887744717e-34
state,108,1002.2696253560504,1002.2696253560504,0,0
state,109,1.490800234189043e-20,1.4908002341890448e-20,1.8055593228630336e-35,1.8055593228630336e-35
state,110,4.9135456163554846e-20,4.9135456163554889e-20,4.2129717533470784e-35,4.2129717533470784e-35
state,111,1.4571025653802802e-20,1.4571025653802817e-20,1.504632769052528e-35,1.504632769052528e-35
state,112,4.8325764937068672e-20,4.8325764937068714e-20,4.2129717533470784e-35,4.2129717533470784e-35
state,113,1.4272709324252037e-20,1.4272709324252043e-20,6.018531076210112e-36,6.018531076210112e-36
state,114,1002.2696253560504,1002.2696253560504,0,0
state,115,6.2317440015145344e-22,6.2317440015145494e-22,1.504632769052528e-36,1.504632769052528e-36
state,116,1.9537328833394861e-21,1.9537328833394906e-21,4.513898307157584e-36,4.513898307157584e-36
state,117,6.099687195094313e-22,6.0996871950943271e-22,1.410593220986745e-36,1.410593220986745e-36
state,118,1.9236036750853765e-21,1.923603675085381e-21,4.513898307157584e-36,4.513898307157584e-36
state,119,5.9827256326573907e-22,5.982725632657402e-22,1.128474576789396e-36,1.128474576789396e-36
state,120,1002.2696253560504,1002.2696253560504,0,0
state,121,2.4322821199710312e-23,2.4322821199710347e-23,3.5264830524668625e-38,3.5264830524668625e-38
state,122,7.2796343396497494e-23,7.2796343396497612e-23,1.1754943508222875e-37,1.1754943508222875e-37
state,123,2.3838118070284412e-23,2.3838118070284457e-23,4.4081038155835782e-38,4.4081038155835782e-38
state,124,7.1742796260750213e-23,7.1742796260750284e-23,7.052966104933725e-38,7.052966104933725e-38
state,125,2.3408657906109823e-23,2.3408657906109847e-23,2.350988701644575e-38,2.350988701644575e-38
state,126,1002.2696253560504,1002.2696253560504,0,0
state,127,8.9076156158938579e-25,8.9076156158938615e-25,3.6734198463196485e-40,3.6734198463196485e-40
state,128,2.5534084124887531e-24,2.5534084124887549e-24,1.8367099231598242e-39,1.8367099231598242e-39
state,129,8.7401739507477909e-25,8.7401739507477982e-25,7.3468396926392969e-40,7.3468396926392969e-40
state,130,2.5186336910591452e-24,2.5186336910591449e-24,3.6734198463196485e-40,3.6734198463196485e-40
state,131,8.5917716559323251e-25,8.5917716559323269e-25,1.8367099231598242e-40,1.8367099231598242e-40
state,132,1002.2696253560504,1002.2696253560504,0,0
state,133,3.073613236720367e-26,3.0736132367203658e-26,1.1479437019748901e-41,1.1479437019748901e-41
state,134,8.4640561771928257e-26,8.4640561771928211e-26,4.5917748078995606e-41,4.5917748078995606e-41
state,135,3.0189503379992069e-26,3.0189503379992069e-26,0,0
state,136,8.3552975156968713e-26,8.355297515696861e-26,1.0331493317774011e-40,1.0331493317774011e-40
state,137,2.9704918404655043e-26,2.9704918404655025e-26,1.7219155529623352e-41,1.7219155529623352e-41
state,138,1002.2696253560504,1002.2696253560504,0,0
state,139,1.0028152291892589e-27,1.002815229189258e-27,8.9683101716788293e-43,8.9683101716788293e-43
state,140,2.6602619249942819e-27,2.6602619249942783e-27,3.5873240686715317e-42,3.5873240686715317e-42
state,141,9.8589289362882296e-28,9.8589289362882188e-28,1.0761972206014595e-42,1.0761972206014595e-42
state,142,2.6279277776894749e-27,2.6279277776894706e-27,4.304788882405838e-42,4.304788882405838e-42
state,143,9.7088871800276169e-28,9.7088871800276026e-28,1.4349296274686127e-42,1.4349296274686127e-42
state,144,1002.2696253560504,1002.2696253560504,0,0
state,145,3.1032964359852059e-29,3.1032964359852132e-29,7.2867520144890488e-44,7.2867520144890488e-44
state,146,7.9507654302308156e-29,7.9507654302308324e-29,1.6815581571897805e-43,1.6815581571897805e-43
state,147,3.0534709596265655e-29,3.0534709596265745e-29,8.9683101716788293e-44,8.9683101716788293e-44
state,148,7.859128665354908e-29,7.8591286653549237e-29,1.5694542800437951e-43,1.5694542800437951e-43
state,149,3.0092878973009948e-29,3.009287897301001e-29,6.1657132430291951e-44,6.1657132430291951e-44
state,150,1002.2696253560504,1002.2696253560504,0,0
state,151,9.1336962536619883e-31,9.1336962536620023e-31,1.4012984643248171e-45,1.4012984643248171e-45
state,152,2.2653387240053945e-30,2.2653387240053969e-30,2.4522723125684299e-45,2.4522723125684299e-45
state,153,8.9938070598850077e-31,8.9938070598850252e-31,1.7516230804060213e-45,1.7516230804060213e-45
state,154,2.2405219019090016e-30,2.2405219019090041e-30,2.4522723125684299e-45,2.4522723125684299e-45
state,155,8.8697498041479614e-31,8.8697498041479719e-31,1.0509738482436128e-45,1.0509738482436128e-45
state,156,1002.2696253560504,1002.2696253560504,0,0
state,157,2.5630349245033503e-32,2.5630349245033514e-32,1.0947644252537633e-47,1.0947644252537633e-47
state,158,6.1670444113519475e-32,6.1670444113519497e-32,2.1895288505075267e-47,2.1895288505075267e-47
state,159,2.5254992954834522e-32,2.5254992954834544e-32,2.1895288505075267e-47,2.1895288505075267e-47
state,160,6.1026836056412e-32,6.1026836056412011e-32,1.0947644252537633e-47,1.0947644252537633e-47
state,161,2.4922104114031513e-32,2.4922104114031519e-32,5.4738221262688167e-48,5.4738221262688167e-48
state,162,1002.2696253560504,1002.2696253560504,0,0
state,163,6.8723661160012955e-34,6.8723661160012921e-34,3.4211388289180104e-49,3.4211388289180104e-49
state,164,1.6073919943683524e-33,1.6073919943683517e-33,6.8422776578360209e-49,6.8422776578360209e-49
state,165,6.775914741358497e-34,6.775914741358497e-34,0,0
state,166,1.5913771285145479e-33,1.5913771285145469e-33,1.0263416486754031e-48,1.0263416486754031e-48
state,167,6.6903750316250906e-34,6.6903750316250863e-34,4.276423536147513e-49,4.276423536147513e-49
state,168,1002.2696253560504,1002.2696253560504,0,0
state,169,1.7643028328986812e-35,1.7643028328986791e-35,2.1382117680737565e-50,2.1382117680737565e-50
state,170,4.0185197840691173e-35,4.0185197840691125e-35,4.8109764781659522e-50,4.8109764781659522e-50
state,171,1.740525156660282e-35,1.740525156660281e-35,1.0691058840368783e-50,1.0691058840368783e-50
state,172,3.9802201627569763e-35,3.9802201627569699e-35,6.4146353042212696e-50,6.4146353042212696e-50
state,173,1.7194378601732531e-35,1.719437860173251e-35,2.1382117680737565e-50,2.1382117680737565e-50
state,174,1002.2696253560504,1002.2696253560504,0,0
state,175,4.3446150541246374e-37,4.3446150541246483e-37,1.0858106634749545e-51,1.0858106634749545e-51
state,176,9.6524889942488622e-37,9.6524889942488872e-37,2.5057169157114334e-51,2.5057169157114334e-51
state,177,4.2882843251146948e-37,4.2882843251147065e-37,1.1693345606653356e-51,1.1693345606653356e-51
state,178,9.5643217303517924e-37,9.5643217303518091e-37,1.6704779438076223e-51,1.6704779438076223e-51
state,179,4.2383293089798509e-37,4.2383293089798618e-37,1.0858106634749545e-51,1.0858106634749545e-51
state,180,1002.2696253560504,1002.2696253560504,0,0
state,181,1.0279502998379476e-38,1.0279502998379492e-38,1.5660730723196459e-53,1.5660730723196459e-53
state,182,2.2310598781709387e-38,2.2310598781709429e-38,4.1761948595190557e-53,4.1761948595190557e-53
state,183,1.015106482154003e-38,1.0151064821540051e-38,2.0880974297595278e-53,2.0880974297595278e-53
state,184,2.2114950887392718e-38,2.2114950887392747e-38,2.8711339659193508e-53,2.8711339659193508e-53
state,185,1.0037170599867894e-38,1.0037170599867912e-38,1.8270852510395869e-53,1.8270852510395869e-53
state,186,1002.2696253560504,1002.2696253560504,0,0
state,187,2.3405075762049069e-40,2.3405075762049085e-40,1.6313261169996311e-55,1.6313261169996311e-55
state,188,4.9693552946667943e-40,4.9693552946668001e-40,5.709641409498709e-55,5.709641409498709e-55
state,189,2.3122833830140165e-40,2.3122833830140194e-40,2.8548207047493545e-55,2.8548207047493545e-55
state,190,4.9274507698781225e-40,4.9274507698781241e-40,1.6313261169996311e-55,1.6313261169996311e-55
state,191,2.2872571328956936e-40,2.287257132895696e-40,2.4469891754994467e-55,2.4469891754994467e-55
state,192,1002.2696253560504,1002.2696253560504,0,0
state,193,5.1355781765210053e-42,5.135578176521004e-42,1.2744735289059618e-57,1.2744735289059618e-57
state,194,1.0680183541510112e-41,1.0680183541510112e-41,0,0
state,195,5.0757248268270985e-42,5.0757248268271011e-42,2.5489470578119236e-57,2.5489470578119236e-57
state,196,1.0593450525916712e-41,1.059345052591671e-41,1.2744735289059618e-57,1.2744735289059618e-57
state,197,5.0226579754826247e-42,5.0226579754826253e-42,6.3723676445298091e-58,6.3723676445298091e-58
state,198,1002.2696253560504,1002.2696253560504,0,0
state,199,1.0874003997628906e-43,1.0874003997628892e-43,1.3939554222408957e-58,1.3939554222408957e-58
state,200,2.217583914993421e-43,2.2175839149934194e-43,1.5930919111324523e-58,1.5930919111324523e-58
state,201,1.0751368440208e-43,1.0751368440207994e-43,5.974094666746696e-59,5.974094666746696e-59
state,202,2.2002167809183681e-43,2.2002167809183665e-43,1.5930919111324523e-58,1.5930919111324523e-58
state,203,1.0642649123618012e-43,1.0642649123618002e-43,9.9568244445778267e-59,9.9568244445778267e-59
state,204,1002.2696253560504,1002.2696253560504,0,0
state,205,2.2245892926794326e-45,2.2245892926794283e-45,4.3561106945027992e-60,4.3561106945027992e-60
state,206,4.4534964087214297e-45,4.4534964087214228e-45,6.8453168056472559e-60,6.8453168056472559e-60
state,207,2.2002844930161419e-45,2.2002844930161391e-45,2.8003568750375138e-60,2.8003568750375138e-60
state,208,4.4198187731657188e-45,4.4198187731657114e-45,7.46761833343337e-60,7.46761833343337e-60
state,209,2.1787401436930769e-45,2.1787401436930729e-45,4.0449599306097421e-60,4.0449599306097421e-60
state,210,1002.2696253560504,1002.2696253560504,0,0
state,211,4.4022386107903286e-47,4.402238610790318e-47,1.0695807508823837e-61,1.0695807508823837e-61
state,212,8.6597757855105956e-47,8.6597757855105752e-47,2.0419268880481871e-61,2.0419268880481871e-61
state,213,4.3555972812789247e-47,4.3555972812789155e-47,9.2372883030751322e-62,9.2372883030751322e-62
state,214,8.5964697375019942e-47,8.5964697375019737e-47,2.0419268880481871e-61,2.0419268880481871e-61
state,215,4.3142583244758514e-47,4.3142583244758393e-47,1.2154326714572542e-61,1.2154326714572542e-61
state,216,1002.2696253560504,1002.2696253560504,0,0
state,217,8.4358932747968015e-49,8.4358932747968106e-49,9.1157450359294068e-64,9.1157450359294068e-64
state,218,1.6320457601394343e-48,1.6320457601394367e-48,2.4308653429145085e-63,2.4308653429145085e-63
state,219,8.3491410564621004e-49,8.349141056462114e-49,1.367361755389411e-63,1.367361755389411e-63
state,220,1.6204997094195265e-48,1.6204997094195289e-48,2.4308653429145085e-63,2.4308653429145085e-63
state,221,8.2722610888752432e-49,8.2722610888752524e-49,9.1157450359294068e-64,9.1157450359294068e-64
state,222,1002.2696253560504,1002.2696253560504,0,0
state,223,1.5669779446340939e-50,1.5669779446340946e-50,7.1216758093198491e-66,7.1216758093198491e-66
state,224,2.9839207348632093e-50,2.9839207348632103e-50,9.4955677457597987e-66,9.4955677457597987e-66
state,225,1.5513240202891622e-50,1.5513240202891631e-50,9.4955677457597987e-66,9.4955677457597987e-66
state,226,2.9634714804917851e-50,2.963471480491787e-50,1.8991135491519597e-65,1.8991135491519597e-65
state,227,1.5374533627605811e-50,1.5374533627605811e-50,0,0
state,228,1002.2696253560504,1002.2696253560504,0,0
state,229,2.8241145355623609e-52,2.8241145355623728e-52,1.1869459682199748e-66,1.1869459682199748e-66
state,230,5.2973222382642161e-52,5.2973222382642369e-52,2.077155444384956e-66,2.077155444384956e-66
state,231,2.7966875605578351e-52,2.7966875605578466e-52,1.1498539067131006e-66,1.1498539067131006e-66
state,232,5.2621234911312391e-52,5.2621234911312614e-52,2.2255236904124528e-66,2.2255236904124528e-66
state,233,2.7723884416189171e-52,2.7723884416189264e-52,9.2730153767185535e-67,9.2730153767185535e-67
state,234,1002.2696253560504,1002.2696253560504,0,0
state,235,4.9428530470919749e-54,4.9428530470919917e-54,1.6807340370302378e-68,1.6807340370302378e-68
state,236,9.1390768071101315e-54,9.1390768071101616e-54,3.0137299974335299e-68,3.0137299974335299e-68
state,237,4.8961545909889163e-54,4.8961545909889331e-54,1.6807340370302378e-68,1.6807340370302378e-68
state,238,9.0801499428691096e-54,9.0801499428691409e-54,3.1296426896425118e-68,3.1296426896425118e-68
state,239,4.8547877995615895e-54,4.8547877995616011e-54,1.1591269220898192e-68,1.1591269220898192e-68
state,240,1002.2696253560504,1002.2696253560504,0,0
state,241,8.4084219840590826e-56,8.4084219840591061e-56,2.3544765604949452e-70,2.3544765604949452e-70
state,242,1.53344181073334e-55,1.5334418107333434e-55,3.4411580499541507e-70,3.4411580499541507e-70
state,243,8.3310942136608372e-56,8.3310942136608607e-56,2.3544765604949452e-70,2.3544765604949452e-70
state,244,1.5238400937950726e-55,1.5238400937950764e-55,3.8033852131072192e-70,3.8033852131072192e-70
state,245,8.2626053958198572e-56,8.2626053958198681e-56,1.0866814894592055e-70,1.0866814894592055e-70
state,246,1002.2696253560504,1002.2696253560504,0,0
state,247,1.3913520712086388e-57,1.3913520712086413e-57,2.5469097409200129e-72,2.5469097409200129e-72
state,248,2.5042324877779165e-57,2.5042324877779199e-57,3.3958796545600171e-72,3.3958796545600171e-72
state,249,1.3788897983508669e-57,1.3788897983508692e-57,2.2639197697066781e-72,2.2639197697066781e-72
state,250,2.4889943909471874e-57,2.4889943909471919e-57,4.5278395394133562e-72,4.5278395394133562e-72
state,251,1.3678537217905393e-57,1.3678537217905395e-57,2.8298997121333476e-73,2.8298997121333476e-73
state,252,1002.2696253560504,1002.2696253560504,0,0
state,253,2.241146118766568e-59,2.2411461187665706e-59,2.6530309801250134e-74,2.6530309801250134e-74
state,254,3.983182678193254e-59,3.9831826781932558e-59,1.7686873200833423e-74,1.7686873200833423e-74
state,255,2.2215850929400721e-59,2.2215850929400738e-59,1.7686873200833423e-74,1.7686873200833423e-74
state,256,3.959613705169017e-59,3.959613705169021e-59,3.9795464701875201e-74,3.9795464701875201e-74
state,257,2.204265370099301e-59,2.2042653700992997e-59,1.3265154900625067e-74,1.3265154900625067e-74
state,258,1002.2696253560504,1002.2696253560504,0,0
state,259,3.5165819309838819e-61,3.5165819309838833e-61,1.3817869688151111e-76,1.3817869688151111e-76
state,260,6.1748113769972232e-61,6.1748113769972232e-61,0,0
state,261,3.4866588064264718e-61,3.4866588064264718e-61,0,0
state,262,6.1392608011152463e-61,6.1392608011152491e-61,2.7635739376302223e-76,2.7635739376302223e-76
state,263,3.4601685062882848e-61,3.4601685062882807e-61,4.1453609064453334e-76,4.1453609064453334e-76
state,264,1002.2696253560504,1002.2696253560504,0,0
state,265,5.3787194092037412e-63,5.3787194092037391e-63,2.1590421387736112e-78,2.1590421387736112e-78
state,266,9.3353295419545856e-63,9.335329541954578e-63,7.556647485707639e-78,7.556647485707639e-78
state,267,5.3340801334463576e-63,5.3340801334463523e-63,5.3976053469340279e-78,5.3976053469340279e-78
state,268,9.2830052079625947e-63,9.2830052079625871e-63,7.556647485707639e-78,7.556647485707639e-78
state,269,5.2945683514702011e-63,5.2945683514701914e-63,9.7156896244812502e-78,9.7156896244812502e-78
state,270,1002.2696253560504,1002.2696253560504,0,0
state,271,8.024523864561074e-65,8.0245238645610639e-65,1.0120510025501302e-79,1.0120510025501302e-79
state,272,1.3772369504331507e-64,1.3772369504331484e-64,2.3614523392836372e-79,2.3614523392836372e-79
state,273,7.9595434122793199e-65,7.9595434122793047e-65,1.5180765038251953e-79,1.5180765038251953e-79
state,274,1.3697180408709215e-64,1.3697180408709188e-64,2.6988026734670139e-79,2.6988026734670139e-79
state,275,7.902036402663778e-65,7.9020364026637561e-65,2.1927771721919488e-79,2.1927771721919488e-79
state,276,1002.2696253560504,1002.2696253560504,0,0
state,277,1.1684284994951106e-66,1.1684284994951078e-66,2.7673269600980123e-81,2.7673269600980123e-81
state,278,1.9838471967490359e-66,1.9838471967490309e-66,5.0075440230344985e-81,5.0075440230344985e-81
state,279,1.159193185876861e-66,1.1591931858768583e-66,2.6355494858076308e-81,2.6355494858076308e-81
state,280,1.9732928384971823e-66,1.9732928384971765e-66,5.7982088687767878e-81,5.7982088687767878e-81
state,281,1.1510213914252594e-66,1.1510213914252554e-66,4.0851017030018277e-81,4.0851017030018277e-81
state,282,1002.2696253560504,1002.2696253560504,0,0
state,283,1.6614004867056892e-68,1.6614004867056839e-68,5.3534598930467501e-83,5.3534598930467501e-83
state,284,2.7916667316750958e-68,2.7916667316750863e-68,9.4715059646211732e-83,9.4715059646211732e-83
state,285,1.6485783602006874e-68,1.6485783602006823e-68,5.1475575894680289e-83,5.1475575894680289e-83
state,286,2.7771871570629592e-68,2.7771871570629493e-68,9.8833105717786155e-83,9.8833105717786155e-83
state,287,1.6372347099152821e-68,1.6372347099152751e-68,7.0006783216765193e-83,7.0006783216765193e-83
state,288,1002.2696253560504,1002.2696253560504,0,0
state,289,2.3081827165387458e-70,2.3081827165387568e-70,1.0938559877619561e-84,1.0938559877619561e-84
state,290,3.8397111223603027e-70,3.8397111223603194e-70,1.6729562165771094e-84,1.6729562165771094e-84
state,291,2.2907833647194775e-70,2.2907833647194891e-70,1.1582004576303065e-84,1.1582004576303065e-84
state,292,3.8202871501559561e-70,3.8202871501559741e-70,1.8016451563138101e-84,1.8016451563138101e-84
state,293,2.2753928844259607e-70,2.2753928844259691e-70,8.364781082885547e-85,8.364781082885547e-85
state,294,1002.2696253560504,1002.2696253560504,0,0
state,295,3.1348182090873351e-72,3.1348182090873477e-72,1.256727927116218e-86,1.256727927116218e-86
state,296,5.1644761546959615e-72,5.1644761546959796e-72,1.8096882150473539e-86,1.8096882150473539e-86
state,297,3.1117302571307271e-72,3.1117302571307396e-72,1.256727927116218e-86,1.256727927116218e-86
state,298,5.138985528012033e-72,5.1389855280120531e-72,2.0107646833859488e-86,2.0107646833859488e-86
state,299,3.0913114543514007e-72,3.0913114543514092e-72,8.5457499043902824e-87,8.5457499043902824e-87
state,300,1002.2696253560504,1002.2696253560504,0,0
state,301,4.1640182049717234e-74,4.1640182049717352e-74,1.1781824316714544e-88,1.1781824316714544e-88
state,302,6.7959444120161671e-74,6.7959444120161828e-74,1.5709099088952725e-88,1.5709099088952725e-88
state,303,4.134045769987917e-74,4.1340457699879296e-74,1.256727927116218e-88,1.256727927116218e-88
state,304,6.7632045869314869e-74,6.7632045869315096e-74,2.2778193678981451e-88,2.2778193678981451e-88
state,305,4.1075429456413006e-74,4.1075429456413076e-74,7.0690945900287262e-89,7.0690945900287262e-89
state,306,0,0,0,0
state,307,0.016358631912113647,0.016358631912113647,0,0
state,308,0.0096206294747631111,0.0096206294747631111,0,0
state,309,0.017635201700641541,0.017635201700641541,0,0
state,310,0.010469022101950212,0.010469022101950212,0,0
state,311,0.018902856272289329,0.018902856272289329,0,0
state,312,0,0,0,0
state,313,0.011543199333789909,0.011543199333789906,3.4694469519536142e-18,3.4694469519536142e-18
state,314,0.0081567020304819556,0.0081567020304819556,0,0
state,315,0.012240183499042418,0.012240183499042417,1.7347234759768071e-18,1.7347234759768071e-18
state,316,0.0087287038190851617,0.0087287038190851617,0,0
state,317,0.012870024624717981,0.012870024624717981,0,0
state,318,0,0,0,0
state,319,0.0017507754599912864,0.0017507754599912849,1.5178830414797062e-18,1.5178830414797062e-18
state,320,0.002133057850395784,0.0021330578503957831,8.6736173798840355e-19,8.6736173798840355e-19
state,321,0.0016317455716033022,0.0016317455716033005,1.7347234759768071e-18,1.7347234759768071e-18
state,322,0.0020667964514450663,0.0020667964514450654,8.6736173798840355e-19,8.6736173798840355e-19
state,323,0.0015220887084184504,0.0015220887084184498,6.5052130349130266e-19,6.5052130349130266e-19
state,324,0,0,0,0
state,325,4.7694149720579672e-05,4.7694149720579638e-05,3.3881317890172014e-20,3.3881317890172014e-20
state,326,9.7190983262633541e-05,9.7190983262633514e-05,2.7105054312137611e-20,2.7105054312137611e-20
state,327,4.3375710226541116e-05,4.3375710226541116e-05,0,0
state,328,9.046545304750249e-05,9.0465453047502463e-05,2.7105054312137611e-20,2.7105054312137611e-20
state,329,3.9713369016729585e-05,3.9713369016729524e-05,6.0986372202309624e-20,6.0986372202309624e-20
state,330,0,0,0,0
state,331,1.1051852211203777e-06,1.1051852211203777e-06,0,0
state,332,3.2342732231976848e-06,3.234273223197681e-06,3.8116482626443515e-21,3.8116482626443515e-21
state,333,1.0073864303078844e-06,1.0073864303078833e-06,1.0587911840678754e-21,1.0587911840678754e-21
state,334,3.0148954473095849e-06,3.0148954473095849e-06,0,0
state,335,9.2443142048845567e-07,9.2443142048845419e-07,1.4823076576950256e-21,1.4823076576950256e-21
state,336,0,0,0,0
state,337,2.5429545248954955e-08,2.5429545248954922e-08,3.3087224502121107e-23,3.3087224502121107e-23
state,338,1.0545808712391502e-07,1.0545808712391502e-07,0,0
state,339,2.3248218963828263e-08,2.3248218963828263e-08,0,0
state,340,9.8648015304947716e-08,9.8648015304947716e-08,0,0
state,341,2.1393803168555404e-08,2.139380316855539e-08,1.3234889800848443e-23,1.3234889800848443e-23
state,342,0,0,0,0
state,343,5.8310413023028106e-10,5.8310413023028085e-10,2.0679515313825692e-25,2.0679515313825692e-25
state,344,3.4092044368048806e-09,3.4092044368048806e-09,0,0
state,345,5.3465342960848899e-10,5.3465342960848899e-10,0,0
state,346,3.2001719518695915e-09,3.2001719518695902e-09,1.2407709188295415e-24,1.2407709188295415e-24
state,347,4.9337022148613902e-10,4.9337022148613892e-10,1.0339757656912846e-25,1.0339757656912846e-25
state,348,0,0,0,0
state,349,1.251269198872352e-11,1.2512691988723498e-11,2.261821987449685e-26,2.261821987449685e-26
state,350,1.0130971676416792e-10,1.0130971676416782e-10,1.0339757656912846e-25,1.0339757656912846e-25
state,351,1.1492942791112096e-11,1.1492942791112081e-11,1.454028420503369e-26,1.454028420503369e-26
state,352,9.536595849402466e-11,9.5365958494024608e-11,5.169878828456423e-26,5.169878828456423e-26
state,353,1.0622488463544509e-11,1.0622488463544498e-11,1.1309109937248425e-26,1.1309109937248425e-26
state,354,0,0,0,0
state,355,0,0,0,0
state,356,0,0,0,0
state,357,0,0,0,0
state,358,0,0,0,0
state,359,0,0,0,0
state,360,0,0,0,0
state,361,0,0,0,0
state,362,0,0,0,0
state,363,0,0,0,0
state,364,0,0,0,0
state,365,0,0,0,0
state,366,0,0,0,0
state,367,0,0,0,0
state,368,0,0,0,0
state,369,0,0,0,0
state,370,0,0,0,0
state,371,0,0,0,0
state,372,0,0,0,0
state,373,0,0,0,0
state,374,0,0,0,0
state,375,0,0,0,0
state,376,0,0,0,0
state,377,0,0,0,0
state,378,0,0,0,0
state,379,0,0,0,0
state,380,0,0,0,0
state,381,0,0,0,0
state,382,0,0,0,0
state,383,0,0,0,0
state,384,0,0,0,0
state,385,0,0,0,0
state,386,0,0,0,0
state,387,0,0,0,0
state,388,0,0,0,0
state,389,0,0,0,0
state,390,0,0,0,0
state,391,0,0,0,0
state,392,0,0,0,0
state,393,0,0,0,0
state,394,0,0,0,0
state,395,0,0,0,0
state,396,0,0,0,0
state,397,0,0,0,0
state,398,0,0,0,0
state,399,0,0,0,0
state,400,0,0,0,0
state,401,0,0,0,0
state,402,0,0,0,0
state,403,0,0,0,0
state,404,0,0,0,0
state,405,0,0,0,0
state,406,0,0,0,0
state,407,0,0,0,0
state,408,0,0,0,0
state,409,0,0,0,0
state,410,0,0,0,0
state,411,0,0,0,0
state,412,0,0,0,0
state,413,0,0,0,0
state,414,0,0,0,0
state,415,0,0,0,0
state,416,0,0,0,0
state,417,0,0,0,0
state,418,0,0,0,0
state,419,0,0,0,0
state,420,0,0,0,0
state,421,0,0,0,0
state,422,0,0,0,0
state,423,0,0,0,0
state,424,0,0,0,0
state,425,0,0,0,0
state,426,0,0,0,0
state,427,0,0,0,0
state,428,0,0,0,0
state,429,0,0,0,0
state,430,0,0,0,0
state,431,0,0,0,0
state,432,0,0,0,0
state,433,0,0,0,0
state,434,0,0,0,0
state,435,0,0,0,0
state,436,0,0,0,0
state,437,0,0,0,0
state,438,0,0,0,0
state,439,0,0,0,0
state,440,0,0,0,0
state,441,0,0,0,0
state,442,0,0,0,0
state,443,0,0,0,0
state,444,0,0,0,0
state,445,0,0,0,0
state,446,0,0,0,0
state,447,0,0,0,0
state,448,0,0,0,0
state,449,0,0,0,0
state,450,0,0,0,0
state,451,0,0,0,0
state,452,0,0,0,0
state,453,0,0,0,0
state,454,0,0,0,0
state,455,0,0,0,0
state,456,0,0,0,0
state,457,0,0,0,0
state,458,0,0,0,0
state,459,0,0,0,0
state,460,0,0,0,0
state,461,0,0,0,0
state,462,0,0,0,0
state,463,0,0,0,0
state,464,0,0,0,0
state,465,0,0,0,0
state,466,0,0,0,0
state,467,0,0,0,0
state,468,0,0,0,0
state,469,0,0,0,0
state,470,0,0,0,0
state,471,0,0,0,0
state,472,0,0,0,0
state,473,0,0,0,0
state,474,0,0,0,0
state,475,0,0,0,0
state,476,0,0,0,0
state,477,0,0,0,0
state,478,0,0,0,0
state,479,0,0,0,0
state,480,0,0,0,0
state,481,0,0,0,0
state,482,0,0,0,0
state,483,0,0,0,0
state,484,0,0,0,0
state,485,0,0,0,0
state,486,0,0,0,0
state,487,0,0,0,0
state,488,0,0,0,0
state,489,0,0,0,0
state,490,0,0,0,0
state,491,0,0,0,0
state,492,0,0,0,0
state,493,0,0,0,0
state,494,0,0,0,0
state,495,0,0,0,0
state,496,0,0,0,0
state,497,0,0,0,0
state,498,0,0,0,0
state,499,0,0,0,0
state,500,0,0,0,0
state,501,0,0,0,0
state,502,0,0,0,0
state,503,0,0,0,0
state,504,0,0,0,0
state,505,0,0,0,0
state,506,0,0,0,0
state,507,0,0,0,0
state,508,0,0,0,0
state,509,0,0,0,0
state,510,0,0,0,0
state,511,0,0,0,0
state,512,0,0,0,0
state,513,0,0,0,0
state,514,0,0,0,0
state,515,0,0,0,0
state,516,0,0,0,0
state,517,0,0,0,0
state,518,0,0,0,0
state,519,0,0,0,0
state,520,0,0,0,0
state,521,0,0,0,0
state,522,0,0,0,0
state,523,0,0,0,0
state,524,0,0,0,0
state,525,0,0,0,0
state,526,0,0,0,0
state,527,0,0,0,0
state,528,0,0,0,0
state,529,0,0,0,0
state,530,0,0,0,0
state,531,0,0,0,0
state,532,0,0,0,0
state,533,0,0,0,0
state,534,0,0,0,0
state,535,0,0,0,0
state,536,0,0,0,0
state,537,0,0,0,0
state,538,0,0,0,0
state,539,0,0,0,0
state,540,0,0,0,0
state,541,0,0,0,0
state,542,0,0,0,0
state,543,0,0,0,0
state,544,0,0,0,0
state,545,0,0,0,0
state,546,0,0,0,0
state,547,0,0,0,0
state,548,0,0,0,0
state,549,0,0,0,0
state,550,0,0,0,0
state,551,0,0,0,0
state,552,0,0,0,0
state,553,0,0,0,0
state,554,0,0,0,0
state,555,0,0,0,0
state,556,0,0,0,0
state,557,0,0,0,0
state,558,0,0,0,0
state,559,0,0,0,0
state,560,0,0,0,0
state,561,0,0,0,0
state,562,0,0,0,0
state,563,0,0,0,0
state,564,0,0,0,0
state,565,0,0,0,0
state,566,0,0,0,0
state,567,0,0,0,0
state,568,0,0,0,0
state,569,0,0,0,0
state,570,0,0,0,0
state,571,0,0,0,0
state,572,0,0,0,0
state,573,0,0,0,0
state,574,0,0,0,0
state,575,0,0,0,0
state,576,0,0,0,0
state,577,0,0,0,0
state,578,0,0,0,0
state,579,0,0,0,0
state,580,0,0,0,0
state,581,0,0,0,0
state,582,0,0,0,0
state,583,0,0,0,0
state,584,0,0,0,0
state,585,0,0,0,0
state,586,0,0,0,0
state,587,0,0,0,0
state,588,0,0,0,0
state,589,0,0,0,0
state,590,0,0,0,0
state,591,0,0,0,0
state,592,0,0,0,0
state,593,0,0,0,0
state,594,0,0,0,0
state,595,0,0,0,0
state,596,0,0,0,0
state,597,0,0,0,0
state,598,0,0,0,0
state,599,0,0,0,0
state,600,0,0,0,0
state,601,0,0,0,0
state,602,0,0,0,0
state,603,0,0,0,0
state,604,0,0,0,0
state,605,0,0,0,0
state,606,0,0,0,0
state,607,0,0,0,0
state,608,0,0,0,0
state,609,0,0,0,0
state,610,0,0,0,0
state,611,0,0,0,0
state,612,0,0,0,0
state,613,2.2641412026122278e-05,2.2641412026122278e-05,0,0
state,614,2.7816845679060101e-05,2.7816845679060101e-05,0,0
state,615,3.3564161514188416e-05,3.3564161514188416e-05,0,0
state,616,3.9886916574816497e-05,3.9886916574816497e-05,0,0
state,617,4.6787887002782982e-05,4.6787887002782982e-05,0,0
state,618,0,0,0,0
state,619,1.0728778828549674e-11,1.0728778828549666e-11,8.0779356694631609e-27,8.0779356694631609e-27
state,620,2.2673753474218748e-11,2.2673753474218757e-11,9.6935228033557931e-27,9.6935228033557931e-27
state,621,1.5030177156759583e-11,1.5030177156759577e-11,6.4623485355705287e-27,6.4623485355705287e-27
state,622,3.2001505642772801e-11,3.2001505642772808e-11,6.4623485355705287e-27,6.4623485355705287e-27
state,623,1.9755073017917689e-11,1.9755073017917676e-11,1.2924697071141057e-26,1.2924697071141057e-26
state,624,0,0,0,0
state,625,1.035022412499976e-14,1.0350224124999754e-14,6.3108872417680944e-30,6.3108872417680944e-30
state,626,6.1422105623586857e-14,6.1422105623586819e-14,3.7865323450608567e-29,3.7865323450608567e-29
state,627,1.4155682347452157e-14,1.4155682347452147e-14,9.4663308626521417e-30,9.4663308626521417e-30
state,628,8.4348306455856278e-14,8.4348306455856228e-14,5.0487097934144756e-29,5.0487097934144756e-29
state,629,1.82560705336573e-14,1.8256070533657287e-14,1.2621774483536189e-29,1.2621774483536189e-29
state,630,0,0,0,0
state,631,5.5174651537263333e-18,5.5174651537263256e-18,7.7037197775489434e-33,7.7037197775489434e-33
state,632,6.775922315847638e-17,6.775922315847638e-17,0,0
state,633,7.5827386972644093e-18,7.5827386972644032e-18,6.1629758220391547e-33,6.1629758220391547e-33
state,634,9.3513412092919193e-17,9.3513412092919181e-17,1.2325951644078309e-32,1.2325951644078309e-32
state,635,9.825376790376419e-18,9.8253767903764082e-18,1.0785207688568521e-32,1.0785207688568521e-32
state,636,0,0,0,0
state,637,2.8661788786121287e-21,2.8661788786121264e-21,2.256949153578792e-36,2.256949153578792e-36
state,638,7.0312798997088315e-20,7.0312798997088195e-20,1.2037062152420224e-34,1.2037062152420224e-34
state,639,3.9615090507045533e-21,3.9615090507045472e-21,6.018531076210112e-36,6.018531076210112e-36
state,640,9.7701572467638078e-20,9.7701572467637994e-20,8.4259435066941569e-35,8.4259435066941569e-35
state,641,5.1608038272563663e-21,5.1608038272563573e-21,9.0277966143151681e-36,9.0277966143151681e-36
state,642,0,0,0,0
state,643,1.4771461561611394e-24,1.4771461561611392e-24,1.8367099231598242e-40,1.8367099231598242e-40
state,644,7.160451393497122e-23,7.1604513934971161e-23,5.8774717541114375e-38,5.8774717541114375e-38
state,645,2.0532492178291508e-24,2.0532492178291501e-24,7.3468396926392969e-40,7.3468396926392969e-40
state,646,1.0017178440236552e-22,1.0017178440236547e-22,4.70197740328915e-38,4.70197740328915e-38
state,647,2.6891827371336032e-24,2.6891827371335981e-24,5.1427877848475078e-39,5.1427877848475078e-39
state,648,0,0,0,0
state,649,7.7514639584372858e-28,7.7514639584372733e-28,1.2555634240350361e-42,1.2555634240350361e-42
state,650,7.2018380141173066e-26,7.2018380141173089e-26,2.2958874039497803e-41,2.2958874039497803e-41
state,651,1.0852161005461075e-27,1.0852161005461075e-27,0,0
state,652,1.0145122536665597e-25,1.0145122536665595e-25,2.2958874039497803e-41,2.2958874039497803e-41
state,653,1.4310556430565075e-27,1.4310556430565068e-27,7.1746481373430634e-43,7.1746481373430634e-43
state,654,0,0,0,0
state,655,1.2804563375687716e-30,1.2804563375687681e-30,3.5032461608120427e-45,3.5032461608120427e-45
state,656,1.5129302886349867e-28,1.5129302886349834e-28,3.363116314379561e-43,3.363116314379561e-43
state,657,1.8344224618804448e-30,1.834422461880442e-30,2.8025969286496341e-45,2.8025969286496341e-45
state,658,2.1653731615556959e-28,2.1653731615556927e-28,3.1389085600875902e-43,3.1389085600875902e-43
state,659,2.4722314225260855e-30,2.4722314225260809e-30,4.5542200090556555e-45,4.5542200090556555e-45
state,660,0,0,0,0
state,661,0,0,0,0
state,662,0,0,0,0
state,663,0,0,0,0
state,664,0,0,0,0
state,665,0,0,0,0
state,666,0,0,0,0
state,667,0,0,0,0
state,668,0,0,0,0
state,669,0,0,0,0
state,670,0,0,0,0
state,671,0,0,0,0
state,672,0,0,0,0
state,673,0,0,0,0
state,674,0,0,0,0
state,675,0,0,0,0
state,676,0,0,0,0
state,677,0,0,0,0
state,678,0,0,0,0
state,679,0,0,0,0
state,680,0,0,0,0
state,681,0,0,0,0
state,682,0,0,0,0
state,683,0,0,0,0
state,684,0,0,0,0
state,685,0,0,0,0
state,686,0,0,0,0
state,687,0,0,0,0
state,688,0,0,0,0
state,689,0,0,0,0
state,690,0,0,0,0
state,691,0,0,0,0
state,692,0,0,0,0
state,693,0,0,0,0
state,694,0,0,0,0
state,695,0,0,0,0
state,696,0,0,0,0
state,697,0,0,0,0
state,698,0,0,0,0
state,699,0,0,0,0
state,700,0,0,0,0
state,701,0,0,0,0
state,702,0,0,0,0
state,703,0,0,0,0
state,704,0,0,0,0
state,705,0,0,0,0
state,706,0,0,0,0
state,707,0,0,0,0
state,708,0,0,0,0
state,709,0,0,0,0
state,710,0,0,0,0
state,711,0,0,0,0
state,712,0,0,0,0
state,713,0,0,0,0
state,714,0,0,0,0
state,715,0,0,0,0
state,716,0,0,0,0
state,717,0,0,0,0
state,718,0,0,0,0
state,719,0,0,0,0
state,720,0,0,0,0
state,721,0,0,0,0
state,722,0,0,0,0
state,723,0,0,0,0
state,724,0,0,0,0
state,725,0,0,0,0
state,726,0,0,0,0
state,727,0,0,0,0
state,728,0,0,0,0
state,729,0,0,0,0
state,730,0,0,0,0
state,731,0,0,0,0
state,732,0,0,0,0
state,733,0,0,0,0
state,734,0,0,0,0
state,735,0,0,0,0
state,736,0,0,0,0
state,737,0,0,0,0
state,738,0,0,0,0
state,739,0,0,0,0
state,740,0,0,0,0
state,741,0,0,0,0
state,742,0,0,0,0
state,743,0,0,0,0
state,744,0,0,0,0
state,745,0,0,0,0
state,746,0,0,0,0
state,747,0,0,0,0
state,748,0,0,0,0
state,749,0,0,0,0
state,750,0,0,0,0
state,751,0,0,0,0
state,752,0,0,0,0
state,753,0,0,0,0
state,754,0,0,0,0
state,755,0,0,0,0
state,756,0,0,0,0
state,757,0,0,0,0
state,758,0,0,0,0
state,759,0,0,0,0
state,760,0,0,0,0
state,761,0,0,0,0
state,762,0,0,0,0
state,763,0,0,0,0
state,764,0,0,0,0
state,765,0,0,0,0
state,766,0,0,0,0
state,767,0,0,0,0
state,768,0,0,0,0
state,769,0,0,0,0
state,770,0,0,0,0
state,771,0,0,0,0
state,772,0,0,0,0
state,773,0,0,0,0
state,774,0,0,0,0
state,775,0,0,0,0
state,776,0,0,0,0
state,777,0,0,0,0
state,778,0,0,0,0
state,779,0,0,0,0
state,780,0,0,0,0
state,781,0,0,0,0
state,782,0,0,0,0
state,783,0,0,0,0
state,784,0,0,0,0
state,785,0,0,0,0
state,786,0,0,0,0
state,787,0,0,0,0
state,788,0,0,0,0
state,789,0,0,0,0
state,790,0,0,0,0
state,791,0,0,0,0
state,792,0,0,0,0
state,793,0,0,0,0
state,794,0,0,0,0
state,795,0,0,0,0
state,796,0,0,0,0
state,797,0,0,0,0
state,798,0,0,0,0
state,799,0,0,0,0
state,800,0,0,0,0
state,801,0,0,0,0
state,802,0,0,0,0
state,803,0,0,0,0
state,804,0,0,0,0
state,805,0,0,0,0
state,806,0,0,0,0
state,807,0,0,0,0
state,808,0,0,0,0
state,809,0,0,0,0
state,810,0,0,0,0
state,811,0,0,0,0
state,812,0,0,0,0
state,813,0,0,0,0
state,814,0,0,0,0
state,815,0,0,0,0
state,816,0,0,0,0
state,817,0,0,0,0
state,818,0,0,0,0
state,819,0,0,0,0
state,820,0,0,0,0
state,821,0,0,0,0
state,822,0,0,0,0
state,823,0,0,0,0
state,824,0,0,0,0
state,825,0,0,0,0
state,826,0,0,0,0
state,827,0,0,0,0
state,828,0,0,0,0
state,829,0,0,0,0
state,830,0,0,0,0
state,831,0,0,0,0
state,832,0,0,0,0
state,833,0,0,0,0
state,834,0,0,0,0
state,835,0,0,0,0
state,836,0,0,0,0
state,837,0,0,0,0
state,838,0,0,0,0
state,839,0,0,0,0
state,840,0,0,0,0
state,841,0,0,0,0
state,842,0,0,0,0
state,843,0,0,0,0
state,844,0,0,0,0
state,845,0,0,0,0
state,846,0,0,0,0
state,847,0,0,0,0
state,848,0,0,0,0
state,849,0,0,0,0
state,850,0,0,0,0
state,851,0,0,0,0
state,852,0,0,0,0
state,853,0,0,0,0
state,854,0,0,0,0
state,855,0,0,0,0
state,856,0,0,0,0
state,857,0,0,0,0
state,858,0,0,0,0
state,859,0,0,0,0
state,860,0,0,0,0
state,861,0,0,0,0
state,862,0,0,0,0
state,863,0,0,0,0
state,864,0,0,0,0
state,865,0,0,0,0
state,866,0,0,0,0
state,867,0,0,0,0
state,868,0,0,0,0
state,869,0,0,0,0
state,870,0,0,0,0
state,871,0,0,0,0
state,872,0,0,0,0
state,873,0,0,0,0
state,874,0,0,0,0
state,875,0,0,0,0
state,876,0,0,0,0
state,877,0,0,0,0
state,878,0,0,0,0
state,879,0,0,0,0
state,880,0,0,0,0
state,881,0,0,0,0
state,882,0,0,0,0
state,883,0,0,0,0
state,884,0,0,0,0
state,885,0,0,0,0
state,886,0,0,0,0
state,887,0,0,0,0
state,888,0,0,0,0
state,889,0,0,0,0
state,890,0,0,0,0
state,891,0,0,0,0
state,892,0,0,0,0
state,893,0,0,0,0
state,894,0,0,0,0
state,895,0,0,0,0
state,896,0,0,0,0
state,897,0,0,0,0
state,898,0,0,0,0
state,899,0,0,0,0
state,900,0,0,0,0
state,901,0,0,0,0
state,902,0,0,0,0
state,903,0,0,0,0
state,904,0,0,0,0
state,905,0,0,0,0
state,906,0,0,0,0
state,907,0,0,0,0
state,908,0,0,0,0
state,909,0,0,0,0
state,910,0,0,0,0
state,911,0,0,0,0
state,912,0,0,0,0
state,913,0,0,0,0
state,914,0,0,0,0
state,915,0,0,0,0
state,916,0,0,0,0
state,917,0,0,0,0
state,918,701.58873774923518,701.58873774923518,0,0
state,919,60.136171546727745,60.136171546727745,0,0
state,920,60.136170180773121,60.136170180773121,0,0
state,921,60.136168663770498,60.136168663770498,0,0
state,922,60.136166994746326,60.136166994746326,0,0
state,923,60.136165172929367,60.136165172929367,0,0
state,924,1002.2696253560504,1002.2696253560504,0,0
state,925,2.8936901373371526,2.8936901373371526,0,0
state,926,3.9701326447745315,3.9701326447745333,1.7763568394002505e-15,4.4743009827096879e-16
state,927,2.6750684103480618,2.6750684103480618,0,0
state,928,3.7930683544996273,3.7930683544996304,3.1086244689504383e-15,8.1955403341538733e-16
state,929,2.4771979740746244,2.4771979740746244,0,0
state,930,1002.2696253560504,1002.2696253560504,0,0
state,931,0.082003811145845734,0.082003811145845679,5.5511151231257827e-17,5.5511151231257827e-17
state,932,0.18325665447491968,0.18325665447491957,1.1102230246251565e-16,1.1102230246251565e-16
state,933,0.074127979956700757,0.074127979956700715,4.163336342344337e-17,4.163336342344337e-17
state,934,0.16950307133527928,0.16950307133527928,0,0
state,935,0.067477487182272561,0.067477487182272505,5.5511151231257827e-17,5.5511151231257827e-17
state,936,1002.2696253560504,1002.2696253560504,0,0
state,937,0.0019142180634757731,0.0019142180634757716,1.5178830414797062e-18,1.5178830414797062e-18
state,938,0.0061732832642742213,0.0061732832642742196,1.7347234759768071e-18,1.7347234759768071e-18
state,939,0.0017345606959557696,0.0017345606959557687,8.6736173798840355e-19,8.6736173798840355e-19
state,940,0.0057212832055135018,0.0057212832055135018,0,0
state,941,0.0015827787879945196,0.001582778787994519,6.5052130349130266e-19,6.5052130349130266e-19
state,942,1002.2696253560504,1002.2696253560504,0,0
state,943,4.4331781552308947e-05,4.433178155230892e-05,2.7105054312137611e-20,2.7105054312137611e-20
state,944,0.00020393126323896171,0.00020393126323896163,8.1315162936412833e-20,8.1315162936412833e-20
state,945,4.0296209504016486e-05,4.0296209504016473e-05,1.3552527156068805e-20,1.3552527156068805e-20
state,946,0.00018970701002361364,0.00018970701002361356,8.1315162936412833e-20,8.1315162936412833e-20
state,947,3.6878703537236181e-05,3.687870353723614e-05,4.0657581468206416e-20,4.0657581468206416e-20
state,948,1002.2696253560504,1002.2696253560504,0,0
state,949,1.0239739654330998e-06,1.0239739654330989e-06,8.4703294725430034e-22,8.4703294725430034e-22
state,950,6.6868162482941065e-06,6.6868162482941048e-06,1.6940658945086007e-21,1.6940658945086007e-21
state,951,9.3365891694729782e-07,9.3365891694729782e-07,0,0
state,952,6.2436766652681346e-06,6.2436766652681338e-06,8.4703294725430034e-22,8.4703294725430034e-22
state,953,8.5699277181896814e-07,8.5699277181896762e-07,5.2939559203393771e-22,5.2939559203393771e-22
state,954,1002.2696253560504,1002.2696253560504,0,0
state,955,2.3714958498600496e-08,2.3714958498600479e-08,1.6543612251060553e-23,1.6543612251060553e-23
state,956,2.1777903447497934e-07,2.1777903447497947e-07,1.3234889800848443e-22,1.3234889800848443e-22
state,957,2.169987113638296e-08,2.1699871136382946e-08,1.3234889800848443e-23,1.3234889800848443e-23
state,958,2.0410720837612758e-07,2.0410720837612758e-07,0,0
state,959,1.9985207107422085e-08,1.9985207107422081e-08,3.3087224502121107e-24,3.3087224502121107e-24
state,960,1002.2696253560504,1002.2696253560504,0,0
state,961,1.1660932427769121e-09,1.1660932427769105e-09,1.6543612251060553e-24,1.6543612251060553e-24
state,962,1.1458239562871462e-08,1.1458239562871452e-08,9.9261673506363321e-24,9.9261673506363321e-24
state,963,1.0901301073983699e-09,1.0901301073983688e-09,1.0339757656912846e-24,1.0339757656912846e-24
state,964,1.0864343023101443e-08,1.0864343023101436e-08,6.6174449004242214e-24,6.6174449004242214e-24
state,965,1.024822897078461e-09,1.0248228970784594e-09,1.6543612251060553e-24,1.6543612251060553e-24
state,966,1002.2696253560504,1002.2696253560504,0,0
state,967,2.4024991805731916e-10,2.40249918057319e-10,1.5509636485369269e-25,1.5509636485369269e-25
state,968,1.8209958427244299e-09,1.8209958427244299e-09,0,0
state,969,2.278177593995051e-10,2.2781775939950487e-10,2.3264454728053903e-25,2.3264454728053903e-25
state,970,1.7466791114870751e-09,1.7466791114870751e-09,0,0
state,971,2.1701495727942034e-10,2.1701495727942031e-10,2.5849394142282115e-26,2.5849394142282115e-26
state,972,1002.2696253560504,1002.2696253560504,0,0
state,973,3.4369083531624463e-11,3.4369083531624457e-11,6.4623485355705287e-27,6.4623485355705287e-27
state,974,2.1762562188610658e-10,2.1762562188610666e-10,7.7548182426846345e-26,7.7548182426846345e-26
state,975,3.2846939820677311e-11,3.2846939820677298e-11,1.2924697071141057e-26,1.2924697071141057e-26
state,976,2.1017423910054086e-10,2.1017423910054086e-10,0,0
state,977,3.1516347585898758e-11,3.1516347585898745e-11,1.2924697071141057e-26,1.2924697071141057e-26
state,978,1002.2696253560504,1002.2696253560504,0,0
state,979,3.7709387284426637e-12,3.7709387284426645e-12,8.0779356694631609e-28,8.0779356694631609e-28
state,980,2.0866617054806774e-11,2.0866617054806794e-11,1.9387045606711586e-26,1.9387045606711586e-26
state,981,3.6226382653161883e-12,3.6226382653161895e-12,1.2116903504194741e-27,1.2116903504194741e-27
state,982,2.024370874351609e-11,2.0243708743516109e-11,1.9387045606711586e-26,1.9387045606711586e-26
state,983,3.492517140207838e-12,3.4925171402078372e-12,8.0779356694631609e-28,8.0779356694631609e-28
state,984,1002.2696253560504,1002.2696253560504,0,0
state,985,3.3722418932392204e-13,3.3722418932392194e-13,1.0097419586828951e-28,1.0097419586828951e-28
state,986,1.6757373778708654e-12,1.6757373778708654e-12,0,0
state,987,3.2521579446477073e-13,3.2521579446477073e-13,0,0
state,988,1.6310674397057175e-12,1.6310674397057175e-12,0,0
state,989,3.1465291657953285e-13,3.1465291657953249e-13,3.5340968553901329e-28,3.5340968553901329e-28
state,990,1002.2696253560504,1002.2696253560504,0,0
state,991,2.5583971974202877e-14,2.5583971974202908e-14,3.1554436208840472e-29,3.1554436208840472e-29
state,992,1.1617646787131187e-13,1.1617646787131202e-13,1.5146129380243427e-28,1.5146129380243427e-28
state,993,2.4749933604798162e-14,2.4749933604798191e-14,2.8398992587956425e-29,2.8398992587956425e-29
state,994,1.1336849871549004e-13,1.1336849871549022e-13,1.7670484276950664e-28,1.7670484276950664e-28
state,995,2.4014960264155259e-14,2.4014960264155271e-14,1.2621774483536189e-29,1.2621774483536189e-29
state,996,1002.2696253560504,1002.2696253560504,0,0
state,997,1.693130406894603e-15,1.6931304068946034e-15,3.944304526105059e-31,3.944304526105059e-31
state,998,7.1095330828899379e-15,7.1095330828899426e-15,4.7331654313260708e-30,4.7331654313260708e-30
state,999,1.6422585315439237e-15,1.6422585315439239e-15,1.9721522630525295e-31,1.9721522630525295e-31
state,1000,6.9521597846677718e-15,6.952159784667775e-15,3.1554436208840472e-30,3.1554436208840472e-30
state,1001,1.5973673201047888e-15,1.5973673201047884e-15,3.944304526105059e-31,3.944304526105059e-31
state,1002,1002.2696253560504,1002.2696253560504,0,0
state,1003,9.973142805573658e-17,9.9731428055736543e-17,3.6977854932234928e-32,3.6977854932234928e-32
state,1004,3.9054833086532165e-16,3.9054833086532155e-16,9.8607613152626476e-32,9.8607613152626476e-32
state,1005,9.6956973114861281e-17,9.6956973114861268e-17,1.2325951644078309e-32,1.2325951644078309e-32
state,1006,3.8257652046923442e-16,3.8257652046923432e-16,9.8607613152626476e-32,9.8607613152626476e-32
state,1007,9.4506042040734355e-17,9.4506042040734208e-17,1.4791141972893971e-31,1.4791141972893971e-31
state,1008,1002.2696253560504,1002.2696253560504,0,0
state,1009,5.3077377728671027e-18,5.3077377728671074e-18,4.622231866529366e-33,4.622231866529366e-33
state,1010,1.9510195415092024e-17,1.9510195415092058e-17,3.3896367021215351e-32,3.3896367021215351e-32
state,1011,5.1705338023032927e-18,5.1705338023032973e-18,4.622231866529366e-33,4.622231866529366e-33
state,1012,1.9141137470574521e-17,1.9141137470574533e-17,1.2325951644078309e-32,1.2325951644078309e-32
state,1013,5.0492235513238076e-18,5.0492235513238076e-18,0,0
state,1014,1002.2696253560504,1002.2696253560504,0,0
state,1015,2.5816562432038119e-19,2.5816562432038124e-19,4.8148248609680896e-35,4.8148248609680896e-35
state,1016,8.9544261075516333e-19,8.9544261075516391e-19,5.7777898331617076e-34,5.7777898331617076e-34
state,1017,2.5194488369796786e-19,2.5194488369796786e-19,0,0
state,1018,8.7968440920740446e-19,8.7968440920740504e-19,5.7777898331617076e-34,5.7777898331617076e-34
state,1019,2.4644086942931921e-19,2.4644086942931901e-19,1.9259299443872359e-34,1.9259299443872359e-34
state,1020,1002.2696253560504,1002.2696253560504,0,0
state,1021,1.1579304643838041e-20,1.1579304643838036e-20,4.513898307157584e-36,4.513898307157584e-36
state,1022,3.80665134828848e-20,3.8066513482884782e-20,1.8055593228630336e-35,1.8055593228630336e-35
state,1023,1.1318428855655343e-20,1.1318428855655337e-20,6.018531076210112e-36,6.018531076210112e-36
state,1024,3.7441240989566254e-20,3.7441240989566236e-20,1.8055593228630336e-35,1.8055593228630336e-35
state,1025,1.108747720301505e-20,1.1087477203015037e-20,1.3541694921472752e-35,1.3541694921472752e-35
state,1026,1002.2696253560504,1002.2696253560504,0,0
state,1027,4.8234435063606856e-22,4.8234435063606903e-22,4.70197740328915e-37,4.70197740328915e-37
state,1028,1.5088375837470527e-21,1.5088375837470536e-21,9.4039548065783001e-37,9.4039548065783001e-37
state,1029,4.7215297387668989e-22,4.7215297387669046e-22,5.64237288394698e-37,5.64237288394698e-37
state,1030,1.485636616465997e-21,1.4856366164659978e-21,7.5231638452626401e-37,7.5231638452626401e-37
state,1031,4.6312640170770768e-22,4.6312640170770768e-22,0,0
state,1032,1002.2696253560504,1002.2696253560504,0,0
state,1033,1.8769009896317995e-23,1.8769009896318033e-23,3.8203566401724344e-38,3.8203566401724344e-38
state,1034,5.6064473404966339e-23,5.6064473404966445e-23,1.0579449157400588e-37,1.0579449157400588e-37
state,1035,1.8395964181814717e-23,1.8395964181814761e-23,4.4081038155835782e-38,4.4081038155835782e-38
state,1036,5.5255202223270256e-23,5.5255202223270374e-23,1.1754943508222875e-37,1.1754943508222875e-37
state,1037,1.8065431203616756e-23,1.8065431203616791e-23,3.5264830524668625e-38,3.5264830524668625e-38
state,1038,1002.2696253560504,1002.2696253560504,0,0
state,1039,6.8552916445362709e-25,6.8552916445362801e-25,9.1835496157991212e-40,9.1835496157991212e-40
state,1040,1.9617246228749721e-24,1.961724622874975e-24,2.9387358770557188e-39,2.9387358770557188e-39
state,1041,6.7267319844692104e-25,6.7267319844692205e-25,1.0101904577379033e-39,1.0101904577379033e-39
state,1042,1.9350714103016414e-24,1.9350714103016436e-24,2.2040519077917891e-39,2.2040519077917891e-39
state,1043,6.6127894331191988e-25,6.612789433119208e-25,9.1835496157991212e-40,9.1835496157991212e-40
state,1044,1002.2696253560504,1002.2696253560504,0,0
state,1045,2.3598249053592552e-26,2.3598249053592563e-26,1.1479437019748901e-41,1.1479437019748901e-41
state,1046,6.4885838955478377e-26,6.4885838955478446e-26,6.8876622118493409e-41,6.8876622118493409e-41
state,1047,2.3179452158443343e-26,2.3179452158443369e-26,2.5828733294435028e-41,2.5828733294435028e-41
state,1048,6.4053888544899069e-26,6.4053888544899069e-26,0,0
state,1049,2.2808187452829436e-26,2.2808187452829442e-26,5.7397185098744507e-42,5.7397185098744507e-42
state,1050,1002.2696253560504,1002.2696253560504,0,0
state,1051,7.6829007070837407e-28,7.6829007070837398e-28,8.9683101716788293e-44,8.9683101716788293e-44
state,1052,2.0353761359685989e-27,2.0353761359685978e-27,1.0761972206014595e-42,1.0761972206014595e-42
state,1053,7.5535002932124124e-28,7.5535002932124124e-28,0,0
state,1054,2.0106857717055754e-27,2.0106857717055736e-27,1.7936620343357659e-42,1.7936620343357659e-42
state,1055,7.438766999055181e-28,7.4387669990551765e-28,4.4841550858394146e-43,4.4841550858394146e-43
state,1056,1002.2696253560504,1002.2696253560504,0,0
state,1057,2.372970431915794e-29,2.3729704319157903e-29,3.6433760072445244e-44,3.6433760072445244e-44
state,1058,6.0723777412668159e-29,6.072377741266808e-29,7.8472714002189756e-44,7.8472714002189756e-44
state,1059,2.3349365014855928e-29,2.3349365014855908e-29,1.9618178500547439e-44,1.9618178500547439e-44
state,1060,6.0025159287848062e-29,6.002515928784795e-29,1.1210387714598537e-43,1.1210387714598537e-43
state,1061,2.3012095754530907e-29,2.3012095754530873e-29,3.363116314379561e-44,3.363116314379561e-44
state,1062,1002.2696253560504,1002.2696253560504,0,0
state,1063,6.972014147123973e-31,6.9720141471239897e-31,1.6640419263857203e-45,1.6640419263857203e-45
state,1064,1.7273552637926494e-30,1.7273552637926525e-30,3.1529215447308384e-45,3.1529215447308384e-45
state,1065,6.8653996426639988e-31,6.8653996426640181e-31,1.9267853884466235e-45,1.9267853884466235e-45
state,1066,1.7084631171991365e-30,1.7084631171991407e-30,4.2038953929744512e-45,4.2038953929744512e-45
state,1067,6.7708510886194348e-31,6.7708510886194479e-31,1.313717310304516e-45,1.313717310304516e-45
state,1068,1002.2696253560504,1002.2696253560504,0,0
state,1069,1.9533321862811907e-32,1.9533321862811939e-32,3.28429327576129e-47,3.28429327576129e-47
state,1070,4.6955244647896224e-32,4.6955244647896274e-32,4.926439913641935e-47,4.926439913641935e-47
state,1071,1.9247663597593636e-32,1.9247663597593666e-32,3.0106021694478492e-47,3.0106021694478492e-47
state,1072,4.6465945694326134e-32,4.6465945694326195e-32,6.0212043388956984e-47,6.0212043388956984e-47
state,1073,1.8994324362354752e-32,1.8994324362354773e-32,2.1895288505075267e-47,2.1895288505075267e-47
state,1074,1002.2696253560504,1002.2696253560504,0,0
state,1075,5.2299354585613819e-34,5.2299354585613836e-34,1.7105694144590052e-49,1.7105694144590052e-49
state,1076,1.2221924387054645e-33,1.222192438705465e-33,5.1317082433770156e-49,5.1317082433770156e-49
state,1077,5.1566304763919046e-34,5.156630476391908e-34,3.4211388289180104e-49,3.4211388289180104e-49
state,1078,1.2100322689240442e-33,1.2100322689240447e-33,5.1317082433770156e-49,5.1317082433770156e-49
state,1079,5.0916186160837532e-34,5.0916186160837557e-34,2.5658541216885078e-49,2.5658541216885078e-49
state,1080,1002.2696253560504,1002.2696253560504,0,0
state,1081,1.3408586599888673e-35,1.3408586599888668e-35,5.3455294201843913e-51,5.3455294201843913e-51
state,1082,3.051691498086641e-35,3.0516914980866394e-35,1.6036588260553174e-50,1.6036588260553174e-50
state,1083,1.3228093237444112e-35,1.3228093237444109e-35,2.6727647100921956e-51,2.6727647100921956e-51
state,1084,3.0226436072293647e-35,3.0226436072293631e-35,1.6036588260553174e-50,1.6036588260553174e-50
state,1085,1.3068022409531412e-35,1.3068022409531409e-35,2.6727647100921956e-51,2.6727647100921956e-51
state,1086,1002.2696253560504,1002.2696253560504,0,0
state,1087,3.2978153025805841e-37,3.2978153025805795e-37,4.5938143454709613e-52,4.5938143454709613e-52
state,1088,7.3216886800222976e-37,7.3216886800222884e-37,9.1876286909419225e-52,9.1876286909419225e-52
state,1089,3.2551039266321078e-37,3.2551039266321053e-37,2.5057169157114334e-52,2.5057169157114334e-52
state,1090,7.2548901470091019e-37,7.2548901470090886e-37,1.3363823550460978e-51,1.3363823550460978e-51
state,1091,3.2172268432348492e-37,3.2172268432348467e-37,2.5057169157114334e-52,2.5057169157114334e-52
state,1092,1002.2696253560504,1002.2696253560504,0,0
state,1093,7.7938584300848033e-39,7.7938584300848215e-39,1.8270852510395869e-53,1.8270852510395869e-53
state,1094,1.6905064761029896e-38,1.690506476102994e-38,4.4372070382389967e-53,4.4372070382389967e-53
state,1095,7.6965761043091587e-39,7.6965761043091796e-39,2.0880974297595278e-53,2.0880974297595278e-53
state,1096,1.6756981510687894e-38,1.6756981510687926e-38,3.1321461446392918e-53,3.1321461446392918e-53
state,1097,7.6103099244506352e-39,7.6103099244506574e-39,2.2186035191194983e-53,2.2186035191194983e-53
state,1098,1002.2696253560504,1002.2696253560504,0,0
state,1099,1.7726853721838068e-40,1.7726853721838099e-40,3.0587364693743084e-55,3.0587364693743084e-55
state,1100,3.7615926393686022e-40,3.7615926393686088e-40,6.5253044679985245e-55,6.5253044679985245e-55
state,1101,1.7513286534618654e-40,1.7513286534618695e-40,4.0783152924990778e-55,4.0783152924990778e-55
state,1102,3.7299048936713859e-40,3.72990489367139e-40,4.0783152924990778e-55,4.0783152924990778e-55
state,1103,1.7323918050419811e-40,1.7323918050419844e-40,3.2626522339992623e-55,3.2626522339992623e-55
state,1104,1002.2696253560504,1002.2696253560504,0,0
state,1105,3.8858341296734683e-42,3.8858341296734695e-42,1.2744735289059618e-57,1.2744735289059618e-57
state,1106,8.0769180881609406e-42,8.0769180881609482e-42,7.6468411734357709e-57,7.6468411734357709e-57
state,1107,3.8405857521272695e-42,3.8405857521272759e-42,6.3723676445298091e-57,6.3723676445298091e-57
state,1108,8.0113880870838832e-42,8.0113880870838908e-42,7.6468411734357709e-57,7.6468411734357709e-57
state,1109,3.800467989756881e-42,3.8004679897568861e-42,5.0978941156238473e-57,5.0978941156238473e-57
state,1110,1002.2696253560504,1002.2696253560504,0,0
state,1111,8.2202787680869173e-44,8.2202787680869153e-44,1.9913648889155653e-59,1.9913648889155653e-59
state,1112,1.6755931417320784e-43,1.6755931417320788e-43,3.9827297778311307e-59,3.9827297778311307e-59
state,1113,8.127647384670477e-44,8.127647384670482e-44,4.9784122222889134e-59,4.9784122222889134e-59
state,1114,1.6624822451870662e-43,1.6624822451870662e-43,0,0
state,1115,8.0455277117159458e-44,8.0455277117159487e-44,2.987047333373348e-59,2.987047333373348e-59
state,1116,1002.2696253560504,1002.2696253560504,0,0
state,1117,1.6802544531888947e-45,1.6802544531888931e-45,1.5557538194652854e-60,1.5557538194652854e-60
state,1118,3.3622885412024049e-45,3.3622885412024024e-45,2.4892061111444567e-60,2.4892061111444567e-60
state,1119,1.6619108684257352e-45,1.6619108684257342e-45,9.3345229167917126e-61,9.3345229167917126e-61
state,1120,3.3368837630330386e-45,3.3368837630330367e-45,1.8669045833583425e-60,1.8669045833583425e-60
state,1121,1.6456507295619591e-45,1.6456507295619578e-45,1.2446030555722283e-60,1.2446030555722283e-60
state,1122,1002.2696253560504,1002.2696253560504,0,0
state,1123,3.3223890328114895e-47,3.3223890328114832e-47,6.320249891577722e-62,6.320249891577722e-62
state,1124,6.5329226582155378e-47,6.5329226582155271e-47,1.0695807508823837e-61,1.0695807508823837e-61
state,1125,3.2872139892213439e-47,3.28721398922134e-47,3.8893845486632136e-62,3.8893845486632136e-62
state,1126,6.4852018476436078e-47,6.4852018476435971e-47,1.0695807508823837e-61,1.0695807508823837e-61
state,1127,3.2560378809710472e-47,3.2560378809710414e-47,5.8340768229948204e-62,5.8340768229948204e-62
state,1128,1002.2696253560504,1002.2696253560504,0,0
state,1129,6.3618150840165117e-49,6.3618150840164965e-49,1.5192908393215678e-63,1.5192908393215678e-63
state,1130,1.230325156746196e-48,1.2303251567461932e-48,2.8866525947109788e-63,2.8866525947109788e-63
state,1131,6.296436554318672e-49,6.2964365543186568e-49,1.5192908393215678e-63,1.5192908393215678e-63
state,1132,1.2216274965246771e-48,1.2216274965246739e-48,3.1905107625752924e-63,3.1905107625752924e-63
state,1133,6.2384981684338936e-49,6.2384981684338754e-49,1.8231490071858814e-63,1.8231490071858814e-63
state,1134,1002.2696253560504,1002.2696253560504,0,0
state,1135,1.1808788821779764e-50,1.180878882177978e-50,1.6617243555079648e-65,1.6617243555079648e-65
state,1136,2.2479133353264975e-50,2.2479133353265013e-50,3.7982270983039195e-65,3.7982270983039195e-65
state,1137,1.169089629735302e-50,1.1690896297353034e-50,1.4243351618639698e-65,1.4243351618639698e-65
state,1138,2.2325187165142544e-50,2.2325187165142573e-50,2.8486703237279396e-65,2.8486703237279396e-65
state,1139,1.1586434207423141e-50,1.1586434207423152e-50,1.1869459682199748e-65,1.1869459682199748e-65
state,1140,1002.2696253560504,1002.2696253560504,0,0
state,1141,2.1268410663019715e-52,2.1268410663019734e-52,1.8546030753437107e-67,1.8546030753437107e-67
state,1142,3.9881352019449478e-52,3.9881352019449493e-52,1.4836824602749686e-67,1.4836824602749686e-67
state,1143,2.1061984090605476e-52,2.1061984090605487e-52,1.1127618452062264e-67,1.1127618452062264e-67
state,1144,3.9616528851522493e-52,3.9616528851522523e-52,2.9673649205499371e-67,2.9673649205499371e-67
state,1145,2.0879099617817259e-52,2.0879099617817259e-52,0,0
state,1146,1002.2696253560504,1002.2696253560504,0,0
state,1147,3.7201198535559325e-54,3.7201198535559493e-54,1.6807340370302378e-68,1.6807340370302378e-68
state,1148,6.8762577483287752e-54,6.8762577483287995e-54,2.4341665363886203e-68,2.4341665363886203e-68
state,1149,3.6849937691798216e-54,3.6849937691798373e-54,1.5648213448212559e-68,1.5648213448212559e-68
state,1150,6.8319486334266897e-54,6.8319486334267175e-54,2.781904613015566e-68,2.781904613015566e-68
state,1151,3.6538782057033042e-54,3.6538782057033164e-54,1.2170832681943101e-68,1.2170832681943101e-68
state,1152,1002.2696253560504,1002.2696253560504,0,0
state,1153,6.324630125365446e-56,6.3246301253654696e-56,2.3544765604949452e-70,2.3544765604949452e-70
state,1154,1.1531011098252795e-55,1.1531011098252833e-55,3.8033852131072192e-70,3.8033852131072192e-70
state,1155,6.2664980354965406e-56,6.2664980354965632e-56,2.2639197697066781e-70,2.2639197697066781e-70
state,1156,1.1458851810159838e-55,1.145885181015988e-55,4.1656123762602877e-70,4.1656123762602877e-70
state,1157,6.2150108991538116e-56,6.2150108991538234e-56,1.1772382802474726e-70,1.1772382802474726e-70
state,1158,1002.2696253560504,1002.2696253560504,0,0
state,1159,1.045954440484432e-57,1.0459544404844351e-57,3.1128896833466824e-72,3.1128896833466824e-72
state,1160,1.8820790008720937e-57,1.8820790008720982e-57,4.5278395394133562e-72,4.5278395394133562e-72
state,1161,1.0365908246800191e-57,1.0365908246800218e-57,2.6884047265266802e-72,2.6884047265266802e-72
state,1162,1.870633116472286e-57,1.8706331164722908e-57,4.8108295106266909e-72,4.8108295106266909e-72
state,1163,1.0282988176492742e-57,1.0282988176492757e-57,1.4149498560666738e-72,1.4149498560666738e-72
state,1164,1002.2696253560504,1002.2696253560504,0,0
state,1165,1.6838896002152747e-59,1.683889600215278e-59,3.3162887251562667e-74,3.3162887251562667e-74
state,1166,2.9920469874560449e-59,2.9920469874560498e-59,4.8638901302291912e-74,4.8638901302291912e-74
state,1167,1.6691998117351094e-59,1.6691998117351121e-59,2.6530309801250134e-74,2.6530309801250134e-74
state,1168,2.9743521974845444e-59,2.9743521974845493e-59,4.8638901302291912e-74,4.8638901302291912e-74
state,1169,1.656193220521157e-59,1.6561932205211577e-59,6.6325774503125335e-75,6.6325774503125335e-75
state,1170,1002.2696253560504,1002.2696253560504,0,0
state,1171,2.6408488338257022e-61,2.6408488338257053e-61,3.1090206798340001e-76,3.1090206798340001e-76
state,1172,4.6360471704445201e-61,4.6360471704445236e-61,3.4544674220377779e-76,3.4544674220377779e-76
state,1173,2.6183883406636714e-61,2.6183883406636728e-61,1.3817869688151111e-76,1.3817869688151111e-76
state,1174,4.6093695190249203e-61,4.6093695190249251e-61,4.836254390852889e-76,4.836254390852889e-76
state,1175,2.5985046098004043e-61,2.5985046098004033e-61,1.0363402266113334e-76,1.0363402266113334e-76
state,1176,1002.2696253560504,1002.2696253560504,0,0
state,1177,4.0373074537244454e-63,4.037307453724446e-63,5.3976053469340279e-79,5.3976053469340279e-79
state,1178,7.005674505845112e-63,7.005674505845112e-63,0,0
state,1179,4.0038164636086177e-63,4.0038164636086166e-63,1.0795210693868056e-78,1.0795210693868056e-78
state,1180,6.9664271647311956e-63,6.9664271647311977e-63,2.1590421387736112e-78,2.1590421387736112e-78
state,1181,3.9741725097792022e-63,3.9741725097791973e-63,4.8578448122406251e-78,4.8578448122406251e-78
state,1182,1002.2696253560504,1002.2696253560504,0,0
state,1183,6.0204966913983525e-65,6.0204966913983492e-65,3.3735033418337674e-80,3.3735033418337674e-80
state,1184,1.0330814928922808e-64,1.0330814928922798e-64,1.0120510025501302e-79,1.0120510025501302e-79
state,1185,5.9717661273159783e-65,5.9717661273159741e-65,4.2168791772922093e-80,4.2168791772922093e-80
state,1186,1.0274441336507068e-64,1.0274441336507061e-64,6.7470066836675349e-80,6.7470066836675349e-80
state,1187,5.9286402271109968e-65,5.928640227110985e-65,1.1807261696418186e-79,1.1807261696418186e-79
state,1188,1002.2696253560504,1002.2696253560504,0,0
state,1189,8.762430197678746e-67,8.7624301976787329e-67,1.3177747429038154e-81,1.3177747429038154e-81
state,1190,1.4874711464152462e-66,1.4874711464152436e-66,2.6355494858076308e-81,2.6355494858076308e-81
state,1191,8.6932013764788502e-67,8.6932013764788344e-67,1.5813296914845785e-81,1.5813296914845785e-81
state,1192,1.4795611704732389e-66,1.4795611704732363e-66,2.6355494858076308e-81,2.6355494858076308e-81
state,1193,8.6319449835588601e-67,8.6319449835588364e-67,2.3719945372268677e-81,2.3719945372268677e-81
state,1194,1002.2696253560504,1002.2696253560504,0,0
state,1195,1.2454169161188559e-68,1.2454169161188526e-68,3.2944368572595385e-83,3.2944368572595385e-83
state,1196,2.0923123730596138e-68,2.0923123730596085e-68,5.3534598930467501e-83,5.3534598930467501e-83
state,1197,1.2358092023331142e-68,1.2358092023331111e-68,3.0885345536808174e-83,3.0885345536808174e-83
state,1198,2.081464883364507e-68,2.0814648833645017e-68,5.3534598930467501e-83,5.3534598930467501e-83
state,1199,1.2273093468148093e-68,1.2273093468148052e-68,4.1180460715744231e-83,4.1180460715744231e-83
state,1200,1002.2696253560504,1002.2696253560504,0,0
state,1201,1.7295639865200522e-70,1.7295639865200467e-70,5.4692799388097807e-85,5.4692799388097807e-85
state,1202,2.8766815003163554e-70,2.8766815003163448e-70,1.061683752827781e-84,1.061683752827781e-84
state,1203,1.7165315573177769e-70,1.7165315573177714e-70,5.4692799388097807e-85,5.4692799388097807e-85
state,1204,2.8621353273465678e-70,2.8621353273465584e-70,9.3299481309108024e-85,9.3299481309108024e-85
state,1205,1.7050038428418672e-70,1.7050038428418598e-70,7.3996140348602916e-85,7.3996140348602916e-85
state,1206,1002.2696253560504,1002.2696253560504,0,0
state,1207,2.3480769091649947e-72,2.3480769091650067e-72,1.2064588100315693e-86,1.2064588100315693e-86
state,1208,3.8677370217251246e-72,3.8677370217251432e-72,1.8599573321320026e-86,1.8599573321320026e-86
state,1209,2.3307900090790367e-72,2.3307900090790482e-72,1.1561896929469206e-86,1.1561896929469206e-86
state,1210,3.8486545263348771e-72,3.8486545263348962e-72,1.9102264492166514e-86,1.9102264492166514e-86
state,1211,2.3155016547820196e-72,2.3155016547820286e-72,9.0484410752367696e-87,9.0484410752367696e-87
state,1212,1002.2696253560504,1002.2696253560504,0,0
state,1213,3.1178346438332479e-74,3.1178346438332597e-74,1.1781824316714544e-88,1.1781824316714544e-88
state,1214,5.0877364771712158e-74,5.0877364771712323e-74,1.6494554043400361e-88,1.6494554043400361e-88
state,1215,3.0954010012275739e-74,3.0954010012275873e-74,1.3352734225609816e-88,1.3352734225609816e-88
state,1216,5.0632356217133857e-74,5.0632356217134061e-74,2.0421828815638542e-88,2.0421828815638542e-88
state,1217,3.0755643343605793e-74,3.0755643343605879e-74,8.6400044989239987e-89,8.6400044989239987e-89
state,1218,1002.2696253560504,1002.2696253560504,0,0
state,1219,4.0509792560300577e-76,4.0509792560300694e-76,1.1659096980082101e-90,1.1659096980082101e-90
state,1220,6.5507046226340508e-76,6.5507046226340656e-76,1.472728039589318e-90,1.472728039589318e-90
state,1221,4.0224842521954501e-76,4.0224842521954623e-76,1.2272733663244316e-90,1.2272733663244316e-90
state,1222,6.5199031503995321e-76,6.5199031503995542e-76,2.2090920593839769e-90,2.2090920593839769e-90
state,1223,3.9972922615118262e-76,3.9972922615118342e-76,7.9772768811088056e-91,7.9772768811088056e-91
state,1224,701.58873774923518,701.58873774923518,0,0
state,1225,60.078656332756879,60.078656332756879,0,0
state,1226,60.065507988135856,60.065507988135856,0,0
state,1227,60.050906759794756,60.050906759794756,0,0
state,1228,60.034843611001612,60.034843611001612,0,0
state,1229,60.017311488932499,60.017311488932499,0,0
state,1230,1002.2696253560504,1002.2696253560504,0,0
state,1231,0.0002853835573370108,0.0002853835573370108,0,0
state,1232,0.00037651378610188615,0.00037651378610188642,2.7105054312137611e-19,2.7105054312137611e-19
state,1233,0.00026739781792213557,0.00026739781792213557,0,0
state,1234,0.00036216205281890194,0.00036216205281890194,0,0
state,1235,0.00025110074230826903,0.00025110074230826903,0,0
state,1236,1002.2696253560504,1002.2696253560504,0,0
state,1237,7.6155363642527626e-06,7.6155363642527626e-06,0,0
state,1238,1.5484571577327843e-05,1.5484571577327836e-05,6.7762635780344027e-21,6.7762635780344027e-21
state,1239,7.0214616429255775e-06,7.0214616429255749e-06,2.541098841762901e-21,2.541098841762901e-21
state,1240,1.4559997686775941e-05,1.4559997686775941e-05,0,0
state,1241,6.5128635273204854e-06,6.5128635273204828e-06,2.541098841762901e-21,2.541098841762901e-21
state,1242,1002.2696253560504,1002.2696253560504,0,0
state,1243,1.7371740256662689e-07,1.7371740256662679e-07,1.0587911840678754e-22,1.0587911840678754e-22
state,1244,4.9907972228789902e-07,4.9907972228789902e-07,0,0
state,1245,1.6054956827267098e-07,1.6054956827267098e-07,0,0
state,1246,4.7018669765689468e-07,4.7018669765689468e-07,0,0
state,1247,1.492708170193504e-07,1.4927081701935037e-07,2.6469779601696886e-23,2.6469779601696886e-23
state,1248,1002.2696253560504,1002.2696253560504,0,0
state,1249,3.9249248369562092e-09,3.9249248369562092e-09,0,0
state,1250,1.5764167964437423e-08,1.5764167964437416e-08,6.6174449004242214e-24,6.6174449004242214e-24
state,1251,3.6376594805855109e-09,3.6376594805855076e-09,3.3087224502121107e-24,3.3087224502121107e-24
state,1252,1.4896763200139469e-08,1.4896763200139466e-08,3.3087224502121107e-24,3.3087224502121107e-24
state,1253,3.3911183185325871e-09,3.3911183185325855e-09,1.6543612251060553e-24,1.6543612251060553e-24
state,1254,1002.2696253560504,1002.2696253560504,0,0
state,1255,8.8202918193928133e-11,8.8202918193928133e-11,0,0
state,1256,4.9229294635384098e-10,4.9229294635384087e-10,1.0339757656912846e-25,1.0339757656912846e-25
state,1257,8.1972642380351671e-11,8.1972642380351671e-11,0,0
state,1258,4.665840219311561e-10,4.665840219311562e-10,1.0339757656912846e-25,1.0339757656912846e-25
state,1259,7.6615117240138269e-11,7.6615117240138217e-11,5.169878828456423e-26,5.169878828456423e-26
state,1260,1002.2696253560504,1002.2696253560504,0,0
state,1261,2.0023125366988352e-12,2.0023125366988344e-12,8.0779356694631609e-28,8.0779356694631609e-28
state,1262,1.5248209424101496e-11,1.5248209424101499e-11,3.2311742677852644e-27,3.2311742677852644e-27
state,1263,1.8676653169085261e-12,1.8676653169085261e-12,0,0
state,1264,1.44954695937649e-11,1.4495469593764902e-11,1.6155871338926322e-27,1.6155871338926322e-27
state,1265,1.7516511110736585e-12,1.7516511110736585e-12,0,0
state,1266,1002.2696253560504,1002.2696253560504,0,0
state,1267,1.2271245442349309e-13,1.2271245442349294e-13,1.5146129380243427e-28,1.5146129380243427e-28
state,1268,8.9447923320092224e-13,8.9447923320092153e-13,7.0681937107802658e-28,7.0681937107802658e-28
state,1269,1.1657461690734252e-13,1.1657461690734244e-13,7.5730646901217133e-29,7.5730646901217133e-29
state,1270,8.5917417790363947e-13,8.5917417790363937e-13,1.0097419586828951e-28,1.0097419586828951e-28
state,1271,1.112345241068374e-13,1.1123452410683735e-13,5.0487097934144756e-29,5.0487097934144756e-29
state,1272,1002.2696253560504,1002.2696253560504,0,0
state,1273,1.6599690390140039e-14,1.6599690390140039e-14,0,0
state,1274,1.0257883365211913e-13,1.0257883365211913e-13,0,0
state,1275,1.5880217143601901e-14,1.5880217143601901e-14,0,0
state,1276,9.9143662835971973e-14,9.9143662835971986e-14,1.2621774483536189e-29,1.2621774483536189e-29
state,1277,1.5250877366656065e-14,1.5250877366656062e-14,3.1554436208840472e-30,3.1554436208840472e-30
state,1278,1002.2696253560504,1002.2696253560504,0,0
state,1279,1.7569154635334904e-15,1.7569154635334908e-15,3.944304526105059e-31,3.944304526105059e-31
state,1280,9.5617467086736063e-15,9.5617467086736095e-15,3.1554436208840472e-30,3.1554436208840472e-30
state,1281,1.6888762534262484e-15,1.6888762534262484e-15,0,0
state,1282,9.2808127508098491e-15,9.2808127508098554e-15,6.3108872417680944e-30,6.3108872417680944e-30
state,1283,1.6291552872152243e-15,1.6291552872152239e-15,3.944304526105059e-31,3.944304526105059e-31
state,1284,1002.2696253560504,1002.2696253560504,0,0
state,1285,1.5326635699341723e-16,1.532663569934173e-16,7.3955709864469857e-32,7.3955709864469857e-32
state,1286,7.5240679000991738e-16,7.5240679000991827e-16,8.8746851837363828e-31,8.8746851837363828e-31
state,1287,1.4787336086478784e-16,1.4787336086478789e-16,4.9303806576313238e-32,4.9303806576313238e-32
state,1288,7.325922633682935e-16,7.3259226336829488e-16,1.3805065841367707e-30,1.3805065841367707e-30
state,1289,1.431284327925293e-16,1.431284327925293e-16,0,0
state,1290,1002.2696253560504,1002.2696253560504,0,0
state,1291,1.1419667688818742e-17,1.1419667688818741e-17,1.5407439555097887e-33,1.5407439555097887e-33
state,1292,5.1371622931058898e-17,5.1371622931058911e-17,1.2325951644078309e-32,1.2325951644078309e-32
state,1293,1.1051011821861533e-17,1.105101182186153e-17,3.0814879110195774e-33,3.0814879110195774e-33
state,1294,5.0142064293030601e-17,5.0142064293030601e-17,0,0
state,1295,1.0726092445816811e-17,1.0726092445816799e-17,1.2325951644078309e-32,1.2325951644078309e-32
state,1296,1002.2696253560504,1002.2696253560504,0,0
state,1297,7.4543872408395217e-19,7.4543872408395352e-19,1.3481509610710651e-33,1.3481509610710651e-33
state,1298,3.1065733787888521e-18,3.1065733787888556e-18,3.4666738998970245e-33,3.4666738998970245e-33
state,1299,7.2322675366594031e-19,7.2322675366594118e-19,8.6666847497425613e-34,8.6666847497425613e-34
state,1300,3.0383682092040949e-18,3.0383682092041007e-18,5.7777898331617076e-33,5.7777898331617076e-33
state,1301,7.0362389276280888e-19,7.0362389276280917e-19,2.8888949165808538e-34,2.8888949165808538e-34
state,1302,1002.2696253560504,1002.2696253560504,0,0
state,1303,4.3436509528198092e-20,4.343650952819811e-20,1.8055593228630336e-35,1.8055593228630336e-35
state,1304,1.6903738110310422e-19,1.690373811031043e-19,7.2222372914521344e-35,7.2222372914521344e-35
state,1305,4.2236835977567383e-20,4.2236835977567413e-20,3.009265538105056e-35,3.009265538105056e-35
state,1306,1.6561122352079218e-19,1.6561122352079218e-19,0,0
state,1307,4.1176966842827755e-20,4.1176966842827749e-20,6.018531076210112e-36,6.018531076210112e-36
state,1308,1002.2696253560504,1002.2696253560504,0,0
state,1309,2.2915097886480856e-21,2.2915097886480852e-21,3.76158192263132e-37,3.76158192263132e-37
state,1310,8.3787977439738295e-21,8.3787977439738295e-21,0,0
state,1311,2.2326500305582599e-21,2.2326500305582592e-21,7.5231638452626401e-37,7.5231638452626401e-37
state,1312,8.2212785688514317e-21,8.2212785688514286e-21,3.009265538105056e-36,3.009265538105056e-36
state,1313,2.18060538882454e-21,2.1806053888245374e-21,2.633107345841924e-36,2.633107345841924e-36
state,1314,1002.2696253560504,1002.2696253560504,0,0
state,1315,1.1064856311847128e-22,1.1064856311847145e-22,1.6456920911512025e-37,1.6456920911512025e-37
state,1316,3.8205204286436606e-22,3.8205204286436667e-22,6.112570624275895e-37,6.112570624275895e-37
state,1317,1.0799736327636408e-22,1.079973632763642e-22,1.1754943508222875e-37,1.1754943508222875e-37
state,1318,3.7536537259978456e-22,3.7536537259978494e-22,3.76158192263132e-37,3.76158192263132e-37
state,1319,1.0565151389439022e-22,1.0565151389439026e-22,4.70197740328915e-38,4.70197740328915e-38
state,1320,1002.2696253560504,1002.2696253560504,0,0
state,1321,4.9322983841151313e-24,4.9322983841151335e-24,2.2040519077917891e-39,2.2040519077917891e-39
state,1322,1.6151501355461218e-23,1.6151501355461229e-23,1.1754943508222875e-38,1.1754943508222875e-38
state,1323,4.8217323059904447e-24,4.8217323059904469e-24,2.2040519077917891e-39,2.2040519077917891e-39
state,1324,1.5887500164310857e-23,1.5887500164310865e-23,8.8162076311671563e-39,8.8162076311671563e-39
state,1325,4.7238454218208425e-24,4.723845421820841e-24,1.4693679385278594e-39,1.4693679385278594e-39
state,1326,1002.2696253560504,1002.2696253560504,0,0
state,1327,2.0436998066815369e-25,2.0436998066815364e-25,4.5917748078995606e-41,4.5917748078995606e-41
state,1328,6.371246627845953e-25,6.3712466278459493e-25,3.6734198463196485e-40,3.6734198463196485e-40
state,1329,2.0007117995174157e-25,2.0007117995174146e-25,1.1479437019748901e-40,1.1479437019748901e-40
state,1330,6.2737102802228522e-25,6.2737102802228494e-25,2.7550648847397363e-40,2.7550648847397363e-40
state,1331,1.9626360167470574e-25,1.9626360167470542e-25,3.2142423655296924e-40,3.2142423655296924e-40
state,1332,1002.2696253560504,1002.2696253560504,0,0
state,1333,7.9157035482898995e-27,7.9157035482899066e-27,7.1746481373430634e-42,7.1746481373430634e-42
state,1334,2.3574456259760946e-26,2.357445625976096e-26,1.4349296274686127e-41,1.4349296274686127e-41
state,1335,7.7590034876446201e-27,7.7590034876446272e-27,7.1746481373430634e-42,7.1746481373430634e-42
state,1336,2.3235525835632936e-26,2.3235525835632944e-26,8.6095777648116761e-42,8.6095777648116761e-42
state,1337,7.6201584118183023e-27,7.6201584118183052e-27,2.8698592549372254e-42,2.8698592549372254e-42
state,1338,1002.2696253560504,1002.2696253560504,0,0
state,1339,2.8793912564773163e-28,2.879391256477323e-28,6.7262326287591219e-43,6.7262326287591219e-43
state,1340,8.2181571261768495e-28,8.2181571261768674e-28,1.7936620343357659e-42,1.7936620343357659e-42
state,1341,2.8255868320844194e-28,2.8255868320844261e-28,6.7262326287591219e-43,6.7262326287591219e-43
state,1342,8.1069044454452086e-28,8.1069044454452283e-28,1.9730282377693424e-42,1.9730282377693424e-42
state,1343,2.7778992324073947e-28,2.7778992324074009e-28,6.2778171201751805e-43,6.2778171201751805e-43
state,1344,1002.2696253560504,1002.2696253560504,0,0
state,1345,9.8759100686155306e-30,9.875910068615546e-30,1.5414283107572988e-44,1.5414283107572988e-44
state,1346,2.7092066919160383e-29,2.7092066919160423e-29,3.9236357001094878e-44,3.9236357001094878e-44
state,1347,9.7012083775682603e-30,9.7012083775682757e-30,1.5414283107572988e-44,1.5414283107572988e-44
state,1348,2.6745842485660198e-29,2.674584248566022e-29,2.2420775429197073e-44,2.2420775429197073e-44
state,1349,9.546333232187702e-30,9.5463332321877174e-30,1.5414283107572988e-44,1.5414283107572988e-44
state,1350,1002.2696253560504,1002.2696253560504,0,0
state,1351,3.2048589965950686e-31,3.2048589965950703e-31,1.7516230804060213e-46,1.7516230804060213e-46
state,1352,8.4730098917409091e-31,8.4730098917409144e-31,5.254869241218064e-46,5.254869241218064e-46
state,1353,3.1510376967660465e-31,3.1510376967660508e-31,4.3790577010150533e-46,4.3790577010150533e-46
state,1354,8.3705352911698388e-31,8.3705352911698388e-31,0,0
state,1355,3.1033165439735301e-31,3.1033165439735306e-31,4.3790577010150533e-47,4.3790577010150533e-47
state,1356,1002.2696253560504,1002.2696253560504,0,0
state,1357,9.8696337913099521e-33,9.8696337913099521e-33,0,0
state,1358,2.5210157045288234e-32,2.5210157045288223e-32,1.0947644252537633e-47,1.0947644252537633e-47
state,1359,9.711859522872809e-33,9.7118595228728118e-33,2.7369110631344083e-48,2.7369110631344083e-48
state,1360,2.4920911935730451e-32,2.4920911935730435e-32,1.642146637880645e-47,1.642146637880645e-47
state,1361,9.571951210359959e-33,9.5719512103599521e-33,6.8422776578360209e-48,6.8422776578360209e-48
state,1362,1002.2696253560504,1002.2696253560504,0,0
state,1363,2.8920825339224891e-34,2.8920825339224852e-34,3.8487811825327617e-49,3.8487811825327617e-49
state,1364,7.1536483129188556e-34,7.153648312918847e-34,8.5528470722950261e-49,8.5528470722950261e-49
state,1365,2.8479629530988071e-34,2.8479629530988049e-34,2.1382117680737565e-49,2.1382117680737565e-49
state,1366,7.0756045895637624e-34,7.0756045895637495e-34,1.2829270608442539e-48,1.2829270608442539e-48
state,1367,2.8088364662221695e-34,2.8088364662221639e-34,5.5593505969917669e-49,5.5593505969917669e-49
state,1368,1002.2696253560504,1002.2696253560504,0,0
state,1369,8.0830420830290207e-36,8.0830420830290407e-36,2.0045735325691467e-50,2.0045735325691467e-50
state,1370,1.940217758354881e-35,1.9402177583548853e-35,4.276423536147513e-50,4.276423536147513e-50
state,1371,7.9650911458353731e-36,7.9650911458353945e-36,2.1382117680737565e-50,2.1382117680737565e-50
state,1372,1.920046092012379e-35,1.9200460920123835e-35,4.5437000071567326e-50,4.5437000071567326e-50
state,1373,7.8604849960967141e-36,7.8604849960967302e-36,1.6036588260553174e-50,1.6036588260553174e-50
state,1374,1002.2696253560504,1002.2696253560504,0,0
state,1375,2.1593884242698579e-37,2.1593884242698604e-37,2.5057169157114334e-52,2.5057169157114334e-52
state,1376,5.0397172854912464e-37,5.0397172854912522e-37,5.846672803326678e-52,5.846672803326678e-52
state,1377,2.129181572162806e-37,2.1291815721628097e-37,3.7585753735671501e-52,3.7585753735671501e-52
state,1378,4.9896806697538352e-37,4.9896806697538419e-37,6.6819117752304891e-52,6.6819117752304891e-52
state,1379,2.102392099294945e-37,2.1023920992949475e-37,2.5057169157114334e-52,2.5057169157114334e-52
state,1380,1002.2696253560504,1002.2696253560504,0,0
state,1381,5.5249910312613111e-39,5.5249910312613137e-39,2.6101217871994098e-54,2.6101217871994098e-54
state,1382,1.2559652464807205e-38,1.255965246480721e-38,5.2202435743988196e-54,5.2202435743988196e-54
state,1383,5.450754277465251e-39,5.4507542774652536e-39,2.6101217871994098e-54,2.6101217871994098e-54
state,1384,1.2440334675963782e-38,1.2440334675963784e-38,2.6101217871994098e-54,2.6101217871994098e-54
state,1385,5.3849174208086883e-39,5.3849174208086929e-39,4.5677131275989672e-54,4.5677131275989672e-54
state,1386,1002.2696253560504,1002.2696253560504,0,0
state,1387,1.3563078237371612e-40,1.3563078237371608e-40,4.0783152924990778e-56,4.0783152924990778e-56
state,1388,3.008020832211409e-40,3.008020832211407e-40,2.0391576462495389e-55,2.0391576462495389e-55
state,1389,1.3387711362134398e-40,1.3387711362134398e-40,0,0
state,1390,2.9806269065752699e-40,2.9806269065752674e-40,2.4469891754994467e-55,2.4469891754994467e-55
state,1391,1.323219383208674e-40,1.3232193832086736e-40,4.0783152924990778e-56,4.0783152924990778e-56
state,1392,1002.2696253560504,1002.2696253560504,0,0
state,1393,3.1998471788586623e-42,3.1998471788586579e-42,4.4606573511708664e-57,4.4606573511708664e-57
state,1394,6.9338489784651722e-42,6.9338489784651645e-42,7.6468411734357709e-57,7.6468411734357709e-57
state,1395,3.1599687466520083e-42,3.1599687466520064e-42,1.9117102933589427e-57,1.9117102933589427e-57
state,1396,6.8732118581753547e-42,6.8732118581753458e-42,8.9213147023417328e-57,8.9213147023417328e-57
state,1397,3.1246062227132527e-42,3.1246062227132495e-42,3.1861838222649046e-57,3.1861838222649046e-57
state,1398,1002.2696253560504,1002.2696253560504,0,0
state,1399,7.266209780487628e-44,7.2662097804876459e-44,1.7922284000240088e-58,1.7922284000240088e-58
state,1400,1.5405181334905201e-43,1.5405181334905238e-43,3.7835932889395742e-58,3.7835932889395742e-58
state,1401,7.178794570205503e-44,7.1787945702055229e-44,1.9913648889155653e-58,1.9913648889155653e-58
state,1402,1.5275608860884298e-43,1.5275608860884332e-43,3.3853203111564611e-58,3.3853203111564611e-58
state,1403,7.1012844270892104e-44,7.1012844270892293e-44,1.8917966444697871e-58,1.8917966444697871e-58
state,1404,1002.2696253560504,1002.2696253560504,0,0
state,1405,1.5904100170831305e-45,1.5904100170831333e-45,2.8003568750375138e-60,2.8003568750375138e-60
state,1406,3.303108087023044e-45,3.3031080870230509e-45,6.8453168056472559e-60,6.8453168056472559e-60
state,1407,1.571915320765084e-45,1.5719153207650881e-45,4.0449599306097421e-60,4.0449599306097421e-60
state,1408,3.2763478755186418e-45,3.2763478755186468e-45,4.9784122222889134e-60,4.9784122222889134e-60
state,1409,1.5555177655782534e-45,1.5555177655782568e-45,3.4226584028236279e-60,3.4226584028236279e-60
state,1410,1002.2696253560504,1002.2696253560504,0,0
state,1411,3.3597272782952436e-47,3.359727278295246e-47,2.4308653429145085e-62,2.4308653429145085e-62
state,1412,6.8433369443380912e-47,6.843336944338097e-47,5.8340768229948204e-62,5.8340768229948204e-62
state,1413,3.3219149670607115e-47,3.3219149670607168e-47,5.3479037544119187e-62,5.3479037544119187e-62
state,1414,6.7898626366661138e-47,6.7898626366661225e-47,8.7511152344922305e-62,8.7511152344922305e-62
state,1415,3.2883937035767444e-47,3.2883937035767483e-47,3.8893845486632136e-62,3.8893845486632136e-62
state,1416,1002.2696253560504,1002.2696253560504,0,0
state,1417,6.8584332002414077e-49,6.8584332002414077e-49,0,0
state,1418,1.3714910029151015e-48,1.3714910029151015e-48,0,0
state,1419,6.7836462764705029e-49,6.7836462764705051e-49,2.2789362589823517e-64,2.2789362589823517e-64
state,1420,1.3611413971292593e-48,1.3611413971292598e-48,4.5578725179647034e-64,4.5578725179647034e-64
state,1421,6.7173538794268288e-49,6.7173538794268273e-49,1.5192908393215678e-64,1.5192908393215678e-64
state,1422,1002.2696253560504,1002.2696253560504,0,0
state,1423,1.3544677960474473e-50,1.3544677960474461e-50,1.1869459682199748e-65,1.1869459682199748e-65
state,1424,2.6616882473685735e-50,2.6616882473685725e-50,9.4955677457597987e-66,9.4955677457597987e-66
state,1425,1.340143450793812e-50,1.3401434507938116e-50,4.7477838728798994e-66,4.7477838728798994e-66
state,1426,2.6422686064652865e-50,2.6422686064652851e-50,1.4243351618639698e-65,1.4243351618639698e-65
state,1427,1.3274476530923701e-50,1.3274476530923687e-50,1.4243351618639698e-65,1.4243351618639698e-65
state,1428,1002.2696253560504,1002.2696253560504,0,0
state,1429,2.5905991827455662e-52,2.5905991827455625e-52,3.7092061506874214e-67,3.7092061506874214e-67
state,1430,5.0071589340540242e-52,5.0071589340540168e-52,7.4184123013748428e-67,7.4184123013748428e-67
state,1431,2.5640039728999449e-52,2.5640039728999412e-52,3.7092061506874214e-67,3.7092061506874214e-67
state,1432,4.971800937038696e-52,4.9718009370386886e-52,7.4184123013748428e-67,7.4184123013748428e-67
state,1433,2.5404354381511184e-52,2.5404354381511136e-52,4.8219679958936478e-67,4.8219679958936478e-67
state,1434,1002.2696253560504,1002.2696253560504,0,0
state,1435,4.8034716828708259e-54,4.8034716828708149e-54,1.1011705759853282e-68,1.1011705759853282e-68
state,1436,9.1390351640985297e-54,9.1390351640985088e-54,2.0864284597616745e-68,2.0864284597616745e-68
state,1437,4.7555635081923116e-54,4.7555635081923012e-54,1.0432142298808373e-68,1.0432142298808373e-68
state,1438,9.0765134871241165e-54,9.0765134871240933e-54,2.3182538441796384e-68,2.3182538441796384e-68
state,1439,4.7131132863384324e-54,4.7131132863384202e-54,1.2170832681943101e-68,1.2170832681943101e-68
state,1440,1002.2696253560504,1002.2696253560504,0,0
state,1441,8.642566501781939e-56,8.6425665017819499e-56,1.0866814894592055e-70,1.0866814894592055e-70
state,1442,1.6198140594497221e-55,1.6198140594497241e-55,1.9922493973418767e-70,1.9922493973418767e-70
state,1443,8.558761727847373e-56,8.5587617278473857e-56,1.2677950710357397e-70,1.2677950710357397e-70
state,1444,1.6090688035470662e-55,1.6090688035470684e-55,2.173362978918411e-70,2.173362978918411e-70
state,1445,8.4845149042852733e-56,8.4845149042852824e-56,9.0556790788267124e-71,9.0556790788267124e-71
state,1446,1002.2696253560504,1002.2696253560504,0,0
state,1447,1.5102444582213848e-57,1.5102444582213862e-57,1.4149498560666738e-72,1.4149498560666738e-72
state,1448,2.7902625725316593e-57,2.7902625725316599e-57,5.6597994242666952e-73,5.6597994242666952e-73
state,1449,1.4959970647580154e-57,1.4959970647580159e-57,5.6597994242666952e-73,5.6597994242666952e-73
state,1450,2.7722997804089009e-57,2.7722997804089026e-57,1.6979398272800086e-72,1.6979398272800086e-72
state,1451,1.4833764289994375e-57,1.4833764289994372e-57,2.8298997121333476e-73,2.8298997121333476e-73
state,1452,1002.2696253560504,1002.2696253560504,0,0
state,1453,2.5652567167845031e-59,2.565256716784515e-59,1.193863941056256e-73,1.193863941056256e-73
state,1454,4.6749743333184792e-59,4.6749743333184969e-59,1.7686873200833423e-73,1.7686873200833423e-73
state,1455,2.541698356114226e-59,2.5416983561142366e-59,1.0612123920500054e-73,1.0612123920500054e-73
state,1456,4.6457454464496778e-59,4.645745446449699e-59,2.1224247841000107e-73,2.1224247841000107e-73
state,1457,2.52083300206622e-59,2.5208330020662288e-59,8.8434366004167113e-74,8.8434366004167113e-74
state,1458,1002.2696253560504,1002.2696253560504,0,0
state,1459,4.2387203920494952e-61,4.2387203920495111e-61,1.5890550141373778e-75,1.5890550141373778e-75
state,1460,7.6240936655330592e-61,7.624093665533084e-61,2.4872165438672001e-75,2.4872165438672001e-75
state,1461,4.2008050051679857e-61,4.2008050051680023e-61,1.6581443625781334e-75,1.6581443625781334e-75
state,1462,7.577767483322899e-61,7.577767483322928e-61,2.9017526345117334e-75,2.9017526345117334e-75
state,1463,4.1672289654638278e-61,4.1672289654638361e-61,8.2907218128906668e-76,8.2907218128906668e-76
state,1464,1002.2696253560504,1002.2696253560504,0,0
state,1465,6.8183797375182001e-63,6.8183797375182206e-63,2.0510900318349306e-77,2.0510900318349306e-77
state,1466,1.2110872752040509e-62,1.2110872752040543e-62,3.4544674220377779e-77,3.4544674220377779e-77
state,1467,6.7589439396337118e-63,6.7589439396337313e-63,1.94313792489625e-77,1.94313792489625e-77
state,1468,1.2039308482228137e-62,1.2039308482228172e-62,3.4544674220377779e-77,3.4544674220377779e-77
state,1469,6.7063187148200758e-63,6.7063187148200833e-63,7.556647485707639e-78,7.556647485707639e-78
state,1470,1002.2696253560504,1002.2696253560504,0,0
state,1471,1.0684998541448894e-64,1.0684998541448918e-64,2.3614523392836372e-79,2.3614523392836372e-79
state,1472,1.8751167366258179e-64,1.8751167366258216e-64,3.7108536760171442e-79,3.7108536760171442e-79
state,1473,1.0594189507939294e-64,1.0594189507939313e-64,1.8554268380085721e-79,1.8554268380085721e-79
state,1474,1.8643350305891422e-64,1.864335030589146e-64,3.7108536760171442e-79,3.7108536760171442e-79
state,1475,1.0513798850609605e-64,1.0513798850609614e-64,8.4337583545844186e-80,8.4337583545844186e-80
state,1476,1002.2696253560504,1002.2696253560504,0,0
state,1477,1.6323096663086763e-66,1.6323096663086784e-66,2.1084395886461046e-81,2.1084395886461046e-81
state,1478,2.8315185160597946e-66,2.8315185160597977e-66,3.162659382969157e-81,3.162659382969157e-81
state,1479,1.6187786525173095e-66,1.6187786525173105e-66,1.0542197943230523e-81,1.0542197943230523e-81
state,1480,2.815667631185782e-66,2.8156676311857847e-66,2.6355494858076308e-81,2.6355494858076308e-81
state,1481,1.6068019727336694e-66,1.6068019727336686e-66,7.9066484574228924e-82,7.9066484574228924e-82
state,1482,1002.2696253560504,1002.2696253560504,0,0
state,1483,2.4324173681330296e-68,2.4324173681330308e-68,1.2354138214723269e-83,1.2354138214723269e-83
state,1484,4.1726068328320965e-68,4.1726068328320965e-68,0,0
state,1485,2.4127425527885242e-68,2.4127425527885242e-68,0,0
state,1486,4.1498539878295545e-68,4.1498539878295553e-68,8.2360921431488463e-84,8.2360921431488463e-84
state,1487,2.395330684039036e-68,2.395330684039034e-68,2.0590230357872116e-83,2.0590230357872116e-83
state,1488,1002.2696253560504,1002.2696253560504,0,0
state,1489,3.5378509839962967e-70,3.5378509839962948e-70,1.9303340960505108e-85,1.9303340960505108e-85
state,1490,6.0039671392516577e-70,6.0039671392516526e-70,5.1475575894680289e-85,5.1475575894680289e-85
state,1491,3.5099180632568429e-70,3.509918063256841e-70,1.9303340960505108e-85,1.9303340960505108e-85
state,1492,5.9720617281322133e-70,5.9720617281322107e-70,2.5737787947340145e-85,2.5737787947340145e-85
state,1493,3.4852020258946673e-70,3.4852020258946602e-70,7.0778916855185398e-85,7.0778916855185398e-85
state,1494,1002.2696253560504,1002.2696253560504,0,0
state,1495,5.0251851701523257e-72,5.0251851701523177e-72,8.0430587335437952e-87,8.0430587335437952e-87
state,1496,8.4400627606663466e-72,8.4400627606663295e-72,1.7091499808780565e-86,1.7091499808780565e-86
state,1497,4.9864431674858586e-72,4.9864431674858496e-72,9.0484410752367696e-87,9.0484410752367696e-87
state,1498,8.3963347960733091e-72,8.396334796073295e-72,1.4075352783701642e-86,1.4075352783701642e-86
state,1499,4.9521686308975707e-72,4.9521686308975576e-72,1.3069970442008667e-86,1.3069970442008667e-86
state,1500,1002.2696253560504,1002.2696253560504,0,0
state,1501,6.9744270551680833e-74,6.9744270551680652e-74,1.8065463952295634e-88,1.8065463952295634e-88
state,1502,1.15971698078478e-73,1.159716980784777e-73,2.9847288269010177e-88,2.9847288269010177e-88
state,1503,6.921906226203372e-74,6.9219062262033555e-74,1.6494554043400361e-88,1.6494554043400361e-88
state,1504,1.1538565370252493e-73,1.1538565370252465e-73,2.8276378360114905e-88,2.8276378360114905e-88
state,1505,6.8754496204807035e-74,6.8754496204806791e-74,2.4349103587876724e-88,2.4349103587876724e-88
state,1506,1002.2696253560504,1002.2696253560504,0,0
state,1507,9.4630304956466306e-76,9.4630304956466012e-76,2.9454560791786359e-90,2.9454560791786359e-90
state,1508,1.5583649730585961e-75,1.5583649730585903e-75,5.8909121583572719e-90,5.8909121583572719e-90
state,1509,9.393403389272587e-76,9.3934033892725613e-76,2.5772740692813064e-90,2.5772740692813064e-90
state,1510,1.5506811230080368e-75,1.5506811230080324e-75,4.4181841187679539e-90,4.4181841187679539e-90
state,1511,9.3318261719455423e-76,9.3318261719455005e-76,4.1727294455030676e-90,4.1727294455030676e-90
state,1512,1002.2696253560504,1002.2696253560504,0,0
state,1513,1.2558208612048809e-77,1.2558208612048874e-77,6.5198897585985431e-92,6.5198897585985431e-92
state,1514,2.0487976880422858e-77,2.0487976880422954e-77,9.5880731744096222e-92,9.5880731744096222e-92
state,1515,1.2467900617573734e-77,1.2467900617573795e-77,6.1363668316221582e-92,6.1363668316221582e-92
state,1516,2.0389372430298134e-77,2.0389372430298237e-77,1.0355119028362392e-91,1.0355119028362392e-91
state,1517,1.2388047251757429e-77,1.2388047251757479e-77,4.9857980506930035e-92,4.9857980506930035e-92
state,1518,1002.2696253560504,1002.2696253560504,0,0
state,1519,1.630802288868149e-79,1.6308022888681556e-79,6.5918003074066152e-94,6.5918003074066152e-94
state,1520,2.6365395390409198e-79,2.6365395390409288e-79,8.9888186010090208e-94,8.9888186010090208e-94
state,1521,1.6193374009888055e-79,1.6193374009888127e-79,7.1910548808072166e-94,7.1910548808072166e-94
state,1522,2.6241496531096356e-79,2.6241496531096458e-79,1.0187327747810224e-93,1.0187327747810224e-93
state,1523,1.6092015145816778e-79,1.6092015145816829e-79,5.0936638739051118e-94,5.0936638739051118e-94
state,1524,1002.2696253560504,1002.2696253560504,0,0
state,1525,2.0732040635245167e-81,2.0732040635245232e-81,6.5543468965690777e-96,6.5543468965690777e-96
state,1526,3.322451308789298e-81,3.322451308789306e-81,7.9588498029767372e-96,7.9588498029767372e-96
state,1527,2.0589514250968189e-81,2.0589514250968257e-81,6.7884307143036876e-96,6.7884307143036876e-96
state,1528,3.3072013948862709e-81,3.3072013948862835e-81,1.2640526157668935e-95,1.2640526157668935e-95
state,1529,2.0463531313689534e-81,2.0463531313689586e-81,5.1498439901614182e-96,5.1498439901614182e-96
state,1530,300,300,0,0
state,1531,300.00490681945877,300.00490681945877,0,0
state,1532,300.00155995793546,300.00155995793546,0,0
state,1533,300.00024823765295,300.00024823765295,0,0
state,1534,300.0000306092133,300.0000306092133,0,0
state,1535,300.00000316350582,300.00000316350582,0,0
state,1536,300.00000028252077,300.00000028252077,0,0
state,1537,300.00000002221748,300.00000002221748,0,0
state,1538,300.00000000155865,300.00000000155865,0,0
state,1539,300.0000000000976,300.0000000000976,0,0
state,1540,300.00000000000477,300.00000000000477,0,0
state,1541,300,300,0,0
state,1542,300,300,0,0
state,1543,300,300,0,0
state,1544,300,300,0,0
state,1545,300,300,0,0
state,1546,300,300,0,0
state,1547,300,300,0,0
state,1548,300,300,0,0
state,1549,300,300,0,0
state,1550,300,300,0,0
state,1551,300,300,0,0
state,1552,300,300,0,0
state,1553,300,300,0,0
state,1554,300,300,0,0
state,1555,300,300,0,0
state,1556,300,300,0,0
state,1557,300,300,0,0
state,1558,300,300,0,0
state,1559,300,300,0,0
state,1560,300,300,0,0
state,1561,300,300,0,0
state,1562,300,300,0,0
state,1563,300,300,0,0
state,1564,300,300,0,0
state,1565,300,300,0,0
state,1566,300,300,0,0
state,1567,300,300,0,0
state,1568,300,300,0,0
state,1569,300,300,0,0
state,1570,300,300,0,0
state,1571,300,300,0,0
state,1572,300,300,0,0
state,1573,300,300,0,0
state,1574,300,300,0,0
state,1575,300,300,0,0
state,1576,300,300,0,0
state,1577,300,300,0,0
state,1578,300,300,0,0
state,1579,300,300,0,0
state,1580,300,300,0,0
state,1581,301.96384898232202,301.96384898232202,0,0
state,1582,301.43225413286137,301.43225413286137,0,0
state,1583,300.24126739043658,300.24126739043658,0,0
state,1584,300.00843007135558,300.00843007135558,0,0
state,1585,300.00024604409305,300.00024604409305,0,0
state,1586,300.00000727135762,300.00000727135762,0,0
state,1587,300.00000021824803,300.00000021824803,0,0
state,1588,300.00000000615051,300.00000000615051,0,0
state,1589,300,300,0,0
state,1590,300,300,0,0
state,1591,300,300,0,0
state,1592,300,300,0,0
state,1593,300,300,0,0
state,1594,300,300,0,0
state,1595,300,300,0,0
state,1596,300,300,0,0
state,1597,300,300,0,0
state,1598,300,300,0,0
state,1599,300,300,0,0
state,1600,300,300,0,0
state,1601,300,300,0,0
state,1602,300,300,0,0
state,1603,300,300,0,0
state,1604,300,300,0,0
state,1605,300,300,0,0
state,1606,300,300,0,0
state,1607,300,300,0,0
state,1608,300,300,0,0
state,1609,300,300,0,0
state,1610,300,300,0,0
state,1611,300,300,0,0
state,1612,300,300,0,0
state,1613,300,300,0,0
state,1614,300,300,0,0
state,1615,300,300,0,0
state,1616,300,300,0,0
state,1617,300,300,0,0
state,1618,300,300,0,0
state,1619,300,300,0,0
state,1620,300,300,0,0
state,1621,300,300,0,0
state,1622,300,300,0,0
state,1623,300,300,0,0
state,1624,300,300,0,0
state,1625,300,300,0,0
state,1626,300,300,0,0
state,1627,300,300,0,0
state,1628,300,300,0,0
state,1629,300,300,0,0
state,1630,300,300,0,0
state,1631,300,300,0,0
state,1632,300,300,0,0
state,1633,300.00000018792753,300.00000018792753,0,0
state,1634,300.00000004828655,300.00000004828655,0,0
state,1635,300.00000000633588,300.00000000633588,0,0
state,1636,300.00000000065597,300.00000000065597,0,0
state,1637,300.00000000005696,300.00000000005696,0,0
state,1638,300.00000000000341,300.00000000000341,0,0
state,1639,300,300,0,0
state,1640,300,300,0,0
state,1641,300,300,0,0
state,1642,300,300,0,0
state,1643,300,300,0,0
state,1644,300,300,0,0
state,1645,300,300,0,0
state,1646,300,300,0,0
state,1647,300,300,0,0
state,1648,300,300,0,0
state,1649,300,300,0,0
state,1650,300,300,0,0
state,1651,300,300,0,0
state,1652,300,300,0,0
state,1653,300,300,0,0
state,1654,300,300,0,0
state,1655,300,300,0,0
state,1656,300,300,0,0
state,1657,300,300,0,0
state,1658,300,300,0,0
state,1659,300,300,0,0
state,1660,300,300,0,0
state,1661,300,300,0,0
state,1662,300,300,0,0
state,1663,300,300,0,0
state,1664,300,300,0,0
state,1665,300,300,0,0
state,1666,300,300,0,0
state,1667,300,300,0,0
state,1668,300,300,0,0
state,1669,300,300,0,0
state,1670,300,300,0,0
state,1671,300,300,0,0
state,1672,300,300,0,0
state,1673,300,300,0,0
state,1674,300,300,0,0
state,1675,300,300,0,0
state,1676,300,300,0,0
state,1677,300,300,0,0
state,1678,300,300,0,0
state,1679,300,300,0,0
state,1680,300,300,0,0
state,1681,300,300,0,0
state,1682,300,300,0,0
total_pressure,0,2500000,2500000,0,0
total_pressure,1,2499840.1175340065,2499840.1175340065,0,0
total_pressure,2,2499742.3636434949,2499742.3636434949,0,0
total_pressure,3,2499655.5079434798,2499655.5079434798,0,0
total_pressure,4,2499569.0671174629,2499569.0671174629,0,0
total_pressure,5,2499482.6390375923,2499482.6390375923,0,0
total_pressure,6,2499396.2113564615,2499396.2113564615,0,0
total_pressure,7,2499309.7836880665,2499309.7836880665,0,0
total_pressure,8,2499223.3560201558,2499223.3560201558,0,0
total_pressure,9,2499136.9283522568,2499136.9283522568,0,0
total_pressure,10,2499050.5006843586,2499050.5006843586,0,0
total_pressure,11,2498964.0730164605,2498964.0730164605,0,0
total_pressure,12,2498877.6453485624,2498877.6453485624,0,0
total_pressure,13,2498791.2176806643,2498791.2176806643,0,0
total_pressure,14,2498704.7900127661,2498704.7900127661,0,0
total_pressure,15,2498618.362344868,2498618.362344868,0,0
total_pressure,16,2498531.9346769699,2498531.9346769699,0,0
total_pressure,17,2498445.5070090718,2498445.5070090718,0,0
total_pressure,18,2498359.0793411736,2498359.0793411736,0,0
total_pressure,19,2498272.6516732755,2498272.6516732755,0,0
total_pressure,20,2498186.2240053774,2498186.2240053774,0,0
total_pressure,21,2498099.7963374793,2498099.7963374793,0,0
total_pressure,22,2498013.3686695811,2498013.3686695811,0,0
total_pressure,23,2497926.941001683,2497926.941001683,0,0
total_pressure,24,2497840.5133337849,2497840.5133337849,0,0
total_pressure,25,2497754.0856658868,2497754.0856658868,0,0
total_pressure,26,2497667.6579979886,2497667.6579979886,0,0
total_pressure,27,2497581.2303300905,2497581.2303300905,0,0
total_pressure,28,2497494.8026621924,2497494.8026621924,0,0
total_pressure,29,2497408.3749942943,2497408.3749942943,0,0
total_pressure,30,2497321.9473263961,2497321.9473263961,0,0
total_pressure,31,2497235.519658498,2497235.519658498,0,0
total_pressure,32,2497149.0919905999,2497149.0919905999,0,0
total_pressure,33,2497062.6643227017,2497062.6643227017,0,0
total_pressure,34,2496976.2366548036,2496976.2366548036,0,0
total_pressure,35,2496889.8089869055,2496889.8089869055,0,0
total_pressure,36,2496803.3813190074,2496803.3813190074,0,0
total_pressure,37,2496716.9536511092,2496716.9536511092,0,0
total_pressure,38,2496630.5259832111,2496630.5259832111,0,0
total_pressure,39,2496544.098315313,2496544.098315313,0,0
total_pressure,40,2496457.6706474149,2496457.6706474149,0,0
total_pressure,41,2496371.2429795167,2496371.2429795167,0,0
total_pressure,42,2496284.8153116186,2496284.8153116186,0,0
total_pressure,43,2496198.3876437205,2496198.3876437205,0,0
total_pressure,44,2496111.9599758224,2496111.9599758224,0,0
total_pressure,45,2496025.5323079242,2496025.5323079242,0,0
total_pressure,46,2495939.1046400261,2495939.1046400261,0,0
total_pressure,47,2495852.676972128,2495852.676972128,0,0
total_pressure,48,2495766.2493042299,2495766.2493042299,0,0
total_pressure,49,2495679.8216363317,2495679.8216363317,0,0
total_pressure,50,2495593.3939684336,2495593.3939684336,0,0
interstitial_gas_velocity,0,0.10000000000000001,0.10000000000000001,0,0
interstitial_gas_velocity,1,0.078048735625867213,0.07804873562586713,8.3266726846886741e-17,8.3266726846886741e-17
interstitial_gas_velocity,2,0.073536850814881108,0.073536850814881108,0,0
interstitial_gas_velocity,3,0.073360511615616034,0.073360511615616034,0,0
interstitial_gas_velocity,4,0.07335509832530436,0.073355098325304346,1.3877787807814457e-17,1.3877787807814457e-17
interstitial_gas_velocity,5,0.073354928948016013,0.073354928948016013,0,0
interstitial_gas_velocity,6,0.073354923537174169,0.073354923537174169,0,0
interstitial_gas_velocity,7,0.073354923333963457,0.073354923333963457,0,0
interstitial_gas_velocity,8,0.073354923326074697,0.073354923326074711,1.3877787807814457e-17,1.3877787807814457e-17
interstitial_gas_velocity,9,0.073354923325717997,0.073354923325717997,0,0
interstitial_gas_velocity,10,0.073354923325671187,0.073354923325671187,0,0
interstitial_gas_velocity,11,0.073354923325666246,0.073354923325666246,0,0
interstitial_gas_velocity,12,0.073354923325665775,0.073354923325665775,0,0
interstitial_gas_velocity,13,0.073354923325665636,0.073354923325665636,0,0
interstitial_gas_velocity,14,0.07335492332566565,0.07335492332566565,0,0
interstitial_gas_velocity,15,0.07335492332566565,0.07335492332566565,0,0
interstitial_gas_velocity,16,0.07335492332566565,0.07335492332566565,0,0
interstitial_gas_velocity,17,0.07335492332566565,0.07335492332566565,0,0
interstitial_gas_velocity,18,0.07335492332566565,0.07335492332566565,0,0
interstitial_gas_velocity,19,0.07335492332566565,0.07335492332566565,0,0
interstitial_gas_velocity,20,0.07335492332566565,0.07335492332566565,0,0
interstitial_gas_velocity,21,0.07335492332566565,0.07335492332566565,0,0
interstitial_gas_velocity,22,0.07335492332566565,0.07335492332566565,0,0
interstitial_gas_velocity,23,0.07335492332566565,0.07335492332566565,0,0
interstitial_gas_velocity,24,0.07335492332566565,0.07335492332566565,0,0
interstitial_gas_velocity,25,0.07335492332566565,0.07335492332566565,0,0
interstitial_gas_velocity,26,0.07335492332566565,0.07335492332566565,0,0
interstitial_gas_velocity,27,0.07335492332566565,0.07335492332566565,0,0
interstitial_gas_velocity,28,0.07335492332566565,0.07335492332566565,0,0
interstitial_gas_velocity,29,0.07335492332566565,0.07335492332566565,0,0
interstitial_gas_velocity,30,0.07335492332566565,0.07335492332566565,0,0
interstitial_gas_velocity,31,0.07335492332566565,0.07335492332566565,0,0
interstitial_gas_velocity,32,0.07335492332566565,0.07335492332566565,0,0
interstitial_gas_velocity,33,0.07335492332566565,0.07335492332566565,0,0
interstitial_gas_velocity,34,0.07335492332566565,0.07335492332566565,0,0
interstitial_gas_velocity,35,0.07335492332566565,0.07335492332566565,0,0
interstitial_gas_velocity,36,0.07335492332566565,0.07335492332566565,0,0
interstitial_gas_velocity,37,0.07335492332566565,0.07335492332566565,0,0
interstitial_gas_velocity,38,0.07335492332566565,0.07335492332566565,0,0
interstitial_gas_velocity,39,0.07335492332566565,0.07335492332566565,0,0
interstitial_gas_velocity,40,0.07335492332566565,0.07335492332566565,0,0
interstitial_gas_velocity,41,0.07335492332566565,0.07335492332566565,0,0
interstitial_gas_velocity,42,0.07335492332566565,0.07335492332566565,0,0
interstitial_gas_velocity,43,0.07335492332566565,0.07335492332566565,0,0
interstitial_gas_velocity,44,0.07335492332566565,0.07335492332566565,0,0
interstitial_gas_velocity,45,0.07335492332566565,0.07335492332566565,0,0
interstitial_gas_velocity,46,0.07335492332566565,0.07335492332566565,0,0
interstitial_gas_velocity,47,0.07335492332566565,0.07335492332566565,0,0
interstitial_gas_velocity,48,0.07335492332566565,0.07335492332566565,0,0
interstitial_gas_velocity,49,0.07335492332566565,0.07335492332566565,0,0
interstitial_gas_velocity,50,0.07335492332566565,0.07335492332566565,0,0
