field,index,singlebed,multibed,absolute_difference,relative_difference
state,0,701.58873774923518,701.58873774923518,0,0
state,1,60.136177521363017,60.136177521363017,0,0
state,2,60.136177521363017,60.136177521363017,0,0
state,3,60.136177521363017,60.136177521363017,0,0
state,4,60.136177521363017,60.136177521363017,0,0
state,5,60.136177521363017,60.136177521363017,0,0
state,6,896.09587862951309,896.09587862951309,0,0
state,7,22.241524777585866,22.241524777585866,0,0
state,8,21.973383071965742,21.973383071965742,0,0
state,9,21.056985230398777,21.056985230398777,0,0
state,10,20.98754280314883,20.98754280314882,1.0658141036401503e-14,5.0783177127350163e-16
state,11,19.948414710318048,19.948414710318048,0,0
state,12,992.18120068997473,992.18120068997473,0,0
state,13,2.0580440899267538,2.0580440899267538,0,0
state,14,2.3609335662431237,2.3609335662431237,0,0
state,15,1.8513650470632912,1.8513650470632903,8.8817841970012523e-16,4.7974245873821001e-16
state,16,2.1743229354139233,2.1743229354139229,4.4408920985006262e-16,2.0424252654333606e-16
state,17,1.6794039753818431,1.6794039753818424,6.6613381477509392e-16,3.9664894482796274e-16
state,18,1001.9521455440321,1001.9521455440321,0,0
state,19,0.054011255653502295,0.054011255653502281,1.3877787807814457e-17,1.3877787807814457e-17
state,20,0.091446637575814213,0.091446637575814227,1.3877787807814457e-17,1.3877787807814457e-17
state,21,0.0485308382784604,0.0485308382784604,0,0
state,22,0.084180568706100925,0.084180568706100967,4.163336342344337e-17,4.163336342344337e-17
state,23,0.043990692563440528,0.043990692563440528,0,0
state,24,1002.2600548181779,1002.2600548181779,0,0
state,25,0.0012961495284689142,0.001296149528468915,8.6736173798840355e-19,8.6736173798840355e-19
state,26,0.0032212195723305722,0.0032212195723305714,8.6736173798840355e-19,8.6736173798840355e-19
state,27,0.0011674320459191866,0.0011674320459191829,3.6862873864507151e-18,3.6862873864507151e-18
state,28,0.0029743087217694452,0.0029743087217694456,4.3368086899420177e-19,4.3368086899420177e-19
state,29,0.0010606035614757427,0.0010606035614757431,4.3368086899420177e-19,4.3368086899420177e-19
state,30,1002.269327681186,1002.269327681186,0,0
state,31,3.1045887680153692e-05,3.1045887680153706e-05,1.3552527156068805e-20,1.3552527156068805e-20
state,32,0.0001129300414531396,0.0001129300414531396,0,0
state,33,2.8034482043228453e-05,2.8034482043228406e-05,4.7433845046240819e-20,4.7433845046240819e-20
state,34,0.0001046157192093652,0.00010461571920936523,2.7105054312137611e-20,2.7105054312137611e-20
state,35,2.5530084092207723e-05,2.5530084092207709e-05,1.3552527156068805e-20,1.3552527156068805e-20
state,36,1002.2696158428064,1002.2696158428064,0,0
state,37,7.4388090681515059e-07,7.4388090681515049e-07,1.0587911840678754e-22,1.0587911840678754e-22
state,38,3.9519084668554129e-06,3.9519084668554137e-06,8.4703294725430034e-22,8.4703294725430034e-22
state,39,6.7349834681147781e-07,6.734983468114776e-07,2.1175823681357508e-22,2.1175823681357508e-22
state,40,3.6733552328127303e-06,3.6733552328127307e-06,4.2351647362715017e-22,4.2351647362715017e-22
state,41,6.1484262251836971e-07,6.1484262251836971e-07,0,0
state,42,1002.2696250353592,1002.2696250353592,0,0
state,43,1.7839677417008176e-08,1.7839677417008143e-08,3.3087224502121107e-23,3.3087224502121107e-23
state,44,1.3803135179175502e-07,1.3803135179175494e-07,7.9409338805090657e-23,7.9409338805090657e-23
state,45,1.6196221973567304e-08,1.6196221973567284e-08,1.9852334701272664e-23,1.9852334701272664e-23
state,46,1.2875170196847292e-07,1.2875170196847276e-07,1.5881867761018131e-22,1.5881867761018131e-22
state,47,1.4823629349801713e-08,1.4823629349801713e-08,0,0
state,48,1002.2696252972606,1002.2696252972604,2.2737367544323206e-13,2.2685879099229001e-16
state,49,3.5975050896977107e-09,3.5975050896977037e-09,7.0310352067007352e-24,7.0310352067007352e-24
state,50,2.5000501667161841e-08,2.5000501667161851e-08,9.9261673506363321e-24,9.9261673506363321e-24
state,51,3.3452478838185658e-09,3.3452478838185687e-09,2.8951321439355969e-24,2.8951321439355969e-24
state,52,2.3710867622617607e-08,2.3710867622617547e-08,5.9557004103817993e-23,5.9557004103817993e-23
state,53,3.1317254441947055e-09,3.1317254441947043e-09,1.2407709188295415e-24,1.2407709188295415e-24
state,54,1002.269625347004,1002.2696253470041,1.1368683772161603e-13,1.134293954905154e-16
state,55,6.1991347100313447e-10,6.1991347100313396e-10,5.169878828456423e-25,5.169878828456423e-25
state,56,3.713924958769219e-09,3.713924958769224e-09,4.963083675318166e-24,4.963083675318166e-24
state,57,5.8654487615559275e-10,5.8654487615559295e-10,2.0679515313825692e-25,2.0679515313825692e-25
state,58,3.5636280776469803e-09,3.563628077646972e-09,8.2718061255302767e-24,8.2718061255302767e-24
state,59,5.5801577817423746e-10,5.5801577817423746e-10,0,0
state,60,1002.2696253548899,1002.2696253548899,0,0
state,61,8.8315620047743976e-11,8.8315620047744002e-11,2.5849394142282115e-26,2.5849394142282115e-26
state,62,4.5862566963317046e-10,4.5862566963317108e-10,6.2038545941477076e-25,6.2038545941477076e-25
state,63,8.4485403690713673e-11,8.4485403690713647e-11,2.5849394142282115e-26,2.5849394142282115e-26
state,64,4.4355110063693576e-10,4.4355110063693483e-10,9.3057818912215613e-25,9.3057818912215613e-25
state,65,8.1187842670613005e-11,8.1187842670613018e-11,1.2924697071141057e-26,1.2924697071141057e-26
state,66,1002.2696253559228,1002.2696253559228,0,0
state,67,1.037190410779807e-11,1.0371904107798077e-11,6.4623485355705287e-27,6.4623485355705287e-27
state,68,4.7703975227673665e-11,4.7703975227673691e-11,2.5849394142282115e-26,2.5849394142282115e-26
state,69,9.9904722510139494e-12,9.9904722510139365e-12,1.2924697071141057e-26,1.2924697071141057e-26
state,70,4.63827206634757e-11,4.6382720663475597e-11,1.0339757656912846e-25,1.0339757656912846e-25
state,71,9.6605771838896018e-12,9.6605771838895986e-12,3.2311742677852644e-27,3.2311742677852644e-27
state,72,1002.269625356037,1002.269625356037,0,0
state,73,1.0199702208737275e-12,1.0199702208737297e-12,2.2214323091023692e-27,2.2214323091023692e-27
state,74,4.2450109841192289e-12,4.2450109841192378e-12,8.885729236409477e-27,8.885729236409477e-27
state,75,9.8690316075764701e-13,9.869031607576468e-13,2.0194839173657902e-28,2.0194839173657902e-28
state,76,4.142739807673137e-12,4.142739807673137e-12,0,0
state,77,9.5821901468710973e-13,9.5821901468711115e-13,1.4136387421560532e-27,1.4136387421560532e-27
state,78,1002.2696253560503,1002.2696253560503,0,0
state,79,8.5725441952776708e-14,8.5725441952776847e-14,1.3883951931889808e-28,1.3883951931889808e-28
state,80,3.284277350260488e-13,3.2842773502604905e-13,2.5243548967072378e-28,2.5243548967072378e-28
state,81,8.3210087801878369e-14,8.3210087801878268e-14,1.0097419586828951e-28,1.0097419586828951e-28
state,82,3.2137318899481144e-13,3.2137318899481114e-13,3.0292258760486853e-28,3.0292258760486853e-28
state,83,8.1023919128855228e-14,8.1023919128855317e-14,8.8352421384753322e-29,8.8352421384753322e-29
state,84,1002.2696253560504,1002.2696253560504,0,0
state,85,6.2785360603643397e-15,6.2785360603643405e-15,7.8886090522101181e-31,7.8886090522101181e-31
state,86,2.242890988629391e-14,2.2428909886293907e-14,3.1554436208840472e-30,3.1554436208840472e-30
state,87,6.1089121000192653e-15,6.1089121000192511e-15,1.4199496293978212e-29,1.4199496293978212e-29
state,88,2.1991511669245338e-14,2.1991511669245294e-14,4.4176210692376661e-29,4.4176210692376661e-29
state,89,5.9612984505169038e-15,5.9612984505169062e-15,2.3665827156630354e-30,2.3665827156630354e-30
state,90,1002.2696253560504,1002.2696253560504,0,0
state,91,4.0748146503923937e-16,4.0748146503924016e-16,7.8886090522101181e-31,7.8886090522101181e-31
state,92,1.3702949410935473e-15,1.3702949410935481e-15,7.8886090522101181e-31,7.8886090522101181e-31
state,93,3.9723151612942046e-16,3.9723151612942002e-16,4.4373425918681914e-31,4.4373425918681914e-31
state,94,1.3457145548063288e-15,1.345714554806328e-15,7.8886090522101181e-31,7.8886090522101181e-31
state,95,3.8830391644265773e-16,3.8830391644265867e-16,9.3677232494995152e-31,9.3677232494995152e-31
state,96,1002.2696253560504,1002.2696253560504,0,0
state,97,2.3764807289876375e-17,2.3764807289876393e-17,1.8488927466117464e-32,1.8488927466117464e-32
state,98,7.5769192950945687e-17,7.576919295094565e-17,3.6977854932234928e-32,3.6977854932234928e-32
state,99,2.3204118410775273e-17,2.3204118410775227e-17,4.622231866529366e-32,4.622231866529366e-32
state,100,7.4507313452552297e-17,7.4507313452552186e-17,1.1093356479670479e-31,1.1093356479670479e-31
state,101,2.2715477751035231e-17,2.2715477751035258e-17,2.7733391199176196e-32,2.7733391199176196e-32
state,102,1002.2696253560504,1002.2696253560504,0,0
state,103,1.2599918783580653e-18,1.2599918783580653e-18,0,0
state,104,3.8294857917485675e-18,3.8294857917485628e-18,4.622231866529366e-33,4.622231866529366e-33
state,105,1.2319710092572209e-18,1.2319710092572178e-18,3.0814879110195774e-33,3.0814879110195774e-33
state,106,3.7698759712746821e-18,3.7698759712746736e-18,8.4740917553038378e-33,8.4740917553038378e-33
state,107,1.2075410450028941e-18,1.2075410450028941e-18,0,0
state,108,1002.2696253560504,1002.2696253560504,0,0
state,109,6.1315957132414507e-20,6.1315957132414579e-20,7.2222372914521344e-35,7.2222372914521344e-35
state,110,1.7840551309235752e-19,1.7840551309235757e-19,4.8148248609680896e-35,4.8148248609680896e-35
state,111,6.0026150324020374e-20,6.002615032402029e-20,8.4259435066941569e-35,8.4259435066941569e-35
state,112,1.7579725855617376e-19,1.7579725855617371e-19,4.8148248609680896e-35,4.8148248609680896e-35
state,113,5.8901332808231792e-20,5.8901332808231889e-20,9.6296497219361793e-35,9.6296497219361793e-35
state,114,1002.2696253560504,1002.2696253560504,0,0
state,115,2.7606736193559664e-21,2.7606736193559732e-21,6.770847460736376e-36,6.770847460736376e-36
state,116,7.7161022154886671e-21,7.7161022154886806e-21,1.3541694921472752e-35,1.3541694921472752e-35
state,117,2.7056024167559206e-21,2.7056024167559213e-21,7.5231638452626401e-37,7.5231638452626401e-37
state,118,7.6097663263439434e-21,7.609766326343954e-21,1.0532429383367696e-35,1.0532429383367696e-35
state,119,2.6575676218010459e-21,2.6575676218010538e-21,7.8993220375257721e-36,7.8993220375257721e-36
state,120,1002.2696253560504,1002.2696253560504,0,0
state,121,1.1576808546291717e-22,1.1576808546291734e-22,1.6456920911512025e-37,1.6456920911512025e-37
state,122,3.117098905829959e-22,3.1170989058299623e-22,3.291384182302405e-37,3.291384182302405e-37
state,123,1.1357352450554137e-22,1.1357352450554127e-22,9.4039548065783001e-38,9.4039548065783001e-38
state,124,3.0764929262542926e-22,3.0764929262542954e-22,2.82118644197349e-37,2.82118644197349e-37
state,125,1.1165917653896536e-22,1.1165917653896558e-22,2.1158898314801175e-37,2.1158898314801175e-37
state,126,1002.2696253560504,1002.2696253560504,0,0
state,127,4.5470835963520111e-24,4.5470835963520133e-24,2.2040519077917891e-39,2.2040519077917891e-39
state,128,1.1822852647403691e-23,1.1822852647403695e-23,4.4081038155835782e-39,4.4081038155835782e-39
state,129,4.4650289861190811e-24,4.4650289861190745e-24,6.6121557233753672e-39,6.6121557233753672e-39
state,130,1.1676937063611571e-23,1.167693706361158e-23,8.8162076311671563e-39,8.8162076311671563e-39
state,131,4.3934487893700228e-24,4.3934487893700295e-24,6.6121557233753672e-39,6.6121557233753672e-39
state,132,1002.2696253560504,1002.2696253560504,0,0
state,133,1.6807921351656186e-25,1.6807921351656179e-25,6.8876622118493409e-41,6.8876622118493409e-41
state,134,4.229105993281894e-25,4.2291059932818922e-25,1.8367099231598242e-40,1.8367099231598242e-40
state,135,1.6518726457324608e-25,1.6518726457324576e-25,3.2142423655296924e-40,3.2142423655296924e-40
state,136,4.1795609138476376e-25,4.1795609138476376e-25,0,0
state,137,1.6266449846979244e-25,1.6266449846979262e-25,1.8367099231598242e-40,1.8367099231598242e-40
state,138,1002.2696253560504,1002.2696253560504,0,0
state,139,5.8707965829733215e-27,5.8707965829733136e-27,7.8921129510773697e-42,7.8921129510773697e-42
state,140,1.4321812947203785e-26,1.4321812947203764e-26,2.0089014784560578e-41,2.0089014784560578e-41
state,141,5.7743369687238866e-27,5.7743369687238716e-27,1.5066761088420433e-41,1.5066761088420433e-41
state,142,1.4162275590583e-26,1.4162275590582986e-26,1.4349296274686127e-41,1.4349296274686127e-41
state,143,5.6901951533789722e-27,5.6901951533789757e-27,3.5873240686715317e-42,3.5873240686715317e-42
state,144,1002.2696253560504,1002.2696253560504,0,0
state,145,1.9444699706188385e-28,1.944469970618843e-28,4.4841550858394146e-43,4.4841550858394146e-43
state,146,4.6069853547446135e-28,4.6069853547446225e-28,8.9683101716788293e-43,8.9683101716788293e-43
state,147,1.9139153853593185e-28,1.9139153853593201e-28,1.5694542800437951e-43,1.5694542800437951e-43
state,148,4.5581113152967302e-28,4.5581113152967428e-28,1.2555634240350361e-42,1.2555634240350361e-42
state,149,1.887264651345029e-28,1.8872646513450364e-28,7.3988558916350341e-43,7.3988558916350341e-43
state,150,1002.2696253560504,1002.2696253560504,0,0
state,151,6.1255502943476942e-30,6.1255502943477019e-30,7.7071415537864939e-45,7.7071415537864939e-45
state,152,1.4117774972312319e-29,1.4117774972312336e-29,1.6815581571897805e-44,1.6815581571897805e-44
state,153,6.0333569675215828e-30,6.0333569675215835e-30,7.0064923216240854e-46,7.0064923216240854e-46
state,154,1.3974925970346747e-29,1.3974925970346769e-29,2.2420775429197073e-44,2.2420775429197073e-44
state,155,5.9529511494573594e-30,5.9529511494573791e-30,1.9618178500547439e-44,1.9618178500547439e-44
state,156,1002.2696253560504,1002.2696253560504,0,0
state,157,1.8402744353753031e-31,1.8402744353753042e-31,1.0947644252537633e-46,1.0947644252537633e-46
state,158,4.1319322760346757e-31,4.1319322760346766e-31,8.7581154020301067e-47,8.7581154020301067e-47
state,159,1.8137058894790285e-31,1.8137058894790274e-31,1.0947644252537633e-46,1.0947644252537633e-46
state,160,4.0919978375463034e-31,4.0919978375463086e-31,5.254869241218064e-46,5.254869241218064e-46
state,161,1.7905371872344371e-31,1.7905371872344415e-31,4.3790577010150533e-46,4.3790577010150533e-46
state,162,1002.2696253560504,1002.2696253560504,0,0
state,163,5.2848448757833724e-33,5.2848448757833717e-33,6.8422776578360209e-49,6.8422776578360209e-49
state,164,1.1575928507866623e-32,1.1575928507866618e-32,5.4738221262688167e-48,5.4738221262688167e-48
state,165,5.2115462098281654e-33,5.2115462098281585e-33,6.8422776578360209e-48,6.8422776578360209e-48
state,166,1.1468910844580459e-32,1.1468910844580468e-32,8.210733189403225e-48,8.210733189403225e-48
state,167,5.14763628603769e-33,5.1476362860376968e-33,6.8422776578360209e-48,6.8422776578360209e-48
state,168,1002.2696253560504,1002.2696253560504,0,0
state,169,1.4537864772279962e-34,1.4537864772279947e-34,1.4967482376516296e-49,1.4967482376516296e-49
state,170,3.1106036323378557e-34,3.1106036323378522e-34,3.4211388289180104e-49,3.4211388289180104e-49
state,171,1.4343873447212622e-34,1.4343873447212594e-34,2.7796752984958835e-49,2.7796752984958835e-49
state,172,3.0830574498143821e-34,3.0830574498143812e-34,8.5528470722950261e-50,8.5528470722950261e-50
state,173,1.4174756697691895e-34,1.4174756697691902e-34,6.4146353042212696e-50,6.4146353042212696e-50
state,174,1002.2696253560504,1002.2696253560504,0,0
state,175,3.8379656776769601e-36,3.8379656776769694e-36,9.3546764853226848e-51,9.3546764853226848e-51
state,176,8.031558542417799e-36,8.031558542417819e-36,2.0045735325691467e-50,2.0045735325691467e-50
state,177,3.7886226476178764e-36,3.7886226476178837e-36,7.350102952753538e-51,7.350102952753538e-51
state,178,7.9633348768274348e-36,7.9633348768274615e-36,2.6727647100921956e-50,2.6727647100921956e-50
state,179,3.7456138606601193e-36,3.7456138606601354e-36,1.6036588260553174e-50,1.6036588260553174e-50
state,180,1002.2696253560504,1002.2696253560504,0,0
state,181,9.7402215739123189e-38,9.7402215739123335e-38,1.4616682008316695e-52,1.4616682008316695e-52
state,182,1.9958377767083875e-37,1.9958377767083904e-37,2.923336401663339e-52,2.923336401663339e-52
state,183,9.6194005381340646e-38,9.6194005381340771e-38,1.2528584578557167e-52,1.2528584578557167e-52
state,184,1.9795535296669961e-37,1.9795535296670007e-37,4.5938143454709613e-52,4.5938143454709613e-52
state,185,9.514108141462159e-38,9.5141081414621903e-38,3.1321461446392918e-52,3.1321461446392918e-52
state,186,1002.2696253560504,1002.2696253560504,0,0
state,187,2.3799784630554365e-39,2.3799784630554371e-39,6.5253044679985245e-55,6.5253044679985245e-55
state,188,4.7803564538881487e-39,4.780356453888152e-39,3.2626522339992623e-54,3.2626522339992623e-54
state,189,2.3514565936505883e-39,2.3514565936505896e-39,1.3050608935997049e-54,1.3050608935997049e-54
state,190,4.7428433184348862e-39,4.7428433184348927e-39,6.5253044679985245e-54,6.5253044679985245e-54
state,191,2.326605104641315e-39,2.3266051046413206e-39,5.5465087977987458e-54,5.5465087977987458e-54
state,192,1002.2696253560504,1002.2696253560504,0,0
state,193,5.6069473150847232e-41,5.6069473150847202e-41,3.0587364693743084e-56,3.0587364693743084e-56
state,194,1.1050686863185277e-40,1.1050686863185277e-40,0,0
state,195,5.5419466552532223e-41,5.5419466552532193e-41,3.0587364693743084e-56,3.0587364693743084e-56
state,196,1.0967174977221089e-40,1.0967174977221093e-40,4.0783152924990778e-56,4.0783152924990778e-56
state,197,5.48532144800907e-41,5.4853214480090781e-41,8.1566305849981557e-56,8.1566305849981557e-56
state,198,1002.2696253560504,1002.2696253560504,0,0
state,199,1.2752446241582308e-42,1.2752446241582292e-42,1.5930919111324523e-57,1.5930919111324523e-57
state,200,2.4685914590702254e-42,2.4685914590702235e-42,1.9117102933589427e-57,1.9117102933589427e-57
state,201,1.2609261542151773e-42,1.2609261542151754e-42,1.9117102933589427e-57,1.9117102933589427e-57
state,202,2.450603626231343e-42,2.4506036262313411e-42,1.9117102933589427e-57,1.9117102933589427e-57
state,203,1.2484550608701258e-42,1.2484550608701269e-42,1.1151643377927166e-57,1.1151643377927166e-57
state,204,1002.2696253560504,1002.2696253560504,0,0
state,205,2.8034723776086441e-44,2.8034723776086376e-44,6.4719358889755874e-59,6.4719358889755874e-59
state,206,5.3350216401835279e-44,5.3350216401835179e-44,9.9568244445778267e-59,9.9568244445778267e-59
state,207,2.7729508928914847e-44,2.7729508928914797e-44,4.9784122222889134e-59,4.9784122222889134e-59
state,208,5.2974942455697806e-44,5.2974942455697726e-44,7.9654595556622614e-59,7.9654595556622614e-59
state,209,2.7463725290318368e-44,2.7463725290318363e-44,4.9784122222889134e-60,4.9784122222889134e-60
state,210,1002.2696253560504,1002.2696253560504,0,0
state,211,5.9637582271312436e-46,5.9637582271312281e-46,1.5557538194652854e-60,1.5557538194652854e-60
state,212,1.1166330421139542e-45,1.1166330421139515e-45,2.6447814930909852e-60,2.6447814930909852e-60
state,213,5.9007353137162296e-46,5.9007353137162133e-46,1.6335415104385497e-60,1.6335415104385497e-60
state,214,1.1090421438032284e-45,1.1090421438032258e-45,2.6447814930909852e-60,2.6447814930909852e-60
state,215,5.8458653145760338e-46,5.8458653145760245e-46,9.3345229167917126e-61,9.3345229167917126e-61
state,216,1002.2696253560504,1002.2696253560504,0,0
state,217,1.2289020052766534e-47,1.2289020052766549e-47,1.4585192057487051e-62,1.4585192057487051e-62
state,218,2.2656924250407887e-47,2.2656924250407916e-47,2.9170384114974102e-62,2.9170384114974102e-62
state,219,1.2162838438695615e-47,1.2162838438695624e-47,9.7234613716580339e-63,9.7234613716580339e-63
state,220,2.2507913736062227e-47,2.2507913736062256e-47,2.9170384114974102e-62,2.9170384114974102e-62
state,221,1.2053002106622718e-47,1.2053002106622748e-47,2.9170384114974102e-62,2.9170384114974102e-62
state,222,1002.2696253560504,1002.2696253560504,0,0
state,223,2.4553380315729991e-49,2.4553380315729991e-49,0,0
state,224,4.4607572338914695e-49,4.4607572338914717e-49,2.2789362589823517e-64,2.2789362589823517e-64
state,225,2.4308196952180666e-49,2.4308196952180663e-49,3.7982270983039195e-65,3.7982270983039195e-65
state,226,4.4323456712315785e-49,4.4323456712315801e-49,1.5192908393215678e-64,1.5192908393215678e-64
state,227,2.4094816679503394e-49,2.409481667950342e-49,2.6587589688127436e-64,2.6587589688127436e-64
state,228,1002.2696253560504,1002.2696253560504,0,0
state,229,4.7610118506496003e-51,4.7610118506496187e-51,1.839766250740961e-65,1.839766250740961e-65
state,230,8.5292221563989713e-51,8.5292221563990069e-51,3.5608379046599245e-65,3.5608379046599245e-65
state,231,4.7147363972267014e-51,4.7147363972267192e-51,1.7804189523299623e-65,1.7804189523299623e-65
state,232,8.4765624552381901e-51,8.4765624552382245e-51,3.442143307837927e-65,3.442143307837927e-65
state,233,4.6744714291155338e-51,4.6744714291155558e-51,2.1958500412069535e-65,2.1958500412069535e-65
state,234,1002.2696253560504,1002.2696253560504,0,0
state,235,8.9671528052961074e-53,8.9671528052961333e-53,2.596444305481195e-67,2.596444305481195e-67
state,236,1.5851015089406942e-52,1.5851015089406994e-52,5.1928886109623899e-67,5.1928886109623899e-67
state,237,8.8822503415329913e-53,8.8822503415330154e-53,2.4109839979468239e-67,2.4109839979468239e-67
state,238,1.5756065018954518e-52,1.5756065018954572e-52,5.378348918496761e-67,5.378348918496761e-67
state,239,8.8083901137553447e-53,8.8083901137553799e-53,3.5237458431530503e-67,3.5237458431530503e-67
state,240,1002.2696253560504,1002.2696253560504,0,0
state,241,1.6418332036390623e-54,1.6418332036390655e-54,3.1875990357470028e-69,3.1875990357470028e-69
state,242,2.8653972668779643e-54,2.8653972668779718e-54,7.5343249935838247e-69,7.5343249935838247e-69
state,243,1.6266792818262328e-54,1.626679281826236e-54,3.1875990357470028e-69,3.1875990357470028e-69
state,244,2.8487303688740092e-54,2.8487303688740161e-54,6.9547615325389151e-69,6.9547615325389151e-69
state,245,1.6134988552692403e-54,1.613498855269245e-54,4.6365076883592767e-69,4.6365076883592767e-69
state,246,1002.2696253560504,1002.2696253560504,0,0
state,247,2.9245209192974481e-56,2.9245209192974508e-56,2.7167037236480137e-71,2.7167037236480137e-71
state,248,5.042054072414465e-56,5.0420540724144741e-56,9.0556790788267124e-71,9.0556790788267124e-71
state,249,2.8981896284389818e-56,2.8981896284389849e-56,3.1694876775893493e-71,3.1694876775893493e-71
state,250,5.0135538520897314e-56,5.0135538520897396e-56,8.1501111709440411e-71,8.1501111709440411e-71
state,251,2.8752919657781958e-56,2.8752919657782026e-56,6.7917593091200343e-71,6.7917593091200343e-71
state,252,1002.2696253560504,1002.2696253560504,0,0
state,253,5.0716071254871719e-58,5.0716071254871719e-58,0,0
state,254,8.6421714875817481e-58,8.6421714875817566e-58,8.4896991364000428e-73,8.4896991364000428e-73
state,255,5.02703611310709e-58,5.0270361131070921e-58,2.1224247841000107e-73,2.1224247841000107e-73
state,256,8.5946651978778806e-58,8.5946651978778862e-58,5.6597994242666952e-73,5.6597994242666952e-73
state,257,4.9882847786344143e-58,4.9882847786344221e-58,7.7822242083667059e-73,7.7822242083667059e-73
state,258,1002.2696253560504,1002.2696253560504,0,0
state,259,8.5683827129720928e-60,8.5683827129720862e-60,6.6325774503125335e-75,6.6325774503125335e-75
state,260,1.4438205486722356e-59,1.4438205486722356e-59,0,0
state,261,8.4948395953943057e-60,8.4948395953943002e-60,5.5271478752604446e-75,5.5271478752604446e-75
state,262,1.4360968634827649e-59,1.4360968634827644e-59,4.4217183002083556e-75,4.4217183002083556e-75
state,263,8.4309114655424882e-60,8.430911465542496e-60,7.7380070253646224e-75,7.7380070253646224e-75
state,264,1002.2696253560504,1002.2696253560504,0,0
state,265,1.4112248522411073e-61,1.4112248522411056e-61,1.7272337110188889e-76,1.7272337110188889e-76
state,266,2.3525905044119794e-61,2.352590504411978e-61,1.3817869688151111e-76,1.3817869688151111e-76
state,267,1.3993889058673007e-61,1.3993889058672987e-61,2.0726804532226667e-76,2.0726804532226667e-76
state,268,2.3403354139613153e-61,2.3403354139613118e-61,3.4544674220377779e-76,3.4544674220377779e-76
state,269,1.3891023632943854e-61,1.3891023632943854e-61,0,0
state,270,1002.2696253560504,1002.2696253560504,0,0
state,271,2.2672793622336117e-63,2.267279362233606e-63,5.6674856142807293e-78,5.6674856142807293e-78
state,272,3.7409052780002761e-63,3.7409052780002707e-63,5.3976053469340279e-78,5.3976053469340279e-78
state,273,2.2486891260430251e-63,2.2486891260430197e-63,5.3976053469340279e-78,5.3976053469340279e-78
state,274,3.7219179932688484e-63,3.7219179932688398e-63,8.6361685550944446e-78,8.6361685550944446e-78
state,275,2.232535555884143e-63,2.2325355558841411e-63,1.8891618714269098e-78,1.8891618714269098e-78
state,276,1002.2696253560504,1002.2696253560504,0,0
state,277,3.555324878559383e-65,3.5553248785593716e-65,1.1385573778688965e-79,1.1385573778688965e-79
state,278,5.8082644526227907e-65,5.8082644526227764e-65,1.4337389202793512e-79,1.4337389202793512e-79
state,279,3.5268130162755332e-65,3.5268130162755226e-65,1.0542197943230523e-79,1.0542197943230523e-79
state,280,5.7795243486388362e-65,5.7795243486388168e-65,1.9397644215544163e-79,1.9397644215544163e-79
state,281,3.5020429545309857e-65,3.5020429545309794e-65,6.3253187659383139e-80,6.3253187659383139e-80
state,282,1002.2696253560504,1002.2696253560504,0,0
state,283,5.4445312196733051e-67,5.4445312196732841e-67,2.1084395886461046e-81,2.1084395886461046e-81
state,284,8.8102009883576649e-67,8.8102009883576333e-67,3.162659382969157e-81,3.162659382969157e-81
state,285,5.4018091915386785e-67,5.4018091915386581e-67,2.0425508515009139e-81,2.0425508515009139e-81
state,286,8.7676796069298763e-67,8.7676796069298408e-67,3.5579918058403016e-81,3.5579918058403016e-81
state,287,5.364700813181288e-67,5.3647008131812741e-67,1.3836634800490062e-81,1.3836634800490062e-81
state,288,1002.2696253560504,1002.2696253560504,0,0
state,289,8.1466392792278524e-69,8.1466392792278874e-69,3.5003391608382597e-83,3.5003391608382597e-83
state,290,1.306214972268455e-68,1.3062149722684609e-68,5.9711668037829135e-83,5.9711668037829135e-83
state,291,8.0840672343551374e-69,8.0840672343551703e-69,3.2944368572595385e-83,3.2944368572595385e-83
state,292,1.3000628524455567e-68,1.3000628524455625e-68,5.7652645002041924e-83,5.7652645002041924e-83
state,293,8.0297272145459357e-69,8.029727214545981e-69,4.5298506787318654e-83,4.5298506787318654e-83
state,294,1002.2696253560504,1002.2696253560504,0,0
state,295,1.1916595961024968e-70,1.1916595961025011e-70,4.3432517161136494e-85,4.3432517161136494e-85
state,296,1.8938361891805627e-70,1.8938361891805698e-70,7.0778916855185398e-85,7.0778916855185398e-85
state,297,1.1826973252508465e-70,1.1826973252508503e-70,3.8606681921010217e-85,3.8606681921010217e-85
state,298,1.8851278272934605e-70,1.8851278272934676e-70,7.0778916855185398e-85,7.0778916855185398e-85
state,299,1.1749155702188488e-70,1.1749155702188541e-70,5.3084187641389048e-85,5.3084187641389048e-85
state,300,1002.2696253560504,1002.2696253560504,0,0
state,301,1.7048665361231103e-72,1.7048665361231158e-72,5.5296028793113592e-87,5.5296028793113592e-87
state,302,2.6863900572192016e-72,2.6863900572192091e-72,7.540367562697308e-87,7.540367562697308e-87
state,303,1.6923073058172509e-72,1.6923073058172551e-72,4.2728749521951412e-87,4.2728749521951412e-87
state,304,2.6743249857886227e-72,2.6743249857886302e-72,7.540367562697308e-87,7.540367562697308e-87
state,305,1.6814043746470127e-72,1.6814043746470184e-72,5.7809484647346028e-87,5.7809484647346028e-87
state,306,0,0,0,0
state,307,0.0038023385761465495,0.0038023385761465495,0,0
state,308,0.0041584378329628038,0.0041584378329628038,0,0
state,309,0.0053589336406568442,0.0053589336406568442,0,0
state,310,0.0056232503884007688,0.0056232503884007688,0,0
state,311,0.0071404276389481292,0.0071404276389481292,0,0
state,312,0,0,0,0
state,313,0.0041117652931514743,0.0041117652931514743,0,0
state,314,0.0042688668887862439,0.0042688668887862439,0,0
state,315,0.0048860256407814743,0.0048860256407814743,0,0
state,316,0.0049066266929342827,0.0049066266929342827,0,0
state,317,0.0056080926297621316,0.0056080926297621316,0,0
state,318,0,0,0,0
state,319,0.0026015645482634939,0.0026015645482634943,4.3368086899420177e-19,4.3368086899420177e-19
state,320,0.0023726828745177348,0.0023726828745177348,0,0
state,321,0.0025465757861249053,0.0025465757861249053,0,0
state,322,0.0023394343562064611,0.0023394343562064611,0,0
state,323,0.0024849800261423356,0.0024849800261423356,0,0
state,324,0,0,0,0
state,325,0.00018946462012363303,0.00018946462012363303,0,0
state,326,0.00021118689073410676,0.00021118689073410687,1.0842021724855044e-19,1.0842021724855044e-19
state,327,0.00017462597499408449,0.00017462597499408447,2.7105054312137611e-20,2.7105054312137611e-20
state,328,0.00019877709648502933,0.00019877709648502936,2.7105054312137611e-20,2.7105054312137611e-20
state,329,0.00016208028290952344,0.0001620802829095233,1.3552527156068805e-19,1.3552527156068805e-19
state,330,0,0,0,0
state,331,4.7745881511389836e-06,4.7745881511389828e-06,8.4703294725430034e-22,8.4703294725430034e-22
state,332,7.7027689826614765e-06,7.7027689826614748e-06,1.6940658945086007e-21,1.6940658945086007e-21
state,333,4.3988258985100382e-06,4.3988258985100382e-06,0,0
state,334,7.2483701791781872e-06,7.2483701791781838e-06,3.3881317890172014e-21,3.3881317890172014e-21
state,335,4.0823014627175473e-06,4.0823014627175448e-06,2.541098841762901e-21,2.541098841762901e-21
state,336,0,0,0,0
state,337,1.1348753997235121e-07,1.1348753997235103e-07,1.7205356741102976e-22,1.7205356741102976e-22
state,338,2.6220297753904103e-07,2.6220297753904118e-07,1.5881867761018131e-22,1.5881867761018131e-22
state,339,1.0482501650032928e-07,1.0482501650032944e-07,1.5881867761018131e-22,1.5881867761018131e-22
state,340,2.4743049271504861e-07,2.474304927150483e-07,3.1763735522036263e-22,3.1763735522036263e-22
state,341,9.7514824845890412e-08,9.7514824845890386e-08,2.6469779601696886e-23,2.6469779601696886e-23
state,342,0,0,0,0
state,343,2.6884762532461887e-09,2.6884762532461841e-09,4.5494933690416522e-24,4.5494933690416522e-24
state,344,8.8453994466551958e-09,8.845399446655214e-09,1.8197973476166609e-23,1.8197973476166609e-23
state,345,2.489810462672569e-09,2.4898104626725743e-09,5.3766739815946799e-24,5.3766739815946799e-24
state,346,8.3712444297689939e-09,8.3712444297689823e-09,1.1580528575742387e-23,1.1580528575742387e-23
state,347,2.3218317864609929e-09,2.3218317864609912e-09,1.6543612251060553e-24,1.6543612251060553e-24
state,348,0,0,0,0
state,349,6.3162654496710311e-11,6.3162654496710169e-11,1.4217166778255163e-25,1.4217166778255163e-25
state,350,2.9463289211813673e-10,2.9463289211813694e-10,2.0679515313825692e-25,2.0679515313825692e-25
state,351,5.8633275078709407e-11,5.8633275078709472e-11,6.4623485355705287e-26,6.4623485355705287e-26
state,352,2.7958919737450756e-10,2.7958919737450678e-10,7.7548182426846345e-25,7.7548182426846345e-25
state,353,5.4796395895335242e-11,5.4796395895335165e-11,7.7548182426846345e-26,7.7548182426846345e-26
state,354,0,0,0,0
state,355,0,0,0,0
state,356,0,0,0,0
state,357,0,0,0,0
state,358,0,0,0,0
state,359,0,0,0,0
state,360,0,0,0,0
state,361,0,0,0,0
state,362,0,0,0,0
state,363,0,0,0,0
state,364,0,0,0,0
state,365,0,0,0,0
state,366,0,0,0,0
state,367,0,0,0,0
state,368,0,0,0,0
state,369,0,0,0,0
state,370,0,0,0,0
state,371,0,0,0,0
state,372,0,0,0,0
state,373,0,0,0,0
state,374,0,0,0,0
state,375,0,0,0,0
state,376,0,0,0,0
state,377,0,0,0,0
state,378,0,0,0,0
state,379,0,0,0,0
state,380,0,0,0,0
state,381,0,0,0,0
state,382,0,0,0,0
state,383,0,0,0,0
state,384,0,0,0,0
state,385,0,0,0,0
state,386,0,0,0,0
state,387,0,0,0,0
state,388,0,0,0,0
state,389,0,0,0,0
state,390,0,0,0,0
state,391,0,0,0,0
state,392,0,0,0,0
state,393,0,0,0,0
state,394,0,0,0,0
state,395,0,0,0,0
state,396,0,0,0,0
state,397,0,0,0,0
state,398,0,0,0,0
state,399,0,0,0,0
state,400,0,0,0,0
state,401,0,0,0,0
state,402,0,0,0,0
state,403,0,0,0,0
state,404,0,0,0,0
state,405,0,0,0,0
state,406,0,0,0,0
state,407,0,0,0,0
state,408,0,0,0,0
state,409,0,0,0,0
state,410,0,0,0,0
state,411,0,0,0,0
state,412,0,0,0,0
state,413,0,0,0,0
state,414,0,0,0,0
state,415,0,0,0,0
state,416,0,0,0,0
state,417,0,0,0,0
state,418,0,0,0,0
state,419,0,0,0,0
state,420,0,0,0,0
state,421,0,0,0,0
state,422,0,0,0,0
state,423,0,0,0,0
state,424,0,0,0,0
state,425,0,0,0,0
state,426,0,0,0,0
state,427,0,0,0,0
state,428,0,0,0,0
state,429,0,0,0,0
state,430,0,0,0,0
state,431,0,0,0,0
state,432,0,0,0,0
state,433,0,0,0,0
state,434,0,0,0,0
state,435,0,0,0,0
state,436,0,0,0,0
state,437,0,0,0,0
state,438,0,0,0,0
state,439,0,0,0,0
state,440,0,0,0,0
state,441,0,0,0,0
state,442,0,0,0,0
state,443,0,0,0,0
state,444,0,0,0,0
state,445,0,0,0,0
state,446,0,0,0,0
state,447,0,0,0,0
state,448,0,0,0,0
state,449,0,0,0,0
state,450,0,0,0,0
state,451,0,0,0,0
state,452,0,0,0,0
state,453,0,0,0,0
state,454,0,0,0,0
state,455,0,0,0,0
state,456,0,0,0,0
state,457,0,0,0,0
state,458,0,0,0,0
state,459,0,0,0,0
state,460,0,0,0,0
state,461,0,0,0,0
state,462,0,0,0,0
state,463,0,0,0,0
state,464,0,0,0,0
state,465,0,0,0,0
state,466,0,0,0,0
state,467,0,0,0,0
state,468,0,0,0,0
state,469,0,0,0,0
state,470,0,0,0,0
state,471,0,0,0,0
state,472,0,0,0,0
state,473,0,0,0,0
state,474,0,0,0,0
state,475,0,0,0,0
state,476,0,0,0,0
state,477,0,0,0,0
state,478,0,0,0,0
state,479,0,0,0,0
state,480,0,0,0,0
state,481,0,0,0,0
state,482,0,0,0,0
state,483,0,0,0,0
state,484,0,0,0,0
state,485,0,0,0,0
state,486,0,0,0,0
state,487,0,0,0,0
state,488,0,0,0,0
state,489,0,0,0,0
state,490,0,0,0,0
state,491,0,0,0,0
state,492,0,0,0,0
state,493,0,0,0,0
state,494,0,0,0,0
state,495,0,0,0,0
state,496,0,0,0,0
state,497,0,0,0,0
state,498,0,0,0,0
state,499,0,0,0,0
state,500,0,0,0,0
state,501,0,0,0,0
state,502,0,0,0,0
state,503,0,0,0,0
state,504,0,0,0,0
state,505,0,0,0,0
state,506,0,0,0,0
state,507,0,0,0,0
state,508,0,0,0,0
state,509,0,0,0,0
state,510,0,0,0,0
state,511,0,0,0,0
state,512,0,0,0,0
state,513,0,0,0,0
state,514,0,0,0,0
state,515,0,0,0,0
state,516,0,0,0,0
state,517,0,0,0,0
state,518,0,0,0,0
state,519,0,0,0,0
state,520,0,0,0,0
state,521,0,0,0,0
state,522,0,0,0,0
state,523,0,0,0,0
state,524,0,0,0,0
state,525,0,0,0,0
state,526,0,0,0,0
state,527,0,0,0,0
state,528,0,0,0,0
state,529,0,0,0,0
state,530,0,0,0,0
state,531,0,0,0,0
state,532,0,0,0,0
state,533,0,0,0,0
state,534,0,0,0,0
state,535,0,0,0,0
state,536,0,0,0,0
state,537,0,0,0,0
state,538,0,0,0,0
state,539,0,0,0,0
state,540,0,0,0,0
state,541,0,0,0,0
state,542,0,0,0,0
state,543,0,0,0,0
state,544,0,0,0,0
state,545,0,0,0,0
state,546,0,0,0,0
state,547,0,0,0,0
state,548,0,0,0,0
state,549,0,0,0,0
state,550,0,0,0,0
state,551,0,0,0,0
state,552,0,0,0,0
state,553,0,0,0,0
state,554,0,0,0,0
state,555,0,0,0,0
state,556,0,0,0,0
state,557,0,0,0,0
state,558,0,0,0,0
state,559,0,0,0,0
state,560,0,0,0,0
state,561,0,0,0,0
state,562,0,0,0,0
state,563,0,0,0,0
state,564,0,0,0,0
state,565,0,0,0,0
state,566,0,0,0,0
state,567,0,0,0,0
state,568,0,0,0,0
state,569,0,0,0,0
state,570,0,0,0,0
state,571,0,0,0,0
state,572,0,0,0,0
state,573,0,0,0,0
state,574,0,0,0,0
state,575,0,0,0,0
state,576,0,0,0,0
state,577,0,0,0,0
state,578,0,0,0,0
state,579,0,0,0,0
state,580,0,0,0,0
state,581,0,0,0,0
state,582,0,0,0,0
state,583,0,0,0,0
state,584,0,0,0,0
state,585,0,0,0,0
state,586,0,0,0,0
state,587,0,0,0,0
state,588,0,0,0,0
state,589,0,0,0,0
state,590,0,0,0,0
state,591,0,0,0,0
state,592,0,0,0,0
state,593,0,0,0,0
state,594,0,0,0,0
state,595,0,0,0,0
state,596,0,0,0,0
state,597,0,0,0,0
state,598,0,0,0,0
state,599,0,0,0,0
state,600,0,0,0,0
state,601,0,0,0,0
state,602,0,0,0,0
state,603,0,0,0,0
state,604,0,0,0,0
state,605,0,0,0,0
state,606,0,0,0,0
state,607,0,0,0,0
state,608,0,0,0,0
state,609,0,0,0,0
state,610,0,0,0,0
state,611,0,0,0,0
state,612,0,0,0,0
state,613,4.0353826819726739e-06,4.0353826819726739e-06,0,0
state,614,6.193348043922465e-06,6.193348043922465e-06,0,0
state,615,9.0474896820778405e-06,9.0474896820778405e-06,0,0
state,616,1.2702246637478828e-05,1.2702246637478828e-05,0,0
state,617,1.7262127559288295e-05,1.7262127559288295e-05,0,0
state,618,0,0,0,0
state,619,8.7162860370680117e-12,8.7162860370680117e-12,0,0
state,620,1.2182908979838391e-11,1.2182908979838381e-11,9.6935228033557931e-27,9.6935228033557931e-27
state,621,1.5429709726771554e-11,1.5429709726771554e-11,0,0
state,622,2.0570788711090495e-11,2.0570788711090495e-11,0,0
state,623,2.4368606543580384e-11,2.4368606543580384e-11,0,0
state,624,0,0,0,0
state,625,1.062709296831362e-13,1.062709296831362e-13,0,0
state,626,2.0291303015114566e-13,2.0291303015114574e-13,7.5730646901217133e-29,7.5730646901217133e-29
state,627,1.5285775904044307e-13,1.5285775904044297e-13,1.0097419586828951e-28,1.0097419586828951e-28
state,628,2.9090042663180409e-13,2.9090042663180409e-13,0,0
state,629,2.0621171906952602e-13,2.0621171906952602e-13,0,0
state,630,0,0,0,0
state,631,8.3973189967879264e-17,8.3973189967879215e-17,4.9303806576313238e-32,4.9303806576313238e-32
state,632,3.2607583220890508e-16,3.2607583220890478e-16,2.9582283945787943e-31,2.9582283945787943e-31
state,633,1.182130067945091e-16,1.182130067945091e-16,0,0
state,634,4.594302616067517e-16,4.5943026160675278e-16,1.0846837446788912e-30,1.0846837446788912e-30
state,635,1.5705475172841696e-16,1.5705475172841686e-16,9.8607613152626476e-32,9.8607613152626476e-32
state,636,0,0,0,0
state,637,4.7125893881002548e-20,4.712589388100247e-20,7.8240903990731457e-35,7.8240903990731457e-35
state,638,3.7215314843388678e-19,3.7215314843388698e-19,1.9259299443872359e-34,1.9259299443872359e-34
state,639,6.661451610771679e-20,6.6614516107716886e-20,9.6296497219361793e-35,9.6296497219361793e-35
state,640,5.2683840041462548e-19,5.268384004146249e-19,5.7777898331617076e-34,5.7777898331617076e-34
state,641,8.8853584361803854e-20,8.8853584361803818e-20,3.6111186457260672e-35,3.6111186457260672e-35
state,642,0,0,0,0
state,643,2.6020864553189923e-23,2.6020864553189897e-23,2.6448622893501469e-38,2.6448622893501469e-38
state,644,4.1367928559127962e-22,4.1367928559128047e-22,8.4635593259204701e-37,8.4635593259204701e-37
state,645,3.6963750709648264e-23,3.6963750709648334e-23,7.052966104933725e-38,7.052966104933725e-38
state,646,5.8883476285991319e-22,5.8883476285991206e-22,1.128474576789396e-36,1.128474576789396e-36
state,647,4.9530126246252989e-23,4.9530126246252971e-23,1.7632415262334313e-38,1.7632415262334313e-38
state,648,0,0,0,0
state,649,1.4382573859869204e-26,1.4382573859869176e-26,2.8698592549372254e-41,2.8698592549372254e-41
state,650,4.5343757388048152e-25,4.5343757388048272e-25,1.1938614500538858e-39,1.1938614500538858e-39
state,651,2.0540176796016475e-26,2.054017679601651e-26,3.4438311059246704e-41,3.4438311059246704e-41
state,652,6.4900514556207623e-25,6.4900514556207411e-25,2.1122164116337979e-39,2.1122164116337979e-39
state,653,2.765939313385856e-26,2.7659393133858583e-26,2.2958874039497803e-41,2.2958874039497803e-41
state,654,0,0,0,0
state,655,1.2213085318840793e-29,1.221308531884074e-29,5.3249341644343049e-44,5.3249341644343049e-44
state,656,6.1674460334779531e-28,6.1674460334779603e-28,7.1746481373430634e-43,7.1746481373430634e-43
state,657,1.773845761752659e-29,1.7738457617526587e-29,2.8025969286496341e-45,2.8025969286496341e-45
state,658,8.9212627627572686e-28,8.9212627627572292e-28,3.9460564755386849e-42,3.9460564755386849e-42
state,659,2.4263960287507089e-29,2.4263960287507089e-29,0,0
state,660,0,0,0,0
state,661,0,0,0,0
state,662,0,0,0,0
state,663,0,0,0,0
state,664,0,0,0,0
state,665,0,0,0,0
state,666,0,0,0,0
state,667,0,0,0,0
state,668,0,0,0,0
state,669,0,0,0,0
state,670,0,0,0,0
state,671,0,0,0,0
state,672,0,0,0,0
state,673,0,0,0,0
state,674,0,0,0,0
state,675,0,0,0,0
state,676,0,0,0,0
state,677,0,0,0,0
state,678,0,0,0,0
state,679,0,0,0,0
state,680,0,0,0,0
state,681,0,0,0,0
state,682,0,0,0,0
state,683,0,0,0,0
state,684,0,0,0,0
state,685,0,0,0,0
state,686,0,0,0,0
state,687,0,0,0,0
state,688,0,0,0,0
state,689,0,0,0,0
state,690,0,0,0,0
state,691,0,0,0,0
state,692,0,0,0,0
state,693,0,0,0,0
state,694,0,0,0,0
state,695,0,0,0,0
state,696,0,0,0,0
state,697,0,0,0,0
state,698,0,0,0,0
state,699,0,0,0,0
state,700,0,0,0,0
state,701,0,0,0,0
state,702,0,0,0,0
state,703,0,0,0,0
state,704,0,0,0,0
state,705,0,0,0,0
state,706,0,0,0,0
state,707,0,0,0,0
state,708,0,0,0,0
state,709,0,0,0,0
state,710,0,0,0,0
state,711,0,0,0,0
state,712,0,0,0,0
state,713,0,0,0,0
state,714,0,0,0,0
state,715,0,0,0,0
state,716,0,0,0,0
state,717,0,0,0,0
state,718,0,0,0,0
state,719,0,0,0,0
state,720,0,0,0,0
state,721,0,0,0,0
state,722,0,0,0,0
state,723,0,0,0,0
state,724,0,0,0,0
state,725,0,0,0,0
state,726,0,0,0,0
state,727,0,0,0,0
state,728,0,0,0,0
state,729,0,0,0,0
state,730,0,0,0,0
state,731,0,0,0,0
state,732,0,0,0,0
state,733,0,0,0,0
state,734,0,0,0,0
state,735,0,0,0,0
state,736,0,0,0,0
state,737,0,0,0,0
state,738,0,0,0,0
state,739,0,0,0,0
state,740,0,0,0,0
state,741,0,0,0,0
state,742,0,0,0,0
state,743,0,0,0,0
state,744,0,0,0,0
state,745,0,0,0,0
state,746,0,0,0,0
state,747,0,0,0,0
state,748,0,0,0,0
state,749,0,0,0,0
state,750,0,0,0,0
state,751,0,0,0,0
state,752,0,0,0,0
state,753,0,0,0,0
state,754,0,0,0,0
state,755,0,0,0,0
state,756,0,0,0,0
state,757,0,0,0,0
state,758,0,0,0,0
state,759,0,0,0,0
state,760,0,0,0,0
state,761,0,0,0,0
state,762,0,0,0,0
state,763,0,0,0,0
state,764,0,0,0,0
state,765,0,0,0,0
state,766,0,0,0,0
state,767,0,0,0,0
state,768,0,0,0,0
state,769,0,0,0,0
state,770,0,0,0,0
state,771,0,0,0,0
state,772,0,0,0,0
state,773,0,0,0,0
state,774,0,0,0,0
state,775,0,0,0,0
state,776,0,0,0,0
state,777,0,0,0,0
state,778,0,0,0,0
state,779,0,0,0,0
state,780,0,0,0,0
state,781,0,0,0,0
state,782,0,0,0,0
state,783,0,0,0,0
state,784,0,0,0,0
state,785,0,0,0,0
state,786,0,0,0,0
state,787,0,0,0,0
state,788,0,0,0,0
state,789,0,0,0,0
state,790,0,0,0,0
state,791,0,0,0,0
state,792,0,0,0,0
state,793,0,0,0,0
state,794,0,0,0,0
state,795,0,0,0,0
state,796,0,0,0,0
state,797,0,0,0,0
state,798,0,0,0,0
state,799,0,0,0,0
state,800,0,0,0,0
state,801,0,0,0,0
state,802,0,0,0,0
state,803,0,0,0,0
state,804,0,0,0,0
state,805,0,0,0,0
state,806,0,0,0,0
state,807,0,0,0,0
state,808,0,0,0,0
state,809,0,0,0,0
state,810,0,0,0,0
state,811,0,0,0,0
state,812,0,0,0,0
state,813,0,0,0,0
state,814,0,0,0,0
state,815,0,0,0,0
state,816,0,0,0,0
state,817,0,0,0,0
state,818,0,0,0,0
state,819,0,0,0,0
state,820,0,0,0,0
state,821,0,0,0,0
state,822,0,0,0,0
state,823,0,0,0,0
state,824,0,0,0,0
state,825,0,0,0,0
state,826,0,0,0,0
state,827,0,0,0,0
state,828,0,0,0,0
state,829,0,0,0,0
state,830,0,0,0,0
state,831,0,0,0,0
state,832,0,0,0,0
state,833,0,0,0,0
state,834,0,0,0,0
state,835,0,0,0,0
state,836,0,0,0,0
state,837,0,0,0,0
state,838,0,0,0,0
state,839,0,0,0,0
state,840,0,0,0,0
state,841,0,0,0,0
state,842,0,0,0,0
state,843,0,0,0,0
state,844,0,0,0,0
state,845,0,0,0,0
state,846,0,0,0,0
state,847,0,0,0,0
state,848,0,0,0,0
state,849,0,0,0,0
state,850,0,0,0,0
state,851,0,0,0,0
state,852,0,0,0,0
state,853,0,0,0,0
state,854,0,0,0,0
state,855,0,0,0,0
state,856,0,0,0,0
state,857,0,0,0,0
state,858,0,0,0,0
state,859,0,0,0,0
state,860,0,0,0,0
state,861,0,0,0,0
state,862,0,0,0,0
state,863,0,0,0,0
state,864,0,0,0,0
state,865,0,0,0,0
state,866,0,0,0,0
state,867,0,0,0,0
state,868,0,0,0,0
state,869,0,0,0,0
state,870,0,0,0,0
state,871,0,0,0,0
state,872,0,0,0,0
state,873,0,0,0,0
state,874,0,0,0,0
state,875,0,0,0,0
state,876,0,0,0,0
state,877,0,0,0,0
state,878,0,0,0,0
state,879,0,0,0,0
state,880,0,0,0,0
state,881,0,0,0,0
state,882,0,0,0,0
state,883,0,0,0,0
state,884,0,0,0,0
state,885,0,0,0,0
state,886,0,0,0,0
state,887,0,0,0,0
state,888,0,0,0,0
state,889,0,0,0,0
state,890,0,0,0,0
state,891,0,0,0,0
state,892,0,0,0,0
state,893,0,0,0,0
state,894,0,0,0,0
state,895,0,0,0,0
state,896,0,0,0,0
state,897,0,0,0,0
state,898,0,0,0,0
state,899,0,0,0,0
state,900,0,0,0,0
state,901,0,0,0,0
state,902,0,0,0,0
state,903,0,0,0,0
state,904,0,0,0,0
state,905,0,0,0,0
state,906,0,0,0,0
state,907,0,0,0,0
state,908,0,0,0,0
state,909,0,0,0,0
state,910,0,0,0,0
state,911,0,0,0,0
state,912,0,0,0,0
state,913,0,0,0,0
state,914,0,0,0,0
state,915,0,0,0,0
state,916,0,0,0,0
state,917,0,0,0,0
state,918,701.58873774923518,701.58873774923518,0,0
state,919,60.13617645663188,60.13617645663188,0,0
state,920,60.136175887230507,60.136175887230507,0,0
state,921,60.136175134109997,60.136175134109997,0,0
state,922,60.136174169689092,60.136174169689092,0,0
state,923,60.136172966356831,60.136172966356831,0,0
state,924,1002.2696253560504,1002.2696253560504,0,0
state,925,5.133811794831626,5.1338117948316295,3.5527136788005009e-15,6.9202257908580328e-16
state,926,5.0934117748107388,5.0934117748107388,0,0
state,927,4.9003883058356736,4.9003883058356736,0,0
state,928,4.9038390077189824,4.9038390077189824,0,0
state,929,4.6837368834667936,4.6837368834667936,0,0
state,930,1002.2696253560504,1002.2696253560504,0,0
state,931,0.32869995328649826,0.3286999532864982,5.5511151231257827e-17,5.5511151231257827e-17
state,932,0.39280936806784972,0.39280936806784972,0,0
state,933,0.30148822147901033,0.30148822147901017,1.6653345369377348e-16,1.6653345369377348e-16
state,934,0.36782764228717546,0.36782764228717546,0,0
state,935,0.27857147771859092,0.27857147771859092,0,0
state,936,1002.2696253560504,1002.2696253560504,0,0
state,937,0.0083120316476925325,0.0083120316476925325,0,0
state,938,0.014397107459692755,0.014397107459692755,0,0
state,939,0.0076241463852411767,0.0076241463852411723,4.3368086899420177e-18,4.3368086899420177e-18
state,940,0.013488052259739524,0.013488052259739531,6.9388939039072284e-18,6.9388939039072284e-18
state,941,0.007046427058553662,0.0070464270585536637,1.7347234759768071e-18,1.7347234759768071e-18
state,942,1002.2696253560504,1002.2696253560504,0,0
state,943,0.00019824236839968096,0.00019824236839968075,2.1684043449710089e-19,2.1684043449710089e-19
state,944,0.00049479141945032404,0.00049479141945032415,1.0842021724855044e-19,1.0842021724855044e-19
state,945,0.00018231465571406837,0.00018231465571406848,1.0842021724855044e-19,1.0842021724855044e-19
state,946,0.00046491873636598434,0.00046491873636598418,1.6263032587282567e-19,1.6263032587282567e-19
state,947,0.00016891262836122849,0.00016891262836122838,1.0842021724855044e-19,1.0842021724855044e-19
state,948,1002.2696253560504,1002.2696253560504,0,0
state,949,4.7147737552110433e-06,4.7147737552110399e-06,3.3881317890172014e-21,3.3881317890172014e-21
state,950,1.6874935472102262e-05,1.6874935472102266e-05,3.3881317890172014e-21,3.3881317890172014e-21
state,951,4.3476854204583278e-06,4.347685420458332e-06,4.2351647362715017e-21,4.2351647362715017e-21
state,952,1.5904162079116715e-05,1.5904162079116698e-05,1.6940658945086007e-20,1.6940658945086007e-20
state,953,4.0381889727849835e-06,4.0381889727849827e-06,8.4703294725430034e-22,8.4703294725430034e-22
state,954,1002.2696253560504,1002.2696253560504,0,0
state,955,1.120705119414039e-07,1.1207051194140376e-07,1.4558378780933287e-22,1.4558378780933287e-22
state,956,5.7203163442408215e-07,5.72031634424083e-07,8.4703294725430034e-22,8.4703294725430034e-22
state,957,1.0363262279232721e-07,1.0363262279232739e-07,1.852884572118782e-22,1.852884572118782e-22
state,958,5.4075537670103622e-07,5.4075537670103537e-07,8.4703294725430034e-22,8.4703294725430034e-22
state,959,9.6504276806910463e-08,9.6504276806910449e-08,1.3234889800848443e-23,1.3234889800848443e-23
state,960,1002.2696253560504,1002.2696253560504,0,0
state,961,3.0139912105647299e-09,3.0139912105647225e-09,7.4446255129772491e-24,7.4446255129772491e-24
state,962,2.0436410763837533e-08,2.0436410763837543e-08,9.9261673506363321e-24,9.9261673506363321e-24
state,963,2.8113673317852335e-09,2.8113673317852351e-09,1.6543612251060553e-24,1.6543612251060553e-24
state,964,1.9418118595469257e-08,1.9418118595469211e-08,4.632211430296955e-23,4.632211430296955e-23
state,965,2.6396090260612829e-09,2.6396090260612804e-09,2.481541837659083e-24,2.481541837659083e-24
state,966,1002.2696253560504,1002.2696253560504,0,0
state,967,5.0352392237401583e-10,5.03523922374015e-10,8.2718061255302767e-25,8.2718061255302767e-25
state,968,2.9552008112399896e-09,2.9552008112399946e-09,4.963083675318166e-24,4.963083675318166e-24
state,969,4.7722673432826911e-10,4.7722673432826932e-10,2.0679515313825692e-25,2.0679515313825692e-25
state,970,2.8386595028797524e-09,2.8386595028797466e-09,5.7902642878711937e-24,5.7902642878711937e-24
state,971,4.5472344788163152e-10,4.5472344788163147e-10,5.169878828456423e-26,5.169878828456423e-26
state,972,1002.2696253560504,1002.2696253560504,0,0
state,973,6.9808502774914046e-11,6.9808502774914007e-11,3.8774091213423172e-26,3.8774091213423172e-26
state,974,3.5712180949575551e-10,3.5712180949575608e-10,5.6868667113020653e-25,5.6868667113020653e-25
state,975,6.6840876960390335e-11,6.6840876960390283e-11,5.169878828456423e-26,5.169878828456423e-26
state,976,3.456000070964478e-10,3.4560000709644718e-10,6.2038545941477076e-25,6.2038545941477076e-25
state,977,6.4284625976711613e-11,6.4284625976711613e-11,0,0
state,978,1002.2696253560504,1002.2696253560504,0,0
state,979,8.0247725452374743e-12,8.0247725452374775e-12,3.2311742677852644e-27,3.2311742677852644e-27
state,980,3.6517161441153434e-11,3.6517161441153499e-11,6.4623485355705287e-26,6.4623485355705287e-26
state,981,7.73355546018737e-12,7.7335554601873636e-12,6.4623485355705287e-27,6.4623485355705287e-27
state,982,3.5519174093842566e-11,3.5519174093842495e-11,7.1085833891275816e-26,7.1085833891275816e-26
state,983,7.4816113946022176e-12,7.4816113946022241e-12,6.4623485355705287e-27,6.4623485355705287e-27
state,984,1002.2696253560504,1002.2696253560504,0,0
state,985,7.7635889336756892e-13,7.7635889336756943e-13,5.0487097934144756e-28,5.0487097934144756e-28
state,986,3.2062472666572519e-12,3.2062472666572535e-12,1.6155871338926322e-27,1.6155871338926322e-27
state,987,7.5142106555141743e-13,7.5142106555141652e-13,9.087677628146056e-28,9.087677628146056e-28
state,988,3.1297544339510557e-12,3.1297544339510517e-12,4.0389678347315804e-27,4.0389678347315804e-27
state,989,7.297849580914878e-13,7.297849580914878e-13,0,0
state,990,1002.2696253560504,1002.2696253560504,0,0
state,991,6.443766119330866e-14,6.4437661193308812e-14,1.5146129380243427e-28,1.5146129380243427e-28
state,992,2.4544588430425003e-13,2.4544588430425039e-13,3.5340968553901329e-28,3.5340968553901329e-28
state,993,6.2559733020725501e-14,6.2559733020725488e-14,1.2621774483536189e-29,1.2621774483536189e-29
state,994,2.4021264171396046e-13,2.4021264171396046e-13,0,0
state,995,6.0927405136313277e-14,6.0927405136313403e-14,1.2621774483536189e-28,1.2621774483536189e-28
state,996,1002.2696253560504,1002.2696253560504,0,0
state,997,4.6735092019336683e-15,4.6735092019336738e-15,5.5220263365470826e-30,5.5220263365470826e-30
state,998,1.6620476929771549e-14,1.6620476929771559e-14,9.4663308626521417e-30,9.4663308626521417e-30
state,999,4.5479120627600135e-15,4.547912062760008e-15,5.5220263365470826e-30,5.5220263365470826e-30
state,1000,1.6298227348806096e-14,1.6298227348806081e-14,1.5777218104420236e-29,1.5777218104420236e-29
state,1001,4.4386056252254247e-15,4.4386056252254294e-15,4.7331654313260708e-30,4.7331654313260708e-30
state,1002,1002.2696253560504,1002.2696253560504,0,0
state,1003,3.0096588203839414e-16,3.0096588203839414e-16,0,0
state,1004,1.008470386084955e-15,1.0084703860849544e-15,5.9164567891575885e-31,5.9164567891575885e-31
state,1005,2.9342773448400513e-16,2.9342773448400453e-16,5.9164567891575885e-31,5.9164567891575885e-31
state,1006,9.9046546981758551e-16,9.9046546981758334e-16,2.1693674893577825e-30,2.1693674893577825e-30
state,1007,2.8686183568732283e-16,2.8686183568732302e-16,1.9721522630525295e-31,1.9721522630525295e-31
state,1008,1002.2696253560504,1002.2696253560504,0,0
state,1009,1.7442460195771654e-17,1.7442460195771685e-17,3.0814879110195774e-32,3.0814879110195774e-32
state,1010,5.5447591972961754e-17,5.544759197296176e-17,6.1629758220391547e-33,6.1629758220391547e-33
state,1011,1.7032427747023069e-17,1.7032427747023056e-17,1.2325951644078309e-32,1.2325951644078309e-32
state,1012,5.4527793815506712e-17,5.4527793815506694e-17,1.8488927466117464e-32,1.8488927466117464e-32
state,1013,1.6675075735848522e-17,1.6675075735848559e-17,3.6977854932234928e-32,3.6977854932234928e-32
state,1014,1002.2696253560504,1002.2696253560504,0,0
state,1015,9.1999032923469969e-19,9.1999032923470065e-19,9.6296497219361793e-34,9.6296497219361793e-34
state,1016,2.7891780599831992e-18,2.789178059983198e-18,1.1555579666323415e-33,1.1555579666323415e-33
state,1017,8.9959517416482212e-19,8.9959517416482058e-19,1.5407439555097887e-33,1.5407439555097887e-33
state,1018,2.7459089865714912e-18,2.7459089865714874e-18,3.8518598887744717e-33,3.8518598887744717e-33
state,1019,8.8181341846133575e-19,8.8181341846133652e-19,7.7037197775489434e-34,7.7037197775489434e-34
state,1020,1002.2696253560504,1002.2696253560504,0,0
state,1021,4.4575375487672783e-20,4.4575375487672783e-20,0,0
state,1022,1.2942098610028377e-19,1.2942098610028362e-19,1.4444474582904269e-34,1.4444474582904269e-34
state,1023,4.3640331634689529e-20,4.3640331634689421e-20,1.0833355937178202e-34,1.0833355937178202e-34
state,1024,1.2753451815813872e-19,1.2753451815813848e-19,2.4074124304840448e-34,2.4074124304840448e-34
state,1025,4.2824889454838514e-20,4.2824889454838514e-20,0,0
state,1026,1002.2696253560504,1002.2696253560504,0,0
state,1027,1.9995138138271312e-21,1.9995138138271327e-21,1.504632769052528e-36,1.504632769052528e-36
state,1028,5.5783179318109469e-21,5.5783179318109492e-21,2.256949153578792e-36,2.256949153578792e-36
state,1029,1.9597266635058197e-21,1.9597266635058171e-21,2.633107345841924e-36,2.633107345841924e-36
state,1030,5.5016476794325013e-21,5.5016476794324998e-21,1.504632769052528e-36,1.504632769052528e-36
state,1031,1.925022928600089e-21,1.925022928600092e-21,3.009265538105056e-36,3.009265538105056e-36
state,1032,1002.2696253560504,1002.2696253560504,0,0
state,1033,8.3581071548221198e-23,8.3581071548221386e-23,1.88079096131566e-37,1.88079096131566e-37
state,1034,2.2467920483692137e-22,2.2467920483692179e-22,4.231779662960235e-37,4.231779662960235e-37
state,1035,8.2000271365889128e-23,8.2000271365889128e-23,0,0
state,1036,2.2175939020912227e-22,2.2175939020912264e-22,3.76158192263132e-37,3.76158192263132e-37
state,1037,8.0621313629337782e-23,8.0621313629338052e-23,2.7036370068912613e-37,2.7036370068912613e-37
state,1038,1002.2696253560504,1002.2696253560504,0,0
state,1039,3.2737018421687602e-24,3.2737018421687654e-24,5.1427877848475078e-39,5.1427877848475078e-39
state,1040,8.4996633562561146e-24,8.4996633562561234e-24,8.8162076311671563e-39,8.8162076311671563e-39
state,1041,3.2147488775832406e-24,3.2147488775832395e-24,1.1020259538958945e-39,1.1020259538958945e-39
state,1042,8.3949923863775771e-24,8.3949923863775859e-24,8.8162076311671563e-39,8.8162076311671563e-39
state,1043,3.1633213798454283e-24,3.1633213798454363e-24,8.0815236619032266e-39,8.0815236619032266e-39
state,1044,1002.2696253560504,1002.2696253560504,0,0
state,1045,1.2071217880861438e-25,1.2071217880861445e-25,6.8876622118493409e-41,6.8876622118493409e-41
state,1046,3.0333752647235333e-25,3.0333752647235342e-25,9.1835496157991212e-41,9.1835496157991212e-41
state,1047,1.1863917794115427e-25,1.1863917794115411e-25,1.6071211827648462e-40,1.6071211827648462e-40
state,1048,2.9979101257405759e-25,2.9979101257405786e-25,2.7550648847397363e-40,2.7550648847397363e-40
state,1049,1.1683081734215493e-25,1.1683081734215514e-25,2.0662986635548023e-40,2.0662986635548023e-40
state,1050,1002.2696253560504,1002.2696253560504,0,0
state,1051,4.2071031838281291e-27,4.2071031838281262e-27,2.8698592549372254e-42,2.8698592549372254e-42
state,1052,1.0251372486469602e-26,1.0251372486469597e-26,5.7397185098744507e-42,5.7397185098744507e-42
state,1053,4.138099799093506e-27,4.1380997990934967e-27,9.3270425785459824e-42,9.3270425785459824e-42
state,1054,1.013738995219286e-26,1.013738995219286e-26,0,0
state,1055,4.0779082588797852e-27,4.0779082588797903e-27,5.0222536961401444e-42,5.0222536961401444e-42
state,1056,1002.2696253560504,1002.2696253560504,0,0
state,1057,1.3907040668220831e-28,1.3907040668220813e-28,1.7936620343357659e-43,1.7936620343357659e-43
state,1058,3.291530297587607e-28,3.2915302975876025e-28,4.4841550858394146e-43,4.4841550858394146e-43
state,1059,1.3688863712892496e-28,1.3688863712892462e-28,3.363116314379561e-43,3.363116314379561e-43
state,1060,3.2566715519278561e-28,3.2566715519278539e-28,2.2420775429197073e-43,2.2420775429197073e-43
state,1061,1.3498563176072967e-28,1.3498563176072969e-28,2.2420775429197073e-44,2.2420775429197073e-44
state,1062,1002.2696253560504,1002.2696253560504,0,0
state,1063,4.3732942643695427e-30,4.3732942643695511e-30,8.4077907859489024e-45,8.4077907859489024e-45
state,1064,1.00697986581998e-29,1.0069798658199822e-29,2.1019476964872256e-44,2.1019476964872256e-44
state,1065,4.3075713691033213e-30,4.3075713691033262e-30,4.9045446251368597e-45,4.9045446251368597e-45
state,1066,9.9680710870662019e-30,9.9680710870662285e-30,2.6624670822171524e-44,2.6624670822171524e-44
state,1067,4.2502518184007501e-30,4.2502518184007662e-30,1.6114932339735396e-44,1.6114932339735396e-44
state,1068,1002.2696253560504,1002.2696253560504,0,0
state,1069,1.3117368337265164e-31,1.3117368337265179e-31,1.5326701953552687e-46,1.5326701953552687e-46
state,1070,2.9427033571781475e-31,2.9427033571781514e-31,3.941151930913548e-46,3.941151930913548e-46
state,1071,1.2928249326004885e-31,1.2928249326004889e-31,4.3790577010150533e-47,4.3790577010150533e-47
state,1072,2.9143047425431239e-31,2.9143047425431283e-31,4.3790577010150533e-46,4.3790577010150533e-46
state,1073,1.2763331714230872e-31,1.2763331714230911e-31,3.941151930913548e-46,3.941151930913548e-46
state,1074,1002.2696253560504,1002.2696253560504,0,0
state,1075,3.7614685022363003e-33,3.7614685022363024e-33,2.0526832973508063e-48,2.0526832973508063e-48
state,1076,8.2327335177526568e-33,8.2327335177526595e-33,2.7369110631344083e-48,2.7369110631344083e-48
state,1077,3.7093646565436132e-33,3.7093646565436118e-33,1.3684555315672042e-48,1.3684555315672042e-48
state,1078,8.1567280272735164e-33,8.1567280272735274e-33,1.0947644252537633e-47,1.0947644252537633e-47
state,1079,3.6639349619944061e-33,3.6639349619944156e-33,9.5791887209704292e-48,9.5791887209704292e-48
state,1080,1002.2696253560504,1002.2696253560504,0,0
state,1081,1.0333308287549828e-34,1.0333308287549826e-34,2.1382117680737565e-50,2.1382117680737565e-50
state,1082,2.2094114787536306e-34,2.2094114787536301e-34,4.276423536147513e-50,4.276423536147513e-50
state,1083,1.0195583917361046e-34,1.019558391736104e-34,6.4146353042212696e-50,6.4146353042212696e-50
state,1084,2.1898709728414661e-34,2.189870972841467e-34,8.5528470722950261e-50,8.5528470722950261e-50
state,1085,1.0075519907048554e-34,1.0075519907048567e-34,1.2829270608442539e-49,1.2829270608442539e-49
state,1086,1002.2696253560504,1002.2696253560504,0,0
state,1087,2.7245786871206855e-36,2.7245786871206811e-36,4.3432426538998179e-51,4.3432426538998179e-51
state,1088,5.6979438122708612e-36,5.6979438122708552e-36,6.0137205977074402e-51,6.0137205977074402e-51
state,1089,2.6895880947672303e-36,2.6895880947672256e-36,4.6773382426613424e-51,4.6773382426613424e-51
state,1090,5.6496008150710818e-36,5.6496008150710811e-36,6.6819117752304891e-52,6.6819117752304891e-52
state,1091,2.6590894617338787e-36,2.6590894617338804e-36,1.6704779438076223e-51,1.6704779438076223e-51
state,1092,1002.2696253560504,1002.2696253560504,0,0
state,1093,6.9066442311973659e-38,6.9066442311973816e-38,1.5660730723196459e-52,1.5660730723196459e-52
state,1094,1.4143849128078312e-37,1.4143849128078346e-37,3.3409558876152446e-52,3.3409558876152446e-52
state,1095,6.82105835902756e-38,6.8210583590275746e-38,1.4616682008316695e-52,1.4616682008316695e-52
state,1096,1.4028576853691528e-37,1.4028576853691576e-37,4.8026240884469141e-52,4.8026240884469141e-52
state,1097,6.7464728890653906e-38,6.7464728890654178e-38,2.7145266586873862e-52,2.7145266586873862e-52
state,1098,1002.2696253560504,1002.2696253560504,0,0
state,1099,1.6858043098056033e-39,1.6858043098056062e-39,2.936387010599336e-54,2.936387010599336e-54
state,1100,3.384231871534104e-39,3.3842318715341099e-39,5.8727740211986721e-54,5.8727740211986721e-54
state,1101,1.6656204456663834e-39,1.6656204456663856e-39,2.2838565637994836e-54,2.2838565637994836e-54
state,1102,3.3577023299373837e-39,3.3577023299373909e-39,7.177834914798377e-54,7.177834914798377e-54
state,1103,1.6480340658465343e-39,1.6480340658465395e-39,5.2202435743988196e-54,5.2202435743988196e-54
state,1104,1002.2696253560504,1002.2696253560504,0,0
state,1105,3.9676059111158789e-41,3.9676059111158819e-41,3.0587364693743084e-56,3.0587364693743084e-56
state,1106,7.8158530888820192e-41,7.8158530888820263e-41,7.1370517618733862e-56,7.1370517618733862e-56
state,1107,3.9216501417345311e-41,3.9216501417345327e-41,1.5293682346871542e-56,1.5293682346871542e-56
state,1108,7.7568450656818775e-41,7.7568450656818877e-41,1.0195788231247695e-55,1.0195788231247695e-55
state,1109,3.88161606513414e-41,3.8816160651341482e-41,8.1566305849981557e-56,8.1566305849981557e-56
state,1110,1002.2696253560504,1002.2696253560504,0,0
state,1111,9.0155497222694544e-43,9.0155497222694496e-43,4.7792757333973568e-58,4.7792757333973568e-58
state,1112,1.7444173766882441e-42,1.7444173766882441e-42,0,0
state,1113,8.9144055337621353e-43,8.9144055337621322e-43,3.1861838222649046e-58,3.1861838222649046e-58
state,1114,1.7317180013328734e-42,1.7317180013328737e-42,3.1861838222649046e-58,3.1861838222649046e-58
state,1115,8.8263114733222267e-43,8.8263114733222378e-43,1.1151643377927166e-57,1.1151643377927166e-57
state,1116,1002.2696253560504,1002.2696253560504,0,0
state,1117,1.9802387278901933e-44,1.980238727890191e-44,2.240285500030011e-59,2.240285500030011e-59
state,1118,3.7668263123555381e-44,3.7668263123555356e-44,2.4892061111444567e-59,2.4892061111444567e-59
state,1119,1.9586962567593355e-44,1.9586962567593332e-44,2.240285500030011e-59,2.240285500030011e-59
state,1120,3.7403526154155286e-44,3.7403526154155262e-44,2.4892061111444567e-59,2.4892061111444567e-59
state,1121,1.9399369868848693e-44,1.9399369868848703e-44,9.9568244445778267e-60,9.9568244445778267e-60
state,1122,1002.2696253560504,1002.2696253560504,0,0
state,1123,4.2090810790266015e-46,4.2090810790265929e-46,8.5566460070590698e-61,8.5566460070590698e-61
state,1124,7.8778916525893251e-46,7.8778916525893127e-46,1.2446030555722283e-60,1.2446030555722283e-60
state,1125,4.164632780632311e-46,4.1646327806323024e-46,8.5566460070590698e-61,8.5566460070590698e-61
state,1126,7.8243808032000759e-46,7.8243808032000635e-46,1.2446030555722283e-60,1.2446030555722283e-60
state,1127,4.1259346935930588e-46,4.1259346935930573e-46,1.5557538194652854e-61,1.5557538194652854e-61
state,1128,1002.2696253560504,1002.2696253560504,0,0
state,1129,8.666660805235665e-48,8.6666608052356431e-48,2.1877788086230576e-62,2.1877788086230576e-62
state,1130,1.5972780042395781e-47,1.5972780042395744e-47,3.6462980143717627e-62,3.6462980143717627e-62
state,1131,8.5777327358563726e-48,8.5777327358563471e-48,2.5524086100602339e-62,2.5524086100602339e-62
state,1132,1.5867809824595314e-47,1.5867809824595277e-47,3.6462980143717627e-62,3.6462980143717627e-62
state,1133,8.5003245756984436e-48,8.5003245756984302e-48,1.3369759386029797e-62,1.3369759386029797e-62
state,1134,1002.2696253560504,1002.2696253560504,0,0
state,1135,1.7303442892316956e-49,1.7303442892316978e-49,2.2789362589823517e-64,2.2789362589823517e-64
state,1136,3.1425800617831158e-49,3.1425800617831193e-49,3.4184043884735275e-64,3.4184043884735275e-64
state,1137,1.7130764682805726e-49,1.7130764682805742e-49,1.5192908393215678e-64,1.5192908393215678e-64
state,1138,3.122578621782399e-49,3.1225786217824032e-49,4.1780498081343114e-64,4.1780498081343114e-64
state,1139,1.6980485507627036e-49,1.6980485507627073e-49,3.6083157433887235e-64,3.6083157433887235e-64
state,1140,1002.2696253560504,1002.2696253560504,0,0
state,1141,3.3529333395852746e-51,3.3529333395852746e-51,0,0
state,1142,6.0048482052329552e-51,6.0048482052329611e-51,5.9347298410998742e-66,5.9347298410998742e-66
state,1143,3.3203633874750972e-51,3.3203633874750978e-51,5.9347298410998742e-67,5.9347298410998742e-67
state,1144,5.9677991998073314e-51,5.9677991998073338e-51,2.3738919364399497e-66,2.3738919364399497e-66
state,1145,3.292023908819809e-51,3.2920239088198126e-51,3.5608379046599245e-66,3.5608379046599245e-66
state,1146,1002.2696253560504,1002.2696253560504,0,0
state,1147,6.3110396676237231e-53,6.3110396676237472e-53,2.4109839979468239e-67,2.4109839979468239e-67
state,1148,1.115269464591633e-52,1.115269464591638e-52,5.0074283034280189e-67,5.0074283034280189e-67
state,1149,6.2513194388087382e-53,6.2513194388087614e-53,2.3182538441796384e-67,2.3182538441796384e-67
state,1150,1.1085931111610641e-52,1.1085931111610688e-52,4.6365076883592767e-67,4.6365076883592767e-67
state,1151,6.1993665222355558e-53,6.1993665222355855e-53,2.9673649205499371e-67,2.9673649205499371e-67
state,1152,1002.2696253560504,1002.2696253560504,0,0
state,1153,1.1548112304217722e-54,1.1548112304217755e-54,3.3324899010082302e-69,3.3324899010082302e-69
state,1154,2.0148919763499302e-54,2.0148919763499369e-54,6.6649798020164603e-69,6.6649798020164603e-69
state,1155,1.1441581645607791e-54,1.1441581645607822e-54,3.0427081704857754e-69,3.0427081704857754e-69
state,1156,2.0031792652560565e-54,2.0031792652560638e-54,7.2445432630613699e-69,7.2445432630613699e-69
state,1157,1.1348924862929634e-54,1.1348924862929682e-54,4.7813985536205041e-69,4.7813985536205041e-69
state,1158,1002.2696253560504,1002.2696253560504,0,0
state,1159,2.0558247264083823e-56,2.0558247264083859e-56,3.6222716315306849e-71,3.6222716315306849e-71
state,1160,3.5434931609041773e-56,3.5434931609041859e-56,8.6028951248853767e-71,8.6028951248853767e-71
state,1161,2.037324257122565e-56,2.0373242571225689e-56,3.8486636085013528e-71,3.8486636085013528e-71
state,1162,3.5234751328691637e-56,3.5234751328691728e-56,9.0556790788267124e-71,9.0556790788267124e-71
state,1163,2.0212363338339403e-56,2.0212363338339464e-56,6.1125833782080308e-71,6.1125833782080308e-71
state,1164,1002.2696253560504,1002.2696253560504,0,0
state,1165,3.5631905745769301e-58,3.5631905745769344e-58,4.2448495682000214e-73,4.2448495682000214e-73
state,1166,6.0703839519707672e-58,6.0703839519707785e-58,1.131959884853339e-72,1.131959884853339e-72
state,1167,3.5318911893588905e-58,3.5318911893588933e-58,2.8298997121333476e-73,2.8298997121333476e-73
state,1168,6.0370332067055461e-58,6.0370332067055546e-58,8.4896991364000428e-73,8.4896991364000428e-73
state,1169,3.5046787002933672e-58,3.5046787002933743e-58,7.074749280333369e-73,7.074749280333369e-73
state,1170,1002.2696253560504,1002.2696253560504,0,0
state,1171,6.0168079774339312e-60,6.0168079774339323e-60,1.1054295750520889e-75,1.1054295750520889e-75
state,1172,1.0136471589173474e-59,1.0136471589173482e-59,8.8434366004167113e-75,8.8434366004167113e-75
state,1173,5.9651890585161705e-60,5.9651890585161716e-60,1.1054295750520889e-75,1.1054295750520889e-75
state,1174,1.0082275181207313e-59,1.0082275181207324e-59,1.1054295750520889e-74,1.1054295750520889e-74
state,1175,5.9203189397196837e-60,5.9203189397196936e-60,9.9488661754688002e-75,9.9488661754688002e-75
state,1176,1002.2696253560504,1002.2696253560504,0,0
state,1177,9.9048579381266953e-62,9.9048579381266919e-62,3.4544674220377779e-77,3.4544674220377779e-77
state,1178,1.6508612250469499e-61,1.6508612250469499e-61,0,0
state,1179,9.8218224963924733e-62,9.8218224963924664e-62,6.9089348440755557e-77,6.9089348440755557e-77
state,1180,1.6422658779253456e-61,1.6422658779253445e-61,1.0363402266113334e-76,1.0363402266113334e-76
state,1181,9.7496572093696059e-62,9.7496572093696111e-62,5.1817011330566668e-77,5.1817011330566668e-77
state,1182,1002.2696253560504,1002.2696253560504,0,0
state,1183,1.5905668339304875e-63,1.5905668339304859e-63,1.6192816040802084e-78,1.6192816040802084e-78
state,1184,2.6238631837211739e-63,2.6238631837211718e-63,2.1590421387736112e-78,2.1590421387736112e-78
state,1185,1.5775307108261049e-63,1.5775307108261022e-63,2.6988026734670139e-78,2.6988026734670139e-78
state,1186,2.6105519123948782e-63,2.6105519123948744e-63,3.7783237428538195e-78,3.7783237428538195e-78
state,1187,1.5662033033836388e-63,1.5662033033836386e-63,2.6988026734670139e-79,2.6988026734670139e-79
state,1188,1002.2696253560504,1002.2696253560504,0,0
state,1189,2.493046830154345e-65,2.4930468301543386e-65,6.3253187659383139e-80,6.3253187659383139e-80
state,1190,4.0721151885806959e-65,4.0721151885806891e-65,6.7470066836675349e-80,6.7470066836675349e-80
state,1191,2.4730619787078061e-65,2.4730619787078006e-65,5.4819429304798721e-80,5.4819429304798721e-80
state,1192,4.0519750240350426e-65,4.0519750240350333e-65,9.2771341900428604e-80,9.2771341900428604e-80
state,1193,2.4556999315365668e-65,2.4556999315365639e-65,2.9518154241045465e-80,2.9518154241045465e-80
state,1194,1002.2696253560504,1002.2696253560504,0,0
state,1195,3.8161431245885557e-67,3.8161431245885439e-67,1.1859972686134339e-81,1.1859972686134339e-81
state,1196,6.1741480678638221e-67,6.174148067863805e-67,1.71310716577496e-81,1.71310716577496e-81
state,1197,3.786210335839002e-67,3.7862103358389908e-67,1.1201085314682431e-81,1.1201085314682431e-81
state,1198,6.1443623717273175e-67,6.1443623717272991e-67,1.8448846400653416e-81,1.8448846400653416e-81
state,1199,3.7602107850577367e-67,3.7602107850577301e-67,6.588873714519077e-82,6.588873714519077e-82
state,1200,1002.2696253560504,1002.2696253560504,0,0
state,1201,5.7077354954363001e-69,5.7077354954362795e-69,2.0590230357872116e-83,2.0590230357872116e-83
state,1202,9.1502137493954738e-69,9.1502137493954388e-69,3.5003391608382597e-83,3.5003391608382597e-83
state,1203,5.6639123743531424e-69,5.6639123743531197e-69,2.2649253393659327e-83,2.2649253393659327e-83
state,1204,9.1071354943271562e-69,9.1071354943271212e-69,3.5003391608382597e-83,3.5003391608382597e-83
state,1205,5.6258547791254275e-69,5.6258547791254121e-69,1.5442672768404087e-83,1.5442672768404087e-83
state,1206,1002.2696253560504,1002.2696253560504,0,0
state,1207,8.3457696291751964e-71,8.345769629175235e-71,3.8606681921010217e-85,3.8606681921010217e-85
state,1208,1.3261469642644175e-70,1.3261469642644234e-70,5.9518634628224084e-85,5.9518634628224084e-85
state,1209,8.283025104340363e-71,8.2830251043403984e-71,3.5389458427592699e-85,3.5389458427592699e-85
state,1210,1.3200514621145742e-70,1.3200514621145803e-70,6.1127246374932843e-85,6.1127246374932843e-85
state,1211,8.2285454979521624e-71,8.2285454979522074e-71,4.5041128907845253e-85,4.5041128907845253e-85
state,1212,1002.2696253560504,1002.2696253560504,0,0
state,1213,1.1935497713058867e-72,1.1935497713058914e-72,4.7755661230416284e-87,4.7755661230416284e-87
state,1214,1.8804328239829636e-72,1.8804328239829704e-72,6.7863308064275772e-87,6.7863308064275772e-87
state,1215,1.1847603083620419e-72,1.184760308362046e-72,4.0215293667718976e-87,4.0215293667718976e-87
state,1216,1.8719907532800927e-72,1.8719907532801e-72,7.2890219772740644e-87,7.2890219772740644e-87
state,1217,1.1771300145374327e-72,1.177130014537438e-72,5.2782572938881156e-87,5.2782572938881156e-87
state,1218,1002.2696253560504,1002.2696253560504,0,0
state,1219,1.6702632255384201e-74,1.6702632255384256e-74,5.4981846811334537e-89,5.4981846811334537e-89
state,1220,2.6098790198100712e-74,2.6098790198100783e-74,7.0690945900287262e-89,7.0690945900287262e-89
state,1221,1.6582114248172277e-74,1.6582114248172325e-74,4.7127297266858175e-89,4.7127297266858175e-89
state,1222,2.5984303291722045e-74,2.5984303291722123e-74,7.8545495444763625e-89,7.8545495444763625e-89
state,1223,1.6477509268464978e-74,1.6477509268465033e-74,5.4981846811334537e-89,5.4981846811334537e-89
state,1224,701.58873774923518,701.58873774923518,0,0
state,1225,60.125925510060171,60.125925510060171,0,0
state,1226,60.12044313406281,60.12044313406281,0,0
state,1227,60.113192101299823,60.113192101299823,0,0
state,1228,60.103907081271799,60.103907081271799,0,0
state,1229,60.092322566651845,60.092322566651845,0,0
state,1230,1002.2696253560504,1002.2696253560504,0,0
state,1231,0.00047212452930558291,0.00047212452930558291,0,0
state,1232,0.00047010469238129536,0.00047010469238129509,2.7105054312137611e-19,2.7105054312137611e-19
state,1233,0.00045332748691752134,0.00045332748691752155,2.1684043449710089e-19,2.1684043449710089e-19
state,1234,0.00045514134758090812,0.00045514134758090812,0,0
state,1235,0.00043599027742973715,0.00043599027742973715,0,0
state,1236,1002.2696253560504,1002.2696253560504,0,0
state,1237,2.3499315267619899e-05,2.3499315267619899e-05,0,0
state,1238,2.8770866275898773e-05,2.8770866275898783e-05,1.0164395367051604e-20,1.0164395367051604e-20
state,1239,2.1872359245556649e-05,2.1872359245556649e-05,0,0
state,1240,2.7269383322182467e-05,2.7269383322182473e-05,6.7762635780344027e-21,6.7762635780344027e-21
state,1241,2.0489305120872185e-05,2.0489305120872185e-05,0,0
state,1242,1002.2696253560504,1002.2696253560504,0,0
state,1243,5.7548877645878235e-07,5.7548877645878235e-07,0,0
state,1244,1.0021054916395461e-06,1.0021054916395463e-06,2.1175823681357508e-22,2.1175823681357508e-22
state,1245,5.3597662743456692e-07,5.3597662743456682e-07,1.0587911840678754e-22,1.0587911840678754e-22
state,1246,9.5063095728972636e-07,9.5063095728972636e-07,0,0
state,1247,5.024510177897256e-07,5.0245101778972581e-07,2.1175823681357508e-22,2.1175823681357508e-22
state,1248,1002.2696253560504,1002.2696253560504,0,0
state,1249,1.3511529315360343e-08,1.351152931536033e-08,1.3234889800848443e-23,1.3234889800848443e-23
state,1250,3.3244077039374013e-08,3.3244077039374053e-08,3.9704669402545328e-23,3.9704669402545328e-23
state,1251,1.2614791217045205e-08,1.2614791217045225e-08,1.9852334701272664e-23,1.9852334701272664e-23
state,1252,3.1617353417892573e-08,3.1617353417892533e-08,3.9704669402545328e-23,3.9704669402545328e-23
state,1253,1.185262930267958e-08,1.1852629302679573e-08,6.6174449004242214e-24,6.6174449004242214e-24
state,1254,1002.2696253560504,1002.2696253560504,0,0
state,1255,3.1576301547012572e-10,3.1576301547012541e-10,3.1019272970738538e-25,3.1019272970738538e-25
state,1256,1.0909379629387611e-09,1.0909379629387632e-09,2.0679515313825692e-24,2.0679515313825692e-24
state,1257,2.9553188740976674e-10,2.9553188740976736e-10,6.2038545941477076e-25,6.2038545941477076e-25
state,1258,1.0402042648956026e-09,1.040204264895601e-09,1.6543612251060553e-24,1.6543612251060553e-24
state,1259,2.7830682856453205e-10,2.78306828564532e-10,5.169878828456423e-26,5.169878828456423e-26
state,1260,1002.2696253560504,1002.2696253560504,0,0
state,1261,7.3801017559102364e-12,7.3801017559102267e-12,9.6935228033557931e-27,9.6935228033557931e-27
state,1262,3.5479397691926596e-11,3.5479397691926686e-11,9.0472879497987402e-26,9.0472879497987402e-26
state,1263,6.9255393826702593e-12,6.9255393826702738e-12,1.454028420503369e-26,1.454028420503369e-26
state,1264,3.3915046546064743e-11,3.3915046546064665e-11,7.7548182426846345e-26,7.7548182426846345e-26
state,1265,6.5378524897506145e-12,6.5378524897506162e-12,1.6155871338926322e-27,1.6155871338926322e-27
state,1266,1002.2696253560504,1002.2696253560504,0,0
state,1267,2.3427639383995158e-13,2.3427639383995132e-13,2.5243548967072378e-28,2.5243548967072378e-28
state,1268,1.3373437136224948e-12,1.3373437136224964e-12,1.6155871338926322e-27,1.6155871338926322e-27
state,1269,2.2252745727709441e-13,2.2252745727709456e-13,1.5146129380243427e-28,1.5146129380243427e-28
state,1270,1.2864496679677683e-12,1.2864496679677653e-12,3.0292258760486853e-27,3.0292258760486853e-27
state,1271,2.1246145070749084e-13,2.1246145070749081e-13,2.5243548967072378e-29,2.5243548967072378e-29
state,1272,1002.2696253560504,1002.2696253560504,0,0
state,1273,3.1297003850597134e-14,3.1297003850597128e-14,6.3108872417680944e-30,6.3108872417680944e-30
state,1274,1.5683407225377716e-13,1.5683407225377743e-13,2.7767903863779616e-28,2.7767903863779616e-28
state,1275,3.0002551680736221e-14,3.000255168073619e-14,3.1554436208840472e-29,3.1554436208840472e-29
state,1276,1.5190420047448592e-13,1.5190420047448569e-13,2.271919407036514e-28,2.271919407036514e-28
state,1277,2.8886746719114055e-14,2.8886746719114067e-14,1.2621774483536189e-29,1.2621774483536189e-29
state,1278,1002.2696253560504,1002.2696253560504,0,0
state,1279,3.4922196032064161e-15,3.4922196032064173e-15,1.1832913578315177e-30,1.1832913578315177e-30
state,1280,1.565565611827164e-14,1.5655656118271652e-14,1.2621774483536189e-29,1.2621774483536189e-29
state,1281,3.3678226078182406e-15,3.3678226078182366e-15,3.944304526105059e-30,3.944304526105059e-30
state,1282,1.5235822866276888e-14,1.5235822866276869e-14,1.8932661725304283e-29,1.8932661725304283e-29
state,1283,3.2601573932954974e-15,3.2601573932954997e-15,2.3665827156630354e-30,2.3665827156630354e-30
state,1284,1002.2696253560504,1002.2696253560504,0,0
state,1285,3.3014609135380267e-16,3.3014609135380292e-16,2.4651903288156619e-31,2.4651903288156619e-31
state,1286,1.3485549567988871e-15,1.3485549567988889e-15,1.7749370367472766e-30,1.7749370367472766e-30
state,1287,3.1967950947473212e-16,3.1967950947473178e-16,3.4512664603419266e-31,3.4512664603419266e-31
state,1288,1.3168294316099433e-15,1.3168294316099409e-15,2.3665827156630354e-30,2.3665827156630354e-30
state,1289,3.1059650578681534e-16,3.1059650578681573e-16,3.944304526105059e-31,3.944304526105059e-31
state,1290,1002.2696253560504,1002.2696253560504,0,0
state,1291,2.6915660113220491e-17,2.6915660113220497e-17,6.1629758220391547e-33,6.1629758220391547e-33
state,1292,1.0167413516098407e-16,1.0167413516098411e-16,3.6977854932234928e-32,3.6977854932234928e-32
state,1293,2.613886595048803e-17,2.613886595048799e-17,4.0059342843254506e-32,4.0059342843254506e-32
state,1294,9.9529328770946226e-17,9.952932877094614e-17,8.6281661508548166e-32,8.6281661508548166e-32
state,1295,2.5463566259793776e-17,2.5463566259793783e-17,6.1629758220391547e-33,6.1629758220391547e-33
state,1296,1002.2696253560504,1002.2696253560504,0,0
state,1297,1.9248318050437918e-18,1.9248318050437964e-18,4.622231866529366e-33,4.622231866529366e-33
state,1298,6.8009992073941435e-18,6.800999207394152e-18,8.4740917553038378e-33,8.4740917553038378e-33
state,1299,1.8734973962210224e-18,1.8734973962210213e-18,1.1555579666323415e-33,1.1555579666323415e-33
state,1300,6.670242906156948e-18,6.6702429061569503e-18,2.311115933264683e-33,2.311115933264683e-33
state,1301,1.8288174545738706e-18,1.828817454573874e-18,3.4666738998970245e-33,3.4666738998970245e-33
state,1302,1002.2696253560504,1002.2696253560504,0,0
state,1303,1.2256738811519558e-19,1.2256738811519566e-19,7.2222372914521344e-35,7.2222372914521344e-35
state,1304,4.0855548263102424e-19,4.0855548263102443e-19,1.9259299443872359e-34,1.9259299443872359e-34
state,1305,1.1951667126254416e-19,1.1951667126254399e-19,1.6851887013388314e-34,1.6851887013388314e-34
state,1306,4.0131124200432588e-19,4.0131124200432564e-19,2.4074124304840448e-34,2.4074124304840448e-34
state,1307,1.1685928212889623e-19,1.1685928212889637e-19,1.4444474582904269e-34,1.4444474582904269e-34
state,1308,1002.2696253560504,1002.2696253560504,0,0
state,1309,7.0385330080869563e-21,7.0385330080869563e-21,0,0
state,1310,2.2278335595384559e-20,2.2278335595384535e-20,2.4074124304840448e-35,2.4074124304840448e-35
state,1311,6.8739502667039505e-21,6.8739502667039324e-21,1.8055593228630336e-35,1.8055593228630336e-35
state,1312,2.1910900328246152e-20,2.1910900328246116e-20,3.6111186457260672e-35,3.6111186457260672e-35
state,1313,6.730507993215238e-21,6.7305079932152425e-21,4.513898307157584e-36,4.513898307157584e-36
state,1314,1002.2696253560504,1002.2696253560504,0,0
state,1315,3.6843367240773779e-22,3.6843367240773845e-22,6.58276836460481e-37,6.58276836460481e-37
state,1316,1.1129376699522156e-21,1.1129376699522162e-21,5.64237288394698e-37,5.64237288394698e-37
state,1317,3.6030364538819228e-22,3.6030364538819205e-22,2.350988701644575e-37,2.350988701644575e-37
state,1318,1.0957583778051792e-21,1.0957583778051794e-21,1.88079096131566e-37,1.88079096131566e-37
state,1319,3.532152355938218e-22,3.5321523559382264e-22,8.4635593259204701e-37,8.4635593259204701e-37
state,1320,1002.2696253560504,1002.2696253560504,0,0
state,1321,1.7737697042744996e-23,1.7737697042745005e-23,8.8162076311671563e-39,8.8162076311671563e-39
state,1322,5.1339208009165073e-23,5.1339208009165073e-23,0,0
state,1323,1.7367145617306633e-23,1.7367145617306604e-23,2.9387358770557188e-38,2.9387358770557188e-38
state,1324,5.0594156743157901e-23,5.0594156743157849e-23,5.2897245787002938e-38,5.2897245787002938e-38
state,1325,1.7043987464663621e-23,1.7043987464663645e-23,2.350988701644575e-38,2.350988701644575e-38
state,1326,1002.2696253560504,1002.2696253560504,0,0
state,1327,7.9133607378898681e-25,7.9133607378898626e-25,5.5101297694794727e-40,5.5101297694794727e-40
state,1328,2.2016985072767117e-24,2.2016985072767098e-24,1.8367099231598242e-39,1.8367099231598242e-39
state,1329,7.7564789273142763e-25,7.756478927314257e-25,1.9285454193178154e-39,1.9285454193178154e-39
state,1330,2.1715562714546672e-24,2.1715562714546647e-24,2.5713938924237539e-39,2.5713938924237539e-39
state,1331,7.6196402630794372e-25,7.6196402630794381e-25,9.1835496157991212e-41,9.1835496157991212e-41
state,1332,1002.2696253560504,1002.2696253560504,0,0
state,1333,3.2923145536916008e-26,3.2923145536916031e-26,2.2958874039497803e-41,2.2958874039497803e-41
state,1334,8.8290931207044806e-26,8.8290931207044864e-26,5.7397185098744507e-41,5.7397185098744507e-41
state,1335,3.2302546009739439e-26,3.2302546009739399e-26,4.0178029569121155e-41,4.0178029569121155e-41
state,1336,8.7147618906469175e-26,8.7147618906469175e-26,0,0
state,1337,3.1761185657788041e-26,3.1761185657788104e-26,6.3136903608618958e-41,6.3136903608618958e-41
state,1338,1002.2696253560504,1002.2696253560504,0,0
state,1339,1.2842449652407079e-27,1.2842449652407106e-27,2.6904930515036488e-42,2.6904930515036488e-42
state,1340,3.3272646439074094e-27,3.3272646439074166e-27,7.1746481373430634e-42,7.1746481373430634e-42
state,1341,1.2611890827183681e-27,1.2611890827183681e-27,0,0
state,1342,3.2864230083483582e-27,3.286423008348364e-27,5.7397185098744507e-42,5.7397185098744507e-42
state,1343,1.2410763441323613e-27,1.241076344132366e-27,4.6635212892729912e-42,4.6635212892729912e-42
state,1344,1002.2696253560504,1002.2696253560504,0,0
state,1345,4.7182973152132987e-29,4.7182973152133076e-29,8.9683101716788293e-44,8.9683101716788293e-44
state,1346,1.1834113532966626e-28,1.1834113532966635e-28,8.9683101716788293e-44,8.9683101716788293e-44
state,1347,4.6374972729628736e-29,4.6374972729628725e-29,1.1210387714598537e-44,1.1210387714598537e-44
state,1348,1.169616482687106e-28,1.1696164826871074e-28,1.3452465257518244e-43,1.3452465257518244e-43
state,1349,4.5670124040030129e-29,4.5670124040030263e-29,1.3452465257518244e-43,1.3452465257518244e-43
state,1350,1002.2696253560504,1002.2696253560504,0,0
state,1351,1.6391391189964517e-30,1.639139118996452e-30,3.5032461608120427e-46,3.5032461608120427e-46
state,1352,3.987257538833406e-30,3.9872575388334067e-30,7.0064923216240854e-46,7.0064923216240854e-46
state,1353,1.612324020408062e-30,1.6123240204080603e-30,1.7516230804060213e-45,1.7516230804060213e-45
state,1354,3.9430458173952359e-30,3.9430458173952394e-30,3.5032461608120427e-45,3.5032461608120427e-45
state,1355,1.5889333582825372e-30,1.58893335828254e-30,2.8025969286496341e-45,2.8025969286496341e-45
state,1356,1002.2696253560504,1002.2696253560504,0,0
state,1357,5.4026888814888514e-32,5.4026888814888492e-32,2.1895288505075267e-47,2.1895288505075267e-47
state,1358,1.276749494845861e-31,1.2767494948458602e-31,8.7581154020301067e-47,8.7581154020301067e-47
state,1359,5.318131957587084e-32,5.3181319575870741e-32,9.85287982728387e-47,9.85287982728387e-47
state,1360,1.2632624858422292e-31,1.2632624858422292e-31,0,0
state,1361,5.244379269174383e-32,5.2443792691743885e-32,5.4738221262688167e-47,5.4738221262688167e-47
state,1362,1002.2696253560504,1002.2696253560504,0,0
state,1363,1.6945251729867229e-33,1.6945251729867205e-33,2.3947971802426073e-48,2.3947971802426073e-48
state,1364,3.8963374810683613e-33,3.8963374810683551e-33,6.1580498920524188e-48,6.1580498920524188e-48
state,1365,1.6691153558555712e-33,1.6691153558555678e-33,3.4211388289180104e-48,3.4211388289180104e-48
state,1366,3.8570684003488994e-33,3.8570684003488966e-33,2.7369110631344083e-48,2.7369110631344083e-48
state,1367,1.6469545879049918e-33,1.6469545879049921e-33,3.4211388289180104e-49,3.4211388289180104e-49
state,1368,1002.2696253560504,1002.2696253560504,0,0
state,1369,5.0705333982431059e-35,5.0705333982431166e-35,1.0691058840368783e-49,1.0691058840368783e-49
state,1370,1.1360727912883691e-34,1.1360727912883715e-34,2.3520329448811322e-49,2.3520329448811322e-49
state,1371,4.9975774207140829e-35,4.9975774207140904e-35,7.4837411882581478e-50,7.4837411882581478e-50
state,1372,1.1251330793512871e-34,1.1251330793512903e-34,3.2073176521106348e-49,3.2073176521106348e-49
state,1373,4.933958009059732e-35,4.9339580090597524e-35,2.0313011796700687e-49,2.0313011796700687e-49
state,1374,1002.2696253560504,1002.2696253560504,0,0
state,1375,1.4508450720295835e-36,1.4508450720295856e-36,2.171621326949909e-51,2.171621326949909e-51
state,1376,3.171832915368138e-36,3.1718329153681427e-36,4.6773382426613424e-51,4.6773382426613424e-51
state,1377,1.4307856290186187e-36,1.4307856290186197e-36,1.0022867662845734e-51,1.0022867662845734e-51
state,1378,3.1426097900722509e-36,3.1426097900722569e-36,6.0137205977074402e-51,6.0137205977074402e-51
state,1379,1.4132957962811477e-36,1.4132957962811519e-36,4.1761948595190557e-51,4.1761948595190557e-51
state,1380,1002.2696253560504,1002.2696253560504,0,0
state,1381,3.9777455036597727e-38,3.9777455036597748e-38,2.0880974297595278e-53,2.0880974297595278e-53
state,1382,8.4961321484645841e-38,8.4961321484645862e-38,2.0880974297595278e-53,2.0880974297595278e-53
state,1383,3.9248212595810727e-38,3.9248212595810722e-38,5.2202435743988196e-54,5.2202435743988196e-54
state,1384,8.4211329408535579e-38,8.4211329408535662e-38,8.3523897190381114e-53,8.3523897190381114e-53
state,1385,3.8786838338583441e-38,3.8786838338583524e-38,8.3523897190381114e-53,8.3523897190381114e-53
state,1386,1002.2696253560504,1002.2696253560504,0,0
state,1387,1.0468841747988436e-39,1.0468841747988434e-39,1.6313261169996311e-55,1.6313261169996311e-55
state,1388,2.1872787880810219e-39,2.1872787880810212e-39,6.5253044679985245e-55,6.5253044679985245e-55
state,1389,1.0334610957221124e-39,1.0334610957221117e-39,6.5253044679985245e-55,6.5253044679985245e-55
state,1390,2.1687540753250763e-39,2.1687540753250766e-39,3.2626522339992623e-55,3.2626522339992623e-55
state,1391,1.0217613123018397e-39,1.021761312301841e-39,1.3050608935997049e-54,1.3050608935997049e-54
state,1392,1002.2696253560504,1002.2696253560504,0,0
state,1393,2.6492790510363818e-41,2.6492790510363778e-41,4.0783152924990778e-56,4.0783152924990778e-56
state,1394,5.4206381992605384e-41,5.4206381992605322e-41,6.1174729387486167e-56,6.1174729387486167e-56
state,1395,2.6164986285652134e-41,2.6164986285652088e-41,4.5881047040614626e-56,4.5881047040614626e-56
state,1396,5.3765329067071877e-41,5.3765329067071857e-41,2.0391576462495389e-56,2.0391576462495389e-56
state,1397,2.5879317177016123e-41,2.5879317177016138e-41,1.5293682346871542e-56,1.5293682346871542e-56
state,1398,1002.2696253560504,1002.2696253560504,0,0
state,1399,6.4562757593252163e-43,6.4562757593252306e-43,1.433782720019207e-57,1.433782720019207e-57
state,1400,1.2950574258047865e-42,1.2950574258047899e-42,3.3454930133781498e-57,3.3454930133781498e-57
state,1401,6.3790829756427496e-43,6.3790829756427647e-43,1.5134373155758297e-57,1.5134373155758297e-57
state,1402,1.2849209128200798e-42,1.2849209128200836e-42,3.8234205867178855e-57,3.8234205867178855e-57
state,1403,6.3118247446037552e-43,6.3118247446037799e-43,2.469292462255301e-57,2.469292462255301e-57
state,1404,1002.2696253560504,1002.2696253560504,0,0
state,1405,1.5172774386102036e-44,1.5172774386102064e-44,2.7381267222589024e-59,2.7381267222589024e-59
state,1406,2.9867263409632242e-44,2.9867263409632306e-44,6.4719358889755874e-59,6.4719358889755874e-59
state,1407,1.4997258932864545e-44,1.4997258932864563e-44,1.7424442778011197e-59,1.7424442778011197e-59
state,1408,2.9642097303709933e-44,2.9642097303709997e-44,6.4719358889755874e-59,6.4719358889755874e-59
state,1409,1.484436094080725e-44,1.4844360940807295e-44,4.480571000060022e-59,4.480571000060022e-59
state,1410,1002.2696253560504,1002.2696253560504,0,0
state,1411,3.4429653854143111e-46,3.4429653854143138e-46,2.7225691840642495e-61,2.7225691840642495e-61
state,1412,6.6573150382811578e-46,6.6573150382811648e-46,7.0008921875937844e-61,7.0008921875937844e-61
state,1413,3.4043857871132159e-46,3.4043857871132186e-46,2.7225691840642495e-61,2.7225691840642495e-61
state,1414,6.6089152605326224e-46,6.6089152605326318e-46,9.3345229167917126e-61,9.3345229167917126e-61
state,1415,3.3707841758088086e-46,3.3707841758088172e-46,8.5566460070590698e-61,8.5566460070590698e-61
state,1416,1002.2696253560504,1002.2696253560504,0,0
state,1417,7.5526645754813431e-48,7.5526645754813419e-48,1.2154326714572542e-63,1.2154326714572542e-63
state,1418,1.4357857249474535e-47,1.4357857249474538e-47,2.4308653429145085e-63,2.4308653429145085e-63
state,1419,7.4705938217063401e-48,7.4705938217063389e-48,1.2154326714572542e-63,1.2154326714572542e-63
state,1420,1.4257076631114767e-47,1.4257076631114769e-47,2.4308653429145085e-63,2.4308653429145085e-63
state,1421,7.3991268112020244e-48,7.3991268112020353e-48,1.0938894043115288e-62,1.0938894043115288e-62
state,1422,1002.2696253560504,1002.2696253560504,0,0
state,1423,1.6034179795156756e-49,1.6034179795156743e-49,1.3293794844063718e-64,1.3293794844063718e-64
state,1424,2.999312345080008e-49,2.9993123450800064e-49,1.5192908393215678e-64,1.5192908393215678e-64
state,1425,1.5865036195238955e-49,1.5865036195238938e-49,1.7092021942367638e-64,1.7092021942367638e-64
state,1426,2.9789637245990236e-49,2.9789637245990217e-49,1.8991135491519597e-64,1.8991135491519597e-64
state,1427,1.5717775519022954e-49,1.5717775519022962e-49,7.596454196607839e-65,7.596454196607839e-65
state,1428,1002.2696253560504,1002.2696253560504,0,0
state,1429,3.2977634933477792e-51,3.2977634933477727e-51,6.5282028252098616e-66,6.5282028252098616e-66
state,1430,6.0746220942359139e-51,6.0746220942359056e-51,8.3086217775398239e-66,8.3086217775398239e-66
state,1431,3.263958927937467e-51,3.2639589279374604e-51,6.5282028252098616e-66,6.5282028252098616e-66
state,1432,6.0347456391814958e-51,6.0347456391814863e-51,9.4955677457597987e-66,9.4955677457597987e-66
state,1433,3.2345336760972125e-51,3.2345336760972113e-51,1.1869459682199748e-66,1.1869459682199748e-66
state,1434,1002.2696253560504,1002.2696253560504,0,0
state,1435,6.5771407581917471e-53,6.5771407581917304e-53,1.6691427678093396e-67,1.6691427678093396e-67
state,1436,1.1939304059498589e-52,1.1939304059498562e-52,2.781904613015566e-67,2.781904613015566e-67
state,1437,6.5115660848131278e-53,6.5115660848131102e-53,1.7618729215765252e-67,1.7618729215765252e-67
state,1438,1.1863395051109563e-52,1.1863395051109537e-52,2.596444305481195e-67,2.596444305481195e-67
state,1439,6.4544978497131487e-53,6.4544978497131394e-53,9.2730153767185535e-68,9.2730153767185535e-68
state,1440,1002.2696253560504,1002.2696253560504,0,0
state,1441,1.2731882947152479e-54,1.2731882947152489e-54,1.0142360568285918e-69,1.0142360568285918e-69
state,1442,2.2791514515446464e-54,2.2791514515446496e-54,3.1875990357470028e-69,3.1875990357470028e-69
state,1443,1.2608316181946069e-54,1.2608316181946079e-54,1.0142360568285918e-69,1.0142360568285918e-69
state,1444,2.2651035171622407e-54,2.2651035171622439e-54,3.1875990357470028e-69,3.1875990357470028e-69
state,1445,1.2500800071565386e-54,1.250080007156541e-54,2.4631447094408658e-69,2.4631447094408658e-69
state,1446,1002.2696253560504,1002.2696253560504,0,0
state,1447,2.3941742319816504e-56,2.3941742319816508e-56,4.5278395394133562e-72,4.5278395394133562e-72
state,1448,4.2291396725786353e-56,4.229139672578639e-56,3.6222716315306849e-71,3.6222716315306849e-71
state,1449,2.3715374913691674e-56,2.3715374913691679e-56,4.5278395394133562e-72,4.5278395394133562e-72
state,1450,4.2038467188543515e-56,4.2038467188543551e-56,3.6222716315306849e-71,3.6222716315306849e-71
state,1451,2.3518450489049118e-56,2.3518450489049145e-56,2.7167037236480137e-71,2.7167037236480137e-71
state,1452,1002.2696253560504,1002.2696253560504,0,0
state,1453,4.3769848171184405e-58,4.3769848171184568e-58,1.6271923344766749e-72,1.6271923344766749e-72
state,1454,7.63388887639535e-58,7.6338888763953825e-58,3.2543846689533498e-72,3.2543846689533498e-72
state,1455,4.3366393163537316e-58,4.3366393163537486e-58,1.6979398272800086e-72,1.6979398272800086e-72
state,1456,7.5895524350908301e-58,7.5895524350908613e-58,3.1128896833466824e-72,3.1128896833466824e-72
state,1457,4.3015483746013251e-58,4.3015483746013449e-58,1.9809297984933433e-72,1.9809297984933433e-72
state,1458,1002.2696253560504,1002.2696253560504,0,0
state,1459,7.7853772352096477e-60,7.7853772352096687e-60,2.1003161925989689e-74,2.1003161925989689e-74
state,1460,1.3414259274073547e-59,1.3414259274073593e-59,4.6428042152187734e-74,4.6428042152187734e-74
state,1461,7.7153688655343672e-60,7.7153688655343882e-60,2.1003161925989689e-74,2.1003161925989689e-74
state,1462,1.3338543686965703e-59,1.3338543686965745e-59,4.2006323851979379e-74,4.2006323851979379e-74
state,1463,7.6544902731840565e-60,7.6544902731840896e-60,3.3162887251562667e-74,3.3162887251562667e-74
state,1464,1002.2696253560504,1002.2696253560504,0,0
state,1465,1.3482826119135685e-61,1.3482826119135714e-61,2.9362973087321112e-76,2.9362973087321112e-76
state,1466,2.2962016779348454e-61,2.2962016779348513e-61,5.8725946174642223e-76,5.8725946174642223e-76
state,1467,1.3364476457769348e-61,1.3364476457769374e-61,2.5908505665283334e-76,2.5908505665283334e-76
state,1468,2.2835965778073118e-61,2.2835965778073169e-61,5.1817011330566668e-76,5.1817011330566668e-76
state,1469,1.3261580820770157e-61,1.3261580820770199e-61,4.1453609064453334e-76,4.1453609064453334e-76
state,1470,1002.2696253560504,1002.2696253560504,0,0
state,1471,2.2749596972115675e-63,2.2749596972115702e-63,2.6988026734670139e-78,2.6988026734670139e-78
state,1472,3.831385831384669e-63,3.8313858313846761e-63,7.0168869510142363e-78,7.0168869510142363e-78
state,1473,2.25545585669792e-63,2.2554558566979224e-63,2.4289224061203126e-78,2.4289224061203126e-78
state,1474,3.8109165300012722e-63,3.810916530001277e-63,4.8578448122406251e-78,4.8578448122406251e-78
state,1475,2.238502097395471e-63,2.2385020973954764e-63,5.3976053469340279e-78,5.3976053469340279e-78
state,1476,1002.2696253560504,1002.2696253560504,0,0
state,1477,3.7422911614066945e-65,3.7422911614066953e-65,8.4337583545844186e-81,8.4337583545844186e-81
state,1478,6.2354833833278151e-65,6.2354833833278219e-65,6.7470066836675349e-80,6.7470066836675349e-80
state,1479,3.7109388436232602e-65,3.7109388436232614e-65,1.2650637531876628e-80,1.2650637531876628e-80
state,1480,6.2030418282043228e-65,6.203041828204327e-65,4.2168791772922093e-80,4.2168791772922093e-80
state,1481,3.6836910002135584e-65,3.6836910002135643e-65,5.903630848209093e-80,5.903630848209093e-80
state,1482,1002.2696253560504,1002.2696253560504,0,0
state,1483,6.0053449023110288e-67,6.0053449023110275e-67,1.3177747429038154e-82,1.3177747429038154e-82
state,1484,9.9038811782537814e-67,9.9038811782537801e-67,1.3177747429038154e-82,1.3177747429038154e-82
state,1485,5.9561564224028701e-67,5.9561564224028661e-67,3.9533242287114462e-82,3.9533242287114462e-82
state,1486,9.8536727609938123e-67,9.8536727609938083e-67,3.9533242287114462e-82,3.9533242287114462e-82
state,1487,5.9134155694265322e-67,5.9134155694265361e-67,3.9533242287114462e-82,3.9533242287114462e-82
state,1488,1002.2696253560504,1002.2696253560504,0,0
state,1489,9.4064786831000351e-69,9.4064786831000248e-69,1.0295115178936058e-83,1.0295115178936058e-83
state,1490,1.5360388292360527e-68,1.5360388292360517e-68,1.0295115178936058e-83,1.0295115178936058e-83
state,1491,9.3311192513719765e-69,9.3311192513719621e-69,1.4413161250510481e-83,1.4413161250510481e-83
state,1492,1.5284469213944588e-68,1.5284469213944565e-68,2.2649253393659327e-83,2.2649253393659327e-83
state,1493,9.2656502964530733e-69,9.2656502964530712e-69,2.0590230357872116e-84,2.0590230357872116e-84
state,1494,1002.2696253560504,1002.2696253560504,0,0
state,1495,1.4389471550491197e-70,1.4389471550491163e-70,3.378084668088394e-85,3.378084668088394e-85
state,1496,2.3274985983267303e-70,2.3274985983267258e-70,4.5041128907845253e-85,4.5041128907845253e-85
state,1497,1.4276669314561327e-70,1.4276669314561297e-70,3.0563623187466422e-85,3.0563623187466422e-85
state,1498,2.3162774327835096e-70,2.3162774327835054e-70,4.1823905414427735e-85,4.1823905414427735e-85
state,1499,1.4178690038467805e-70,1.4178690038467791e-70,1.4477505720378831e-85,1.4477505720378831e-85
state,1500,1002.2696253560504,1002.2696253560504,0,0
state,1501,2.1508972137642508e-72,2.1508972137642445e-72,6.28363963558109e-87,6.28363963558109e-87
state,1502,3.447350248379879e-72,3.4473502483798689e-72,1.0053823416929744e-86,1.0053823416929744e-86
state,1503,2.1343920823578435e-72,2.1343920823578373e-72,6.28363963558109e-87,6.28363963558109e-87
state,1504,3.4311306055174044e-72,3.4311306055173948e-72,9.5511322460832568e-87,9.5511322460832568e-87
state,1505,2.1200584934572916e-72,2.1200584934572879e-72,3.770183781348654e-87,3.770183781348654e-87
state,1506,1002.2696253560504,1002.2696253560504,0,0
state,1507,3.1431790482496511e-74,3.1431790482496397e-74,1.1389096839490726e-88,1.1389096839490726e-88
state,1508,4.9934235264920606e-74,4.9934235264920417e-74,1.885091890674327e-88,1.885091890674327e-88
state,1509,3.1195608222672175e-74,3.1195608222672053e-74,1.2174551793938362e-88,1.2174551793938362e-88
state,1510,4.9704855210277324e-74,4.9704855210277143e-74,1.8065463952295634e-88,1.8065463952295634e-88
state,1511,3.0990537631786136e-74,3.099053763178605e-74,8.6400044989239987e-89,8.6400044989239987e-89
state,1512,1002.2696253560504,1002.2696253560504,0,0
state,1513,4.49263078608398e-76,4.4926307860840009e-76,2.0863647227515338e-90,2.0863647227515338e-90
state,1514,7.0766426212839989e-76,7.0766426212840308e-76,3.1909107524435223e-90,3.1909107524435223e-90
state,1515,4.4595634291429897e-76,4.4595634291430093e-76,1.9636373861190906e-90,1.9636373861190906e-90
state,1516,7.0448908810551645e-76,7.0448908810551977e-76,3.3136380890759654e-90,3.3136380890759654e-90
state,1517,4.4308571801018151e-76,4.430857180101839e-76,2.3931830643326417e-90,2.3931830643326417e-90
state,1518,1002.2696253560504,1002.2696253560504,0,0
state,1519,6.2836569973408809e-78,6.2836569973409039e-78,2.3011375618583093e-92,2.3011375618583093e-92
state,1520,9.816620465941558e-78,9.8166204659415925e-78,3.451706342787464e-92,3.451706342787464e-92
state,1521,6.2383396861238704e-78,6.2383396861238934e-78,2.3011375618583093e-92,2.3011375618583093e-92
state,1522,9.7735821171434887e-78,9.7735821171435271e-78,3.8352292697638489e-92,3.8352292697638489e-92
state,1523,6.1990061808040527e-78,6.1990061808040795e-78,2.6846604888346942e-92,2.6846604888346942e-92
state,1524,1002.2696253560504,1002.2696253560504,0,0
state,1525,8.6038612634936529e-80,8.6038612634936814e-80,2.8464592236528566e-94,2.8464592236528566e-94
state,1526,1.3334732016171295e-79,1.3334732016171332e-79,3.7453410837537587e-94,3.7453410837537587e-94
state,1527,8.5430447074271227e-80,8.5430447074271512e-80,2.8464592236528566e-94,2.8464592236528566e-94
state,1528,1.3277585312885454e-79,1.3277585312885496e-79,4.1947820138042097e-94,4.1947820138042097e-94
state,1529,8.4902679649927674e-80,8.4902679649927959e-80,2.8464592236528566e-94,2.8464592236528566e-94
state,1530,300,300,0,0
state,1531,300,300,0,0
state,1532,300,300,0,0
state,1533,300,300,0,0
state,1534,300,300,0,0
state,1535,300,300,0,0
state,1536,300,300,0,0
state,1537,300,300,0,0
state,1538,300,300,0,0
state,1539,300,300,0,0
state,1540,300,300,0,0
state,1541,300,300,0,0
state,1542,300,300,0,0
state,1543,300,300,0,0
state,1544,300,300,0,0
state,1545,300,300,0,0
state,1546,300,300,0,0
state,1547,300,300,0,0
state,1548,300,300,0,0
state,1549,300,300,0,0
state,1550,300,300,0,0
state,1551,300,300,0,0
state,1552,300,300,0,0
state,1553,300,300,0,0
state,1554,300,300,0,0
state,1555,300,300,0,0
state,1556,300,300,0,0
state,1557,300,300,0,0
state,1558,300,300,0,0
state,1559,300,300,0,0
state,1560,300,300,0,0
state,1561,300,300,0,0
state,1562,300,300,0,0
state,1563,300,300,0,0
state,1564,300,300,0,0
state,1565,300,300,0,0
state,1566,300,300,0,0
state,1567,300,300,0,0
state,1568,300,300,0,0
state,1569,300,300,0,0
state,1570,300,300,0,0
state,1571,300,300,0,0
state,1572,300,300,0,0
state,1573,300,300,0,0
state,1574,300,300,0,0
state,1575,300,300,0,0
state,1576,300,300,0,0
state,1577,300,300,0,0
state,1578,300,300,0,0
state,1579,300,300,0,0
state,1580,300,300,0,0
state,1581,300,300,0,0
state,1582,300,300,0,0
state,1583,300,300,0,0
state,1584,300,300,0,0
state,1585,300,300,0,0
state,1586,300,300,0,0
state,1587,300,300,0,0
state,1588,300,300,0,0
state,1589,300,300,0,0
state,1590,300,300,0,0
state,1591,300,300,0,0
state,1592,300,300,0,0
state,1593,300,300,0,0
state,1594,300,300,0,0
state,1595,300,300,0,0
state,1596,300,300,0,0
state,1597,300,300,0,0
state,1598,300,300,0,0
state,1599,300,300,0,0
state,1600,300,300,0,0
state,1601,300,300,0,0
state,1602,300,300,0,0
state,1603,300,300,0,0
state,1604,300,300,0,0
state,1605,300,300,0,0
state,1606,300,300,0,0
state,1607,300,300,0,0
state,1608,300,300,0,0
state,1609,300,300,0,0
state,1610,300,300,0,0
state,1611,300,300,0,0
state,1612,300,300,0,0
state,1613,300,300,0,0
state,1614,300,300,0,0
state,1615,300,300,0,0
state,1616,300,300,0,0
state,1617,300,300,0,0
state,1618,300,300,0,0
state,1619,300,300,0,0
state,1620,300,300,0,0
state,1621,300,300,0,0
state,1622,300,300,0,0
state,1623,300,300,0,0
state,1624,300,300,0,0
state,1625,300,300,0,0
state,1626,300,300,0,0
state,1627,300,300,0,0
state,1628,300,300,0,0
state,1629,300,300,0,0
state,1630,300,300,0,0
state,1631,300,300,0,0
state,1632,300,300,0,0
state,1633,300,300,0,0
state,1634,300,300,0,0
state,1635,300,300,0,0
state,1636,300,300,0,0
state,1637,300,300,0,0
state,1638,300,300,0,0
state,1639,300,300,0,0
state,1640,300,300,0,0
state,1641,300,300,0,0
state,1642,300,300,0,0
state,1643,300,300,0,0
state,1644,300,300,0,0
state,1645,300,300,0,0
state,1646,300,300,0,0
state,1647,300,300,0,0
state,1648,300,300,0,0
state,1649,300,300,0,0
state,1650,300,300,0,0
state,1651,300,300,0,0
state,1652,300,300,0,0
state,1653,300,300,0,0
state,1654,300,300,0,0
state,1655,300,300,0,0
state,1656,300,300,0,0
state,1657,300,300,0,0
state,1658,300,300,0,0
state,1659,300,300,0,0
state,1660,300,300,0,0
state,1661,300,300,0,0
state,1662,300,300,0,0
state,1663,300,300,0,0
state,1664,300,300,0,0
state,1665,300,300,0,0
state,1666,300,300,0,0
state,1667,300,300,0,0
state,1668,300,300,0,0
state,1669,300,300,0,0
state,1670,300,300,0,0
state,1671,300,300,0,0
state,1672,300,300,0,0
state,1673,300,300,0,0
state,1674,300,300,0,0
state,1675,300,300,0,0
state,1676,300,300,0,0
state,1677,300,300,0,0
state,1678,300,300,0,0
state,1679,300,300,0,0
state,1680,300,300,0,0
state,1681,300,300,0,0
state,1682,300,300,0,0
total_pressure,0,2500000,2500000,0,0
total_pressure,1,2499840.1175340065,2499840.1175340065,0,0
total_pressure,2,2499722.2191810757,2499722.2191810757,0,0
total_pressure,3,2499621.5362450071,2499621.5362450071,0,0
total_pressure,4,2499522.6327288975,2499522.6327288975,0,0
total_pressure,5,2499423.7849632502,2499423.7849632502,0,0
total_pressure,6,2499324.9388715294,2499324.9388715294,0,0
total_pressure,7,2499226.0928316321,2499226.0928316321,0,0
total_pressure,8,2499127.2467933823,2499127.2467933823,0,0
total_pressure,9,2499028.4007551437,2499028.4007551437,0,0
total_pressure,10,2498929.5547169065,2498929.5547169065,0,0
total_pressure,11,2498830.7086786698,2498830.7086786698,0,0
total_pressure,12,2498731.862640433,2498731.862640433,0,0
total_pressure,13,2498633.0166021963,2498633.0166021963,0,0
total_pressure,14,2498534.1705639595,2498534.1705639595,0,0
total_pressure,15,2498435.3245257228,2498435.3245257228,0,0
total_pressure,16,2498336.478487486,2498336.478487486,0,0
total_pressure,17,2498237.6324492493,2498237.6324492493,0,0
total_pressure,18,2498138.7864110125,2498138.7864110125,0,0
total_pressure,19,2498039.9403727758,2498039.9403727758,0,0
total_pressure,20,2497941.094334539,2497941.094334539,0,0
total_pressure,21,2497842.2482963023,2497842.2482963023,0,0
total_pressure,22,2497743.4022580655,2497743.4022580655,0,0
total_pressure,23,2497644.5562198288,2497644.5562198288,0,0
total_pressure,24,2497545.710181592,2497545.710181592,0,0
total_pressure,25,2497446.8641433553,2497446.8641433553,0,0
total_pressure,26,2497348.0181051185,2497348.0181051185,0,0
total_pressure,27,2497249.1720668818,2497249.1720668818,0,0
total_pressure,28,2497150.326028645,2497150.326028645,0,0
total_pressure,29,2497051.4799904083,2497051.4799904083,0,0
total_pressure,30,2496952.6339521715,2496952.6339521715,0,0
total_pressure,31,2496853.7879139348,2496853.7879139348,0,0
total_pressure,32,2496754.941875698,2496754.941875698,0,0
total_pressure,33,2496656.0958374613,2496656.0958374613,0,0
total_pressure,34,2496557.2497992245,2496557.2497992245,0,0
total_pressure,35,2496458.4037609878,2496458.4037609878,0,0
total_pressure,36,2496359.5577227511,2496359.5577227511,0,0
total_pressure,37,2496260.7116845143,2496260.7116845143,0,0
total_pressure,38,2496161.8656462776,2496161.8656462776,0,0
total_pressure,39,2496063.0196080408,2496063.0196080408,0,0
total_pressure,40,2495964.1735698041,2495964.1735698041,0,0
total_pressure,41,2495865.3275315673,2495865.3275315673,0,0
total_pressure,42,2495766.4814933306,2495766.4814933306,0,0
total_pressure,43,2495667.6354550938,2495667.6354550938,0,0
total_pressure,44,2495568.7894168571,2495568.7894168571,0,0
total_pressure,45,2495469.9433786203,2495469.9433786203,0,0
total_pressure,46,2495371.0973403836,2495371.0973403836,0,0
total_pressure,47,2495272.2513021468,2495272.2513021468,0,0
total_pressure,48,2495173.4052639101,2495173.4052639101,0,0
total_pressure,49,2495074.5592256733,2495074.5592256733,0,0
total_pressure,50,2494975.7131874366,2494975.7131874366,0,0
interstitial_gas_velocity,0,0.10000000000000001,0.10000000000000001,0,0
interstitial_gas_velocity,1,0.085780931753693321,0.085780931753693321,0,0
interstitial_gas_velocity,2,0.079222731206772035,0.079222731206772035,0,0
interstitial_gas_velocity,3,0.078515094826913212,0.078515094826913212,0,0
interstitial_gas_velocity,4,0.07849295945454568,0.07849295945454568,0,0
interstitial_gas_velocity,5,0.078492295069562998,0.078492295069562998,0,0
interstitial_gas_velocity,6,0.078492274495135461,0.078492274495135461,0,0
interstitial_gas_velocity,7,0.07849227384144665,0.07849227384144665,0,0
interstitial_gas_velocity,8,0.078492273836884965,0.078492273836884979,1.3877787807814457e-17,1.3877787807814457e-17
interstitial_gas_velocity,9,0.078492273836227283,0.078492273836227269,1.3877787807814457e-17,1.3877787807814457e-17
interstitial_gas_velocity,10,0.078492273836141532,0.078492273836141532,0,0
interstitial_gas_velocity,11,0.078492273836132137,0.078492273836132137,0,0
interstitial_gas_velocity,12,0.078492273836131166,0.078492273836131166,0,0
interstitial_gas_velocity,13,0.07849227383613086,0.07849227383613086,0,0
interstitial_gas_velocity,14,0.07849227383613093,0.07849227383613093,0,0
interstitial_gas_velocity,15,0.07849227383613093,0.07849227383613093,0,0
interstitial_gas_velocity,16,0.07849227383613093,0.07849227383613093,0,0
interstitial_gas_velocity,17,0.07849227383613093,0.07849227383613093,0,0
interstitial_gas_velocity,18,0.07849227383613093,0.07849227383613093,0,0
interstitial_gas_velocity,19,0.07849227383613093,0.07849227383613093,0,0
interstitial_gas_velocity,20,0.07849227383613093,0.07849227383613093,0,0
interstitial_gas_velocity,21,0.07849227383613093,0.07849227383613093,0,0
interstitial_gas_velocity,22,0.07849227383613093,0.07849227383613093,0,0
interstitial_gas_velocity,23,0.07849227383613093,0.07849227383613093,0,0
interstitial_gas_velocity,24,0.07849227383613093,0.07849227383613093,0,0
interstitial_gas_velocity,25,0.07849227383613093,0.07849227383613093,0,0
interstitial_gas_velocity,26,0.07849227383613093,0.07849227383613093,0,0
interstitial_gas_velocity,27,0.07849227383613093,0.07849227383613093,0,0
interstitial_gas_velocity,28,0.07849227383613093,0.07849227383613093,0,0
interstitial_gas_velocity,29,0.07849227383613093,0.07849227383613093,0,0
interstitial_gas_velocity,30,0.07849227383613093,0.07849227383613093,0,0
interstitial_gas_velocity,31,0.07849227383613093,0.07849227383613093,0,0
interstitial_gas_velocity,32,0.07849227383613093,0.07849227383613093,0,0
interstitial_gas_velocity,33,0.07849227383613093,0.07849227383613093,0,0
interstitial_gas_velocity,34,0.07849227383613093,0.07849227383613093,0,0
interstitial_gas_velocity,35,0.07849227383613093,0.07849227383613093,0,0
interstitial_gas_velocity,36,0.07849227383613093,0.07849227383613093,0,0
interstitial_gas_velocity,37,0.07849227383613093,0.07849227383613093,0,0
interstitial_gas_velocity,38,0.07849227383613093,0.07849227383613093,0,0
interstitial_gas_velocity,39,0.07849227383613093,0.07849227383613093,0,0
interstitial_gas_velocity,40,0.07849227383613093,0.07849227383613093,0,0
interstitial_gas_velocity,41,0.07849227383613093,0.07849227383613093,0,0
interstitial_gas_velocity,42,0.07849227383613093,0.07849227383613093,0,0
interstitial_gas_velocity,43,0.07849227383613093,0.07849227383613093,0,0
interstitial_gas_velocity,44,0.07849227383613093,0.07849227383613093,0,0
interstitial_gas_velocity,45,0.07849227383613093,0.07849227383613093,0,0
interstitial_gas_velocity,46,0.07849227383613093,0.07849227383613093,0,0
interstitial_gas_velocity,47,0.07849227383613093,0.07849227383613093,0,0
interstitial_gas_velocity,48,0.07849227383613093,0.07849227383613093,0,0
interstitial_gas_velocity,49,0.07849227383613093,0.07849227383613093,0,0
interstitial_gas_velocity,50,0.07849227383613093,0.07849227383613093,0,0
