field,index,singlebed,multibed,absolute_difference,relative_difference
state,0,701.58873774923518,701.58873774923518,0,0
state,1,60.136177521363017,60.136177521363017,0,0
state,2,60.136177521363017,60.136177521363017,0,0
state,3,60.136177521363017,60.136177521363017,0,0
state,4,60.136177521363017,60.136177521363017,0,0
state,5,60.136177521363017,60.136177521363017,0,0
state,6,884.90208659615928,884.90208659615928,0,0
state,7,22.299107351691259,22.299107351691259,0,0
state,8,26.980458533519805,26.980458533519812,7.1054273576010019e-15,2.6335458119710628e-16
state,9,21.268398175624796,21.268398175624796,0,0
state,10,26.566263875670533,26.566263875670533,0,0
state,11,20.267818352823966,20.267818352823966,0,0
state,12,982.4485009733495,982.4485009733495,0,0
state,13,3.2478846263010177,3.2478846263010177,0,0
state,14,5.6614732279107773,5.6614732279107782,8.8817841970012523e-16,1.5688114805903352e-16
state,15,2.9321300432682227,2.9321300432682227,0,0
state,16,5.3375364141737558,5.3375364141737558,0,0
state,17,2.6624365940496584,2.6624365940496584,0,0
state,18,1001.4089486733338,1001.4089486733338,0,0
state,19,0.11289477314784618,0.11289477314784624,5.5511151231257827e-17,5.5511151231257827e-17
state,20,0.29262979020178048,0.29262979020178065,1.6653345369377348e-16,1.6653345369377348e-16
state,21,0.10083267220358949,0.10083267220358953,4.163336342344337e-17,4.163336342344337e-17
state,22,0.27189656179464938,0.27189656179464944,5.5511151231257827e-17,5.5511151231257827e-17
state,23,0.090770903052533089,0.090770903052533131,4.163336342344337e-17,4.163336342344337e-17
state,24,1002.2425171311697,1002.2425171311697,0,0
state,25,0.0027835608723763565,0.0027835608723763513,5.2041704279304213e-18,5.2041704279304213e-18
state,26,0.010348955642723184,0.010348955642723189,5.2041704279304213e-18,5.2041704279304213e-18
state,27,0.0024913104390731698,0.0024913104390731737,3.903127820947816e-18,3.903127820947816e-18
state,28,0.0096308232379401747,0.0096308232379401729,1.7347234759768071e-18,1.7347234759768071e-18
state,29,0.0022473212475419869,0.00224732124754199,3.0357660829594124e-18,3.0357660829594124e-18
state,30,1002.2687590789723,1002.2687590789723,0,0
state,31,6.7714422489257794e-05,6.7714422489257605e-05,1.8973538018496328e-19,1.8973538018496328e-19
state,32,0.00035972276121656475,0.0003597227612165653,5.4210108624275222e-19,5.4210108624275222e-19
state,33,6.0763826532667037e-05,6.0763826532667064e-05,2.7105054312137611e-20,2.7105054312137611e-20
state,34,0.00033551797746502506,0.0003355179774650249,1.6263032587282567e-19,1.6263032587282567e-19
state,35,5.4950990054740015e-05,5.4950990054740015e-05,0,0
state,36,1002.2695971528708,1002.2695971528708,0,0
state,37,1.6469817644630183e-06,1.64698176446301e-06,8.2585712357294283e-21,8.2585712357294283e-21
state,38,1.2464983428277429e-05,1.2464983428277461e-05,3.2187251995663413e-20,3.2187251995663413e-20
state,39,1.4819151490175772e-06,1.481915149017581e-06,3.8116482626443515e-21,3.8116482626443515e-21
state,40,1.1653620532752851e-05,1.1653620532752849e-05,1.6940658945086007e-21,1.6940658945086007e-21
state,41,1.3436245952997502e-06,1.3436245952997454e-06,4.8704394467122269e-21,4.8704394467122269e-21
state,42,1002.2696244219463,1002.2696244219463,0,0
state,43,4.0069941220324174e-08,4.0069941220323803e-08,3.705769144237564e-22,3.705769144237564e-22
state,44,4.3052089362117805e-07,4.3052089362117884e-07,7.9409338805090657e-22,7.9409338805090657e-22
state,45,3.6154195025717012e-08,3.6154195025717211e-08,1.9852334701272664e-22,1.9852334701272664e-22
state,46,4.0348026212164564e-07,4.0348026212164506e-07,5.8233515123733148e-22,5.8233515123733148e-22
state,47,3.2867784710390007e-08,3.2867784710389669e-08,3.3748968992163529e-22,3.3748968992163529e-22
state,48,1002.2696252940951,1002.2696252940951,0,0
state,49,3.6514718881432926e-09,3.6514718881432711e-09,2.150669592637872e-23,2.150669592637872e-23
state,50,4.3277765476969308e-08,4.3277765476969348e-08,3.9704669402545328e-23,3.9704669402545328e-23
state,51,3.3533194659364344e-09,3.353319465936448e-09,1.3648480107124957e-23,1.3648480107124957e-23
state,52,4.0956331926293138e-08,4.0956331926293059e-08,7.9409338805090657e-23,7.9409338805090657e-23
state,53,3.1009690530578456e-09,3.1009690530578195e-09,2.6056189295420372e-23,2.6056189295420372e-23
state,54,1002.2696253387177,1002.2696253387184,6.8212102632969618e-13,6.8057637294871875e-16
state,55,9.1685400321409426e-10,9.1685400321409291e-10,1.34416849539867e-24,1.34416849539867e-24
state,56,7.5362230245539685e-09,7.5362230245539685e-09,0,0
state,57,8.5950675129343705e-10,8.5950675129343788e-10,8.2718061255302767e-25,8.2718061255302767e-25
state,58,7.2048461200640884e-09,7.2048461200640751e-09,1.3234889800848443e-23,1.3234889800848443e-23
state,59,8.104802996564001e-10,8.1048029965639979e-10,3.1019272970738538e-25,3.1019272970738538e-25
state,60,1002.26962535393,1002.26962535393,0,0
state,61,1.3010626835154793e-10,1.301062683515478e-10,1.2924697071141057e-25,1.2924697071141057e-25
state,62,8.8916638859005543e-10,8.8916638859005461e-10,8.2718061255302767e-25,8.2718061255302767e-25
state,63,1.2341300029343117e-10,1.234130002934312e-10,2.5849394142282115e-26,2.5849394142282115e-26
state,64,8.5585680478730593e-10,8.5585680478730438e-10,1.5509636485369269e-24,1.5509636485369269e-24
state,65,1.1765602422590563e-10,1.176560242259057e-10,7.7548182426846345e-26,7.7548182426846345e-26
state,66,1002.2696253558324,1002.2696253558324,0,0
state,67,1.4783070495639306e-11,1.4783070495639293e-11,1.2924697071141057e-26,1.2924697071141057e-26
state,68,8.7020717573592441e-11,8.7020717573592325e-11,1.1632227364026952e-25,1.1632227364026952e-25
state,69,1.4144952976086958e-11,1.4144952976086946e-11,1.2924697071141057e-26,1.2924697071141057e-26
state,70,8.4213550007463256e-11,8.4213550007463101e-11,1.5509636485369269e-25,1.5509636485369269e-25
state,71,1.3593420628267135e-11,1.3593420628267135e-11,0,0
state,72,1002.2696253560295,1002.2696253560295,0,0
state,73,1.4346179889665495e-12,1.4346179889665497e-12,2.0194839173657902e-28,2.0194839173657902e-28
state,74,7.432042070870909e-12,7.4320420708709138e-12,4.8467614016778965e-27,4.8467614016778965e-27
state,75,1.3813958253853561e-12,1.3813958253853573e-12,1.2116903504194741e-27,1.2116903504194741e-27
state,76,7.223041389489801e-12,7.2230413894897994e-12,1.6155871338926322e-27,1.6155871338926322e-27
state,77,1.3352165339109403e-12,1.3352165339109425e-12,2.2214323091023692e-27,2.2214323091023692e-27
state,78,1002.2696253560489,1002.2696253560489,0,0
state,79,1.2142342204981699e-13,1.2142342204981691e-13,7.5730646901217133e-29,7.5730646901217133e-29
state,80,5.6436227390330021e-13,5.6436227390330021e-13,0,0
state,81,1.1745421082814636e-13,1.1745421082814636e-13,0,0
state,82,5.5031759905855653e-13,5.5031759905855613e-13,4.0389678347315804e-28,4.0389678347315804e-28
state,83,1.1399996024338747e-13,1.139999602433875e-13,2.5243548967072378e-29,2.5243548967072378e-29
state,84,1002.2696253560504,1002.2696253560504,0,0
state,85,9.0779219386787174e-15,9.0779219386787079e-15,9.4663308626521417e-30,9.4663308626521417e-30
state,86,3.8493071565777748e-14,3.8493071565777716e-14,3.1554436208840472e-29,3.1554436208840472e-29
state,87,8.8108277341966123e-15,8.810827734196606e-15,6.3108872417680944e-30,6.3108872417680944e-30
state,88,3.7632465863610535e-14,3.7632465863610497e-14,3.7865323450608567e-29,3.7865323450608567e-29
state,89,8.5778629499129819e-15,8.577862949912974e-15,7.8886090522101181e-30,7.8886090522101181e-30
state,90,1002.2696253560504,1002.2696253560504,0,0
state,91,6.0624054004451026e-16,6.0624054004451046e-16,1.9721522630525295e-31,1.9721522630525295e-31
state,92,2.3774437620500404e-15,2.3774437620500424e-15,1.9721522630525295e-30,1.9721522630525295e-30
state,93,5.8991933294781627e-16,5.8991933294781676e-16,4.9303806576313238e-31,4.9303806576313238e-31
state,94,2.3290410971645273e-15,2.3290410971645289e-15,1.5777218104420236e-30,1.5777218104420236e-30
state,95,5.7565962803409851e-16,5.7565962803409861e-16,9.8607613152626476e-32,9.8607613152626476e-32
state,96,1002.2696253560504,1002.2696253560504,0,0
state,97,3.6538155811678618e-17,3.6538155811678618e-17,0,0
state,98,1.3395918903636601e-16,1.3395918903636606e-16,4.9303806576313238e-32,4.9303806576313238e-32
state,99,3.5626996150945643e-17,3.5626996150945655e-17,1.2325951644078309e-32,1.2325951644078309e-32
state,100,1.3144729291748463e-16,1.3144729291748463e-16,0,0
state,101,3.4829911550615571e-17,3.482991155061554e-17,3.0814879110195774e-32,3.0814879110195774e-32
state,102,1002.2696253560504,1002.2696253560504,0,0
state,103,2.0059312769304294e-18,2.0059312769304271e-18,2.311115933264683e-33,2.311115933264683e-33
state,104,6.9338146916138169e-18,6.9338146916138161e-18,7.7037197775489434e-34,7.7037197775489434e-34
state,105,1.959181255336174e-18,1.9591812553361732e-18,7.7037197775489434e-34,7.7037197775489434e-34
state,106,6.8129583764273359e-18,6.8129583764273298e-18,6.1629758220391547e-33,6.1629758220391547e-33
state,107,1.9182447761412693e-18,1.9182447761412662e-18,3.0814879110195774e-33,3.0814879110195774e-33
state,108,1002.2696253560504,1002.2696253560504,0,0
state,109,1.011371095659097e-19,1.0113710956590975e-19,4.8148248609680896e-35,4.8148248609680896e-35
state,110,3.3179426723987986e-19,3.3179426723988029e-19,4.3333423748712807e-34,4.3333423748712807e-34
state,111,9.8919849499493901e-20,9.8919849499493998e-20,9.6296497219361793e-35,9.6296497219361793e-35
state,112,3.2637914742813669e-19,3.2637914742813688e-19,1.9259299443872359e-34,1.9259299443872359e-34
state,113,9.6976880413566056e-20,9.697688041356602e-20,3.6111186457260672e-35,3.6111186457260672e-35
state,114,1002.2696253560504,1002.2696253560504,0,0
state,115,4.7167389590786265e-21,4.7167389590786363e-21,9.7801129988414321e-36,9.7801129988414321e-36
state,116,1.4762774798865289e-20,1.4762774798865331e-20,4.2129717533470784e-35,4.2129717533470784e-35
state,117,4.6190022981976224e-21,4.6190022981976352e-21,1.2789378536946488e-35,1.2789378536946488e-35
state,118,1.453586965368971e-20,1.453586965368974e-20,3.009265538105056e-35,3.009265538105056e-35
state,119,4.5333075928089951e-21,4.5333075928089996e-21,4.513898307157584e-36,4.513898307157584e-36
state,120,1002.2696253560504,1002.2696253560504,0,0
state,121,2.0474794494709462e-22,2.0474794494709483e-22,2.1158898314801175e-37,2.1158898314801175e-37
state,122,6.1393830777376144e-22,6.1393830777376256e-22,1.128474576789396e-36,1.128474576789396e-36
state,123,2.0072367638714563e-22,2.0072367638714607e-22,4.4668785331246925e-37,4.4668785331246925e-37
state,124,6.050114992682336e-22,6.0501149926823473e-22,1.128474576789396e-36,1.128474576789396e-36
state,125,1.9719367450007781e-22,1.9719367450007781e-22,0,0
state,126,1002.2696253560504,1002.2696253560504,0,0
state,127,8.3176430427346435e-24,8.317643042734645e-24,1.4693679385278594e-39,1.4693679385278594e-39
state,128,2.3974926605035807e-23,2.3974926605035833e-23,2.6448622893501469e-38,2.6448622893501469e-38
state,129,8.1621541048546866e-24,8.1621541048546969e-24,1.0285575569695016e-38,1.0285575569695016e-38
state,130,2.3643971365647438e-23,2.3643971365647464e-23,2.6448622893501469e-38,2.6448622893501469e-38
state,131,8.0257159811363497e-24,8.0257159811363424e-24,7.3468396926392969e-39,7.3468396926392969e-39
state,132,1002.2696253560504,1002.2696253560504,0,0
state,133,3.1771320869182575e-25,3.1771320869182566e-25,9.1835496157991212e-41,9.1835496157991212e-41
state,134,8.8280660642901509e-25,8.8280660642901509e-25,0,0
state,135,3.1205208521860934e-25,3.1205208521860948e-25,1.3775324423698682e-40,1.3775324423698682e-40
state,136,8.7120405119569138e-25,8.7120405119569138e-25,0,0
state,137,3.0708326964097127e-25,3.0708326964097067e-25,5.9693072502694288e-40,5.9693072502694288e-40
state,138,1002.2696253560504,1002.2696253560504,0,0
state,139,1.1458125999511754e-26,1.1458125999511739e-26,1.5784225902154739e-41,1.5784225902154739e-41
state,140,3.0764650121250045e-26,3.0764650121250022e-26,2.2958874039497803e-41,2.2958874039497803e-41
state,141,1.1263174970613051e-26,1.1263174970613046e-26,4.304788882405838e-42,4.304788882405838e-42
state,142,3.0378795264038473e-26,3.037879526403845e-26,2.2958874039497803e-41,2.2958874039497803e-41
state,143,1.1092030817604858e-26,1.1092030817604828e-26,3.0133522176840866e-41,3.0133522176840866e-41
state,144,1002.2696253560504,1002.2696253560504,0,0
state,145,3.915616215405116e-28,3.9156162154051245e-28,8.5198946630948878e-43,8.5198946630948878e-43
state,146,1.0179870546156536e-27,1.0179870546156565e-27,2.8698592549372254e-42,2.8698592549372254e-42
state,147,3.8519026902945152e-28,3.8519026902945278e-28,1.2555634240350361e-42,1.2555634240350361e-42
state,148,1.0057791314493638e-27,1.0057791314493659e-27,2.152394441202919e-42,2.152394441202919e-42
state,149,3.7959615191081919e-28,3.7959615191081963e-28,4.4841550858394146e-43,4.4841550858394146e-43
state,150,1002.2696253560504,1002.2696253560504,0,0
state,151,1.2719453385993637e-29,1.2719453385993649e-29,1.1210387714598537e-44,1.1210387714598537e-44
state,152,3.207787253855375e-29,3.2077872538553812e-29,6.1657132430291951e-44,6.1657132430291951e-44
state,153,1.252124007100936e-29,1.2521240071009388e-29,2.8025969286496341e-44,2.8025969286496341e-44
state,154,3.170943809931833e-29,3.1709438099318363e-29,3.363116314379561e-44,3.363116314379561e-44
state,155,1.2347188928303193e-29,1.2347188928303196e-29,2.8025969286496341e-45,2.8025969286496341e-45
state,156,1002.2696253560504,1002.2696253560504,0,0
state,157,3.9384853201954503e-31,3.9384853201954503e-31,0,0
state,158,9.6510174764799927e-31,9.6510174764800014e-31,8.7581154020301067e-46,8.7581154020301067e-46
state,159,3.8796275153607525e-31,3.8796275153607561e-31,3.5032461608120427e-46,3.5032461608120427e-46
state,160,9.5446937736724269e-31,9.5446937736724304e-31,3.5032461608120427e-46,3.5032461608120427e-46
state,161,3.8279411703336478e-31,3.8279411703336461e-31,1.7516230804060213e-46,1.7516230804060213e-46
state,162,1002.2696253560504,1002.2696253560504,0,0
state,163,1.1653446385000931e-32,1.1653446385000918e-32,1.2316099784104838e-47,1.2316099784104838e-47
state,164,2.7787865933835131e-32,2.7787865933835131e-32,0,0
state,165,1.1486222765715175e-32,1.1486222765715173e-32,1.3684555315672042e-48,1.3684555315672042e-48
state,166,2.7493825557799903e-32,2.7493825557799887e-32,1.642146637880645e-47,1.642146637880645e-47
state,167,1.1339369735408139e-32,1.1339369735408124e-32,1.5053010847239246e-47,1.5053010847239246e-47
state,168,1002.2696253560504,1002.2696253560504,0,0
state,169,3.3021570318975383e-34,3.3021570318975323e-34,5.9869929506065182e-49,5.9869929506065182e-49
state,170,7.6728476750555667e-34,7.6728476750555624e-34,4.276423536147513e-49,4.276423536147513e-49
state,171,3.2565998750823181e-34,3.2565998750823156e-34,2.5658541216885078e-49,2.5658541216885078e-49
state,172,7.5947642857551562e-34,7.5947642857551502e-34,5.9869929506065182e-49,5.9869929506065182e-49
state,173,3.2165922193294836e-34,3.2165922193294759e-34,7.6975623650655235e-49,7.6975623650655235e-49
state,174,1002.2696253560504,1002.2696253560504,0,0
state,175,8.9786799536209994e-36,8.9786799536210181e-36,1.870935297064537e-50,1.870935297064537e-50
state,176,2.0355890083564494e-35,2.035589008356455e-35,5.6128058911936109e-50,5.6128058911936109e-50
state,177,8.8594384179554733e-36,8.8594384179554974e-36,2.4054882390829761e-50,2.4054882390829761e-50
state,178,2.0156422251194221e-35,2.0156422251194272e-35,5.0782529491751717e-50,5.0782529491751717e-50
state,179,8.7547244864873705e-36,8.7547244864873812e-36,1.0691058840368783e-50,1.0691058840368783e-50
state,180,1002.2696253560504,1002.2696253560504,0,0
state,181,2.3467464148661592e-37,2.3467464148661618e-37,2.5057169157114334e-52,2.5057169157114334e-52
state,182,5.1974316954107378e-37,5.1974316954107478e-37,1.0022867662845734e-51,1.0022867662845734e-51
state,183,2.3167083521783237e-37,2.3167083521783278e-37,4.1761948595190557e-52,4.1761948595190557e-52
state,184,5.1483335830552339e-37,5.1483335830552439e-37,1.0022867662845734e-51,1.0022867662845734e-51
state,185,2.2903310861441357e-37,2.290331086144137e-37,1.2528584578557167e-52,1.2528584578557167e-52
state,186,1002.2696253560504,1002.2696253560504,0,0
state,187,5.9054488753119135e-39,5.9054488753119148e-39,1.3050608935997049e-54,1.3050608935997049e-54
state,188,1.279135183113863e-38,1.279135183113864e-38,1.0440487148797639e-53,1.0440487148797639e-53
state,189,5.8325070658711869e-39,5.8325070658711921e-39,5.2202435743988196e-54,5.2202435743988196e-54
state,190,1.2674728780532551e-38,1.2674728780532567e-38,1.5660730723196459e-53,1.5660730723196459e-53
state,191,5.7684588477743457e-39,5.7684588477743457e-39,0,0
state,192,1002.2696253560504,1002.2696253560504,0,0
state,193,1.4328611052713431e-40,1.4328611052713426e-40,4.0783152924990778e-56,4.0783152924990778e-56
state,194,3.0386227563193698e-40,3.0386227563193686e-40,1.2234945877497233e-55,1.2234945877497233e-55
state,195,1.4157624086026705e-40,1.4157624086026703e-40,2.0391576462495389e-56,2.0391576462495389e-56
state,196,3.0118543013804947e-40,3.0118543013804959e-40,1.2234945877497233e-55,1.2234945877497233e-55
state,197,1.4007497048113813e-40,1.4007497048113802e-40,1.0195788231247695e-55,1.0195788231247695e-55
state,198,1002.2696253560504,1002.2696253560504,0,0
state,199,3.356579863939867e-42,3.3565798639398638e-42,3.1861838222649046e-57,3.1861838222649046e-57
state,200,6.9762398983292359e-42,6.976239898329227e-42,8.9213147023417328e-57,8.9213147023417328e-57
state,201,3.3178366139850573e-42,3.3178366139850547e-42,2.5489470578119236e-57,2.5489470578119236e-57
state,202,6.9167940895722623e-42,6.916794089572261e-42,1.2744735289059618e-57,1.2744735289059618e-57
state,203,3.2838231401837072e-42,3.2838231401837021e-42,5.0978941156238473e-57,5.0978941156238473e-57
state,204,1002.2696253560504,1002.2696253560504,0,0
state,205,7.6008491912801016e-44,7.6008491912800877e-44,1.3939554222408957e-58,1.3939554222408957e-58
state,206,1.5497318621988317e-43,1.5497318621988289e-43,2.7879108444817915e-58,2.7879108444817915e-58
state,207,7.5158938309057251e-44,7.5158938309057141e-44,1.0952506889035609e-58,1.0952506889035609e-58
state,208,1.5369447666286968e-43,1.536944766628695e-43,1.7922284000240088e-58,1.7922284000240088e-58
state,209,7.4413178078775472e-44,7.4413178078775293e-44,1.7922284000240088e-58,1.7922284000240088e-58
state,210,1002.2696253560504,1002.2696253560504,0,0
state,211,1.6656715286919492e-45,1.6656715286919449e-45,4.3561106945027992e-60,4.3561106945027992e-60
state,212,3.3346401418484213e-45,3.3346401418484119e-45,9.3345229167917126e-60,9.3345229167917126e-60
state,213,1.6476239398168315e-45,1.6476239398168284e-45,3.1115076389305709e-60,3.1115076389305709e-60
state,214,3.3079698143289157e-45,3.3079698143289082e-45,7.46761833343337e-60,7.46761833343337e-60
state,215,1.6317831691803474e-45,1.6317831691803421e-45,5.2895629861819705e-60,5.2895629861819705e-60
state,216,1002.2696253560504,1002.2696253560504,0,0
state,217,3.5361691837423584e-47,3.5361691837423618e-47,3.4032114800803119e-62,3.4032114800803119e-62
state,218,6.9571403014768177e-47,6.9571403014768225e-47,4.861730685829017e-62,4.861730685829017e-62
state,219,3.4989886510377496e-47,3.4989886510377544e-47,4.861730685829017e-62,4.861730685829017e-62
state,220,6.9031510021906253e-47,6.9031510021906351e-47,9.7234613716580339e-62,9.7234613716580339e-62
state,221,3.4663586378349253e-47,3.4663586378349268e-47,1.4585192057487051e-62,1.4585192057487051e-62
state,222,1002.2696253560504,1002.2696253560504,0,0
state,223,7.2797443251412914e-49,7.2797443251412929e-49,1.5192908393215678e-64,1.5192908393215678e-64
state,224,1.408651706914101e-48,1.4086517069141007e-48,3.0385816786431356e-64,3.0385816786431356e-64
state,225,7.2053942255483109e-49,7.2053942255483169e-49,6.0771633572862712e-64,6.0771633572862712e-64
state,226,1.3980348632391972e-48,1.3980348632391978e-48,6.0771633572862712e-64,6.0771633572862712e-64
state,227,7.1401526947683393e-49,7.1401526947683362e-49,3.0385816786431356e-64,3.0385816786431356e-64
state,228,1002.2696253560504,1002.2696253560504,0,0
state,229,1.4545674584775582e-50,1.4545674584775646e-50,6.4095082283878642e-65,6.4095082283878642e-65
state,230,2.7703994158811592e-50,2.7703994158811682e-50,9.0207893584718088e-65,9.0207893584718088e-65
state,231,1.4401233816297617e-50,1.4401233816297681e-50,6.4095082283878642e-65,6.4095082283878642e-65
state,232,2.7501016093123475e-50,2.7501016093123585e-50,1.0919902907623769e-64,1.0919902907623769e-64
state,233,1.4274506493964625e-50,1.427450649396467e-50,4.5103946792359044e-65,4.5103946792359044e-65
state,234,1002.2696253560504,1002.2696253560504,0,0
state,235,2.8232979537464524e-52,2.8232979537464631e-52,1.0756697836993522e-66,1.0756697836993522e-66
state,236,5.2966098322990781e-52,5.2966098322990915e-52,1.3353142142474717e-66,1.3353142142474717e-66
state,237,2.7960152248341497e-52,2.7960152248341593e-52,9.6439359917872956e-67,9.6439359917872956e-67
state,238,5.2588524696585346e-52,5.2588524696585539e-52,1.9287871983574591e-66,1.9287871983574591e-66
state,239,2.7720818720181289e-52,2.7720818720181363e-52,7.4184123013748428e-67,7.4184123013748428e-67
state,240,1002.2696253560504,1002.2696253560504,0,0
state,241,5.3276154220585151e-54,5.327615422058529e-54,1.390952306507783e-68,1.390952306507783e-68
state,242,9.8514465510286772e-54,9.8514465510286957e-54,1.8546030753437107e-68,1.8546030753437107e-68
state,243,5.2774735217566138e-54,5.2774735217566265e-54,1.2750396142988011e-68,1.2750396142988011e-68
state,244,9.7830610384720242e-54,9.7830610384720485e-54,2.4341665363886203e-68,2.4341665363886203e-68
state,245,5.2334940939036135e-54,5.2334940939036227e-54,9.2730153767185535e-69,9.2730153767185535e-69
state,246,1002.2696253560504,1002.2696253560504,0,0
state,247,9.7811612776258379e-56,9.7811612776258542e-56,1.6300222341888082e-70,1.6300222341888082e-70
state,248,1.7838521747995831e-55,1.7838521747995846e-55,1.448908652612274e-70,1.448908652612274e-70
state,249,9.6914320120928554e-56,9.6914320120928717e-56,1.6300222341888082e-70,1.6300222341888082e-70
state,250,1.7717843740677157e-55,1.771784374067719e-55,3.2600444683776165e-70,3.2600444683776165e-70
state,251,9.6127430022301889e-56,9.6127430022301979e-56,9.0556790788267124e-71,9.0556790788267124e-71
state,252,1002.2696253560504,1002.2696253560504,0,0
state,253,1.7483934800819087e-57,1.7483934800819107e-57,1.9809297984933433e-72,1.9809297984933433e-72
state,254,3.1467889046407283e-57,3.1467889046407283e-57,0,0
state,255,1.7327484832835522e-57,1.732748483283553e-57,8.4896991364000428e-73,8.4896991364000428e-73
state,256,3.1260269579759704e-57,3.1260269579759732e-57,2.8298997121333476e-72,2.8298997121333476e-72
state,257,1.719030664520961e-57,1.7190306645209613e-57,2.8298997121333476e-73,2.8298997121333476e-73
state,258,1002.2696253560504,1002.2696253560504,0,0
state,259,3.0448944456319676e-59,3.0448944456319689e-59,1.3265154900625067e-74,1.3265154900625067e-74
state,260,5.411323938368193e-59,5.4113239383681885e-59,4.4217183002083556e-74,4.4217183002083556e-74
state,261,3.0182996469932777e-59,3.0182996469932768e-59,8.8434366004167113e-75,8.8434366004167113e-75
state,262,5.3764787538502834e-59,5.3764787538502843e-59,8.8434366004167113e-75,8.8434366004167113e-75
state,263,2.9949846911435929e-59,2.9949846911435907e-59,2.2108591501041778e-74,2.2108591501041778e-74
state,264,1002.2696253560504,1002.2696253560504,0,0
state,265,5.1697241121201489e-61,5.1697241121201468e-61,2.0726804532226667e-76,2.0726804532226667e-76
state,266,9.0767316370910412e-61,9.0767316370910246e-61,1.6581443625781334e-75,1.6581443625781334e-75
state,267,5.1256224185208638e-61,5.1256224185208583e-61,5.5271478752604446e-76,5.5271478752604446e-76
state,268,9.0196499109209145e-61,9.0196499109209076e-61,6.9089348440755557e-76,6.9089348440755557e-76
state,269,5.0869661091841512e-61,5.0869661091841422e-61,8.9816152972982224e-76,8.9816152972982224e-76
state,270,1002.2696253560504,1002.2696253560504,0,0
state,271,8.562255037255604e-63,8.562255037255591e-63,1.2954252832641667e-77,1.2954252832641667e-77
state,272,1.4859189395589499e-62,1.4859189395589458e-62,4.1021800636698612e-77,4.1021800636698612e-77
state,273,8.4908719069736293e-63,8.4908719069736121e-63,1.7272337110188889e-77,1.7272337110188889e-77
state,274,1.4767869944638831e-62,1.4767869944638807e-62,2.3749463526509723e-77,2.3749463526509723e-77
state,275,8.4283133022866021e-63,8.4283133022865815e-63,2.0510900318349306e-77,2.0510900318349306e-77
state,276,1002.2696253560504,1002.2696253560504,0,0
state,277,1.3841562725195572e-64,1.384156272519554e-64,3.2048281747420791e-79,3.2048281747420791e-79
state,278,2.3754057468174223e-64,2.3754057468174145e-64,7.7590576862176651e-79,7.7590576862176651e-79
state,279,1.3728726079327351e-64,1.3728726079327316e-64,3.5421785089254558e-79,3.5421785089254558e-79
state,280,2.36113120826268e-64,2.3611312082626739e-64,6.0723060153007814e-79,6.0723060153007814e-79
state,281,1.3629855458688978e-64,1.3629855458688939e-64,3.8795288431088325e-79,3.8795288431088325e-79
state,282,1002.2696253560504,1002.2696253560504,0,0
state,283,2.1852272081980959e-66,2.1852272081980891e-66,6.8524286630998401e-81,6.8524286630998401e-81
state,284,3.7100830287663649e-66,3.7100830287663496e-66,1.5286187017684259e-80,1.5286187017684259e-80
state,285,2.1677994896348881e-66,2.1677994896348805e-66,7.6430935088421293e-81,7.6430935088421293e-81
state,286,3.6882706184353061e-66,3.6882706184352935e-66,1.2650637531876628e-80,1.2650637531876628e-80
state,287,2.1525314709029871e-66,2.1525314709029787e-66,8.4337583545844186e-81,8.4337583545844186e-81
state,288,1002.2696253560504,1002.2696253560504,0,0
state,289,3.3709287958380647e-68,3.3709287958380812e-68,1.6472184286297693e-82,1.6472184286297693e-82
state,290,5.664324822091246e-68,5.6643248220912683e-68,2.2237448786501885e-82,2.2237448786501885e-82
state,291,3.3446153273773618e-68,3.3446153273773783e-68,1.6472184286297693e-82,1.6472184286297693e-82
state,292,5.6317270020031771e-68,5.6317270020032043e-68,2.7179104072391193e-82,2.7179104072391193e-82
state,293,3.3215667116531845e-68,3.3215667116531985e-68,1.4001356643353039e-82,1.4001356643353039e-82
state,294,1002.2696253560504,1002.2696253560504,0,0
state,295,5.083472387377034e-70,5.0834723873770546e-70,2.0590230357872116e-84,2.0590230357872116e-84
state,296,8.457404472533246e-70,8.4574044725332743e-70,2.8311566742074159e-84,2.8311566742074159e-84
state,297,5.0446157835467227e-70,5.0446157835467426e-70,1.9946785659188612e-84,1.9946785659188612e-84
state,298,8.4097385110546813e-70,8.4097385110547148e-70,3.3459124331542188e-84,3.3459124331542188e-84
state,299,5.0105862615896783e-70,5.010586261589695e-70,1.6729562165771094e-84,1.6729562165771094e-84
state,300,1002.2696253560504,1002.2696253560504,0,0
state,301,7.4978328666801168e-72,7.4978328666801419e-72,2.513455854232436e-86,2.513455854232436e-86
state,302,1.2355121789975313e-71,1.2355121789975349e-71,3.6193764300947078e-86,3.6193764300947078e-86
state,303,7.4416900770362524e-72,7.4416900770362745e-72,2.2118411517245437e-86,2.2118411517245437e-86
state,304,1.2286896351138478e-71,1.2286896351138514e-71,3.6193764300947078e-86,3.6193764300947078e-86
state,305,7.392530402083344e-72,7.3925304020833621e-72,1.8096882150473539e-86,1.8096882150473539e-86
state,306,0,0,0,0
state,307,0.0055656865656087623,0.0055656865656087623,0,0
state,308,0.0002625717060809182,0.0002625717060809182,0,0
state,309,0.0070413739716901026,0.0070413739716901026,0,0
state,310,0.00044379898810267587,0.00044379898810267587,0,0
state,311,0.0087257184069282553,0.0087257184069282553,0,0
state,312,0,0,0,0
state,313,0.0038727120255118179,0.0038727120255118179,0,0
state,314,0.00075765191417825526,0.00075765191417825504,2.1684043449710089e-19,2.1684043449710089e-19
state,315,0.0045525437176229255,0.0045525437176229255,0,0
state,316,0.0010417242146318743,0.0010417242146318741,2.1684043449710089e-19,2.1684043449710089e-19
state,317,0.0052095688201238494,0.0052095688201238494,0,0
state,318,0,0,0,0
state,319,0.0020576241363635403,0.0020576241363635403,0,0
state,320,0.00137069651168397,0.00137069651168397,0,0
state,321,0.0020825222928623527,0.0020825222928623536,8.6736173798840355e-19,8.6736173798840355e-19
state,322,0.0014871830494657191,0.0014871830494657191,0,0
state,323,0.0020878110250331671,0.0020878110250331658,1.3010426069826053e-18,1.3010426069826053e-18
state,324,0,0,0,0
state,325,0.00028915726544476693,0.00028915726544476698,5.4210108624275222e-20,5.4210108624275222e-20
state,326,0.00043161660263580851,0.00043161660263580872,2.1684043449710089e-19,2.1684043449710089e-19
state,327,0.00026687949448068017,0.00026687949448068023,5.4210108624275222e-20,5.4210108624275222e-20
state,328,0.00041216860100304277,0.00041216860100304277,0,0
state,329,0.0002476499309361196,0.00024764993093611949,1.0842021724855044e-19,1.0842021724855044e-19
state,330,0,0,0,0
state,331,8.8756699130022201e-06,8.8756699130022167e-06,3.3881317890172014e-21,3.3881317890172014e-21
state,332,1.9709494696932819e-05,1.9709494696932816e-05,3.3881317890172014e-21,3.3881317890172014e-21
state,333,8.1179853794332858e-06,8.1179853794332875e-06,1.6940658945086007e-21,1.6940658945086007e-21
state,334,1.857702885202527e-05,1.8577028852025277e-05,6.7762635780344027e-21,6.7762635780344027e-21
state,335,7.4776709322825689e-06,7.4776709322825672e-06,1.6940658945086007e-21,1.6940658945086007e-21
state,336,0,0,0,0
state,337,2.1557073719122504e-07,2.155707371912252e-07,1.5881867761018131e-22,1.5881867761018131e-22
state,338,6.7236015143780082e-07,6.7236015143780103e-07,2.1175823681357508e-22,2.1175823681357508e-22
state,339,1.9762333928975693e-07,1.9762333928975682e-07,1.0587911840678754e-22,1.0587911840678754e-22
state,340,6.3481355630873788e-07,6.3481355630873661e-07,1.2705494208814505e-21,1.2705494208814505e-21
state,341,1.8244281528246556e-07,1.824428152824658e-07,2.3822801641527197e-22,2.3822801641527197e-22
state,342,0,0,0,0
state,343,5.1803668195600134e-09,5.1803668195599919e-09,2.150669592637872e-23,2.150669592637872e-23
state,344,2.2543441180494188e-08,2.2543441180494238e-08,4.963083675318166e-23,4.963083675318166e-23
state,345,4.7620222057437159e-09,4.7620222057437341e-09,1.8197973476166609e-23,1.8197973476166609e-23
state,346,2.1332796854454029e-08,2.1332796854454019e-08,9.9261673506363321e-24,9.9261673506363321e-24
state,347,4.4076011779595425e-09,4.4076011779595169e-09,2.5642598989143858e-23,2.5642598989143858e-23
state,348,0,0,0,0
state,349,1.2390737347905699e-10,1.2390737347905647e-10,5.169878828456423e-25,5.169878828456423e-25
state,350,7.4892664452099115e-10,7.4892664452099125e-10,1.0339757656912846e-25,1.0339757656912846e-25
state,351,1.1420040073594553e-10,1.1420040073594584e-10,3.1019272970738538e-25,3.1019272970738538e-25
state,352,7.1030526867599705e-10,7.103052686759954e-10,1.6543612251060553e-24,1.6543612251060553e-24
state,353,1.059634601677311e-10,1.0596346016773048e-10,6.2038545941477076e-25,6.2038545941477076e-25
state,354,0,0,0,0
state,355,1.3880614870223566e-12,1.3880614870223501e-12,6.4623485355705287e-27,6.4623485355705287e-27
state,356,9.0757886490464365e-12,9.075788649046443e-12,6.4623485355705287e-27,6.4623485355705287e-27
state,357,1.2817471784836613e-12,1.2817471784836647e-12,3.4331226595218434e-27,3.4331226595218434e-27
state,358,8.6131942557177184e-12,8.6131942557176974e-12,2.1002632740604218e-26,2.1002632740604218e-26
state,359,1.1914829366620551e-12,1.1914829366620499e-12,5.2506581851510546e-27,5.2506581851510546e-27
state,360,0,0,0,0
state,361,0,0,0,0
state,362,0,0,0,0
state,363,0,0,0,0
state,364,0,0,0,0
state,365,0,0,0,0
state,366,0,0,0,0
state,367,0,0,0,0
state,368,0,0,0,0
state,369,0,0,0,0
state,370,0,0,0,0
state,371,0,0,0,0
state,372,0,0,0,0
state,373,0,0,0,0
state,374,0,0,0,0
state,375,0,0,0,0
state,376,0,0,0,0
state,377,0,0,0,0
state,378,0,0,0,0
state,379,0,0,0,0
state,380,0,0,0,0
state,381,0,0,0,0
state,382,0,0,0,0
state,383,0,0,0,0
state,384,0,0,0,0
state,385,0,0,0,0
state,386,0,0,0,0
state,387,0,0,0,0
state,388,0,0,0,0
state,389,0,0,0,0
state,390,0,0,0,0
state,391,0,0,0,0
state,392,0,0,0,0
state,393,0,0,0,0
state,394,0,0,0,0
state,395,0,0,0,0
state,396,0,0,0,0
state,397,0,0,0,0
state,398,0,0,0,0
state,399,0,0,0,0
state,400,0,0,0,0
state,401,0,0,0,0
state,402,0,0,0,0
state,403,0,0,0,0
state,404,0,0,0,0
state,405,0,0,0,0
state,406,0,0,0,0
state,407,0,0,0,0
state,408,0,0,0,0
state,409,0,0,0,0
state,410,0,0,0,0
state,411,0,0,0,0
state,412,0,0,0,0
state,413,0,0,0,0
state,414,0,0,0,0
state,415,0,0,0,0
state,416,0,0,0,0
state,417,0,0,0,0
state,418,0,0,0,0
state,419,0,0,0,0
state,420,0,0,0,0
state,421,0,0,0,0
state,422,0,0,0,0
state,423,0,0,0,0
state,424,0,0,0,0
state,425,0,0,0,0
state,426,0,0,0,0
state,427,0,0,0,0
state,428,0,0,0,0
state,429,0,0,0,0
state,430,0,0,0,0
state,431,0,0,0,0
state,432,0,0,0,0
state,433,0,0,0,0
state,434,0,0,0,0
state,435,0,0,0,0
state,436,0,0,0,0
state,437,0,0,0,0
state,438,0,0,0,0
state,439,0,0,0,0
state,440,0,0,0,0
state,441,0,0,0,0
state,442,0,0,0,0
state,443,0,0,0,0
state,444,0,0,0,0
state,445,0,0,0,0
state,446,0,0,0,0
state,447,0,0,0,0
state,448,0,0,0,0
state,449,0,0,0,0
state,450,0,0,0,0
state,451,0,0,0,0
state,452,0,0,0,0
state,453,0,0,0,0
state,454,0,0,0,0
state,455,0,0,0,0
state,456,0,0,0,0
state,457,0,0,0,0
state,458,0,0,0,0
state,459,0,0,0,0
state,460,0,0,0,0
state,461,0,0,0,0
state,462,0,0,0,0
state,463,0,0,0,0
state,464,0,0,0,0
state,465,0,0,0,0
state,466,0,0,0,0
state,467,0,0,0,0
state,468,0,0,0,0
state,469,0,0,0,0
state,470,0,0,0,0
state,471,0,0,0,0
state,472,0,0,0,0
state,473,0,0,0,0
state,474,0,0,0,0
state,475,0,0,0,0
state,476,0,0,0,0
state,477,0,0,0,0
state,478,0,0,0,0
state,479,0,0,0,0
state,480,0,0,0,0
state,481,0,0,0,0
state,482,0,0,0,0
state,483,0,0,0,0
state,484,0,0,0,0
state,485,0,0,0,0
state,486,0,0,0,0
state,487,0,0,0,0
state,488,0,0,0,0
state,489,0,0,0,0
state,490,0,0,0,0
state,491,0,0,0,0
state,492,0,0,0,0
state,493,0,0,0,0
state,494,0,0,0,0
state,495,0,0,0,0
state,496,0,0,0,0
state,497,0,0,0,0
state,498,0,0,0,0
state,499,0,0,0,0
state,500,0,0,0,0
state,501,0,0,0,0
state,502,0,0,0,0
state,503,0,0,0,0
state,504,0,0,0,0
state,505,0,0,0,0
state,506,0,0,0,0
state,507,0,0,0,0
state,508,0,0,0,0
state,509,0,0,0,0
state,510,0,0,0,0
state,511,0,0,0,0
state,512,0,0,0,0
state,513,0,0,0,0
state,514,0,0,0,0
state,515,0,0,0,0
state,516,0,0,0,0
state,517,0,0,0,0
state,518,0,0,0,0
state,519,0,0,0,0
state,520,0,0,0,0
state,521,0,0,0,0
state,522,0,0,0,0
state,523,0,0,0,0
state,524,0,0,0,0
state,525,0,0,0,0
state,526,0,0,0,0
state,527,0,0,0,0
state,528,0,0,0,0
state,529,0,0,0,0
state,530,0,0,0,0
state,531,0,0,0,0
state,532,0,0,0,0
state,533,0,0,0,0
state,534,0,0,0,0
state,535,0,0,0,0
state,536,0,0,0,0
state,537,0,0,0,0
state,538,0,0,0,0
state,539,0,0,0,0
state,540,0,0,0,0
state,541,0,0,0,0
state,542,0,0,0,0
state,543,0,0,0,0
state,544,0,0,0,0
state,545,0,0,0,0
state,546,0,0,0,0
state,547,0,0,0,0
state,548,0,0,0,0
state,549,0,0,0,0
state,550,0,0,0,0
state,551,0,0,0,0
state,552,0,0,0,0
state,553,0,0,0,0
state,554,0,0,0,0
state,555,0,0,0,0
state,556,0,0,0,0
state,557,0,0,0,0
state,558,0,0,0,0
state,559,0,0,0,0
state,560,0,0,0,0
state,561,0,0,0,0
state,562,0,0,0,0
state,563,0,0,0,0
state,564,0,0,0,0
state,565,0,0,0,0
state,566,0,0,0,0
state,567,0,0,0,0
state,568,0,0,0,0
state,569,0,0,0,0
state,570,0,0,0,0
state,571,0,0,0,0
state,572,0,0,0,0
state,573,0,0,0,0
state,574,0,0,0,0
state,575,0,0,0,0
state,576,0,0,0,0
state,577,0,0,0,0
state,578,0,0,0,0
state,579,0,0,0,0
state,580,0,0,0,0
state,581,0,0,0,0
state,582,0,0,0,0
state,583,0,0,0,0
state,584,0,0,0,0
state,585,0,0,0,0
state,586,0,0,0,0
state,587,0,0,0,0
state,588,0,0,0,0
state,589,0,0,0,0
state,590,0,0,0,0
state,591,0,0,0,0
state,592,0,0,0,0
state,593,0,0,0,0
state,594,0,0,0,0
state,595,0,0,0,0
state,596,0,0,0,0
state,597,0,0,0,0
state,598,0,0,0,0
state,599,0,0,0,0
state,600,0,0,0,0
state,601,0,0,0,0
state,602,0,0,0,0
state,603,0,0,0,0
state,604,0,0,0,0
state,605,0,0,0,0
state,606,0,0,0,0
state,607,0,0,0,0
state,608,0,0,0,0
state,609,0,0,0,0
state,610,0,0,0,0
state,611,0,0,0,0
state,612,0,0,0,0
state,613,4.0353826819726739e-06,4.0353826819726739e-06,0,0
state,614,6.193348043922465e-06,6.193348043922465e-06,0,0
state,615,9.0474896820778405e-06,9.0474896820778405e-06,0,0
state,616,1.2702246637478828e-05,1.2702246637478828e-05,0,0
state,617,1.7262127559288295e-05,1.7262127559288295e-05,0,0
state,618,0,0,0,0
state,619,8.314955785362226e-12,8.314955785362226e-12,0,0
state,620,1.6269788420351751e-11,1.6269788420351764e-11,1.2924697071141057e-26,1.2924697071141057e-26
state,621,1.5055563789624162e-11,1.5055563789624162e-11,0,0
state,622,2.8913252653733576e-11,2.8913252653733572e-11,3.2311742677852644e-27,3.2311742677852644e-27
state,623,2.4186584023188815e-11,2.4186584023188815e-11,0,0
state,624,0,0,0,0
state,625,2.0011325411655088e-13,2.0011325411655088e-13,0,0
state,626,7.3502093170157656e-13,7.3502093170157656e-13,0,0
state,627,2.9260520581376079e-13,2.9260520581376084e-13,5.0487097934144756e-29,5.0487097934144756e-29
state,628,1.0919581212693577e-12,1.0919581212693577e-12,0,0
state,629,3.9832714766312132e-13,3.9832714766312102e-13,3.0292258760486853e-28,3.0292258760486853e-28
state,630,0,0,0,0
state,631,2.6073412272676921e-16,2.6073412272676896e-16,2.4651903288156619e-31,2.4651903288156619e-31
state,632,1.9332435948480149e-15,1.9332435948480161e-15,1.1832913578315177e-30,1.1832913578315177e-30
state,633,3.6245146064179651e-16,3.6245146064179681e-16,2.9582283945787943e-31,2.9582283945787943e-31
state,634,2.7367501236665629e-15,2.7367501236665645e-15,1.5777218104420236e-30,1.5777218104420236e-30
state,635,4.751652964349898e-16,4.7516529643498961e-16,1.9721522630525295e-31,1.9721522630525295e-31
state,636,0,0,0,0
state,637,1.5460400254415493e-19,1.5460400254415483e-19,9.6296497219361793e-35,9.6296497219361793e-35
state,638,2.2427749221661001e-18,2.2427749221661016e-18,1.5407439555097887e-33,1.5407439555097887e-33
state,639,2.15483786751797e-19,2.154837867517968e-19,1.9259299443872359e-34,1.9259299443872359e-34
state,640,3.180997340880986e-18,3.180997340880976e-18,1.0014835710813626e-32,1.0014835710813626e-32
state,641,2.8333429492903384e-19,2.8333429492903394e-19,9.6296497219361793e-35,9.6296497219361793e-35
state,642,0,0,0,0
state,643,8.7976817064563202e-23,8.7976817064562568e-23,6.3476694944403525e-37,6.3476694944403525e-37
state,644,2.4719338281293375e-21,2.4719338281293462e-21,8.6516384220520361e-36,8.6516384220520361e-36
state,645,1.2325069557431042e-22,1.2325069557431129e-22,8.6986581960849276e-37,8.6986581960849276e-37
state,646,3.5210162849061702e-21,3.5210162849061605e-21,9.7801129988414321e-36,9.7801129988414321e-36
state,647,1.6285037958414931e-22,1.6285037958414775e-22,1.5516525430854195e-36,1.5516525430854195e-36
state,648,0,0,0,0
state,649,4.9896161213526565e-26,4.9896161213526198e-26,3.6734198463196485e-40,3.6734198463196485e-40
state,650,2.6813424060093145e-24,2.6813424060093222e-24,7.7141816772712618e-39,7.7141816772712618e-39
state,651,7.02816573198454e-26,7.0281657319845848e-26,4.4769804377020716e-40,4.4769804377020716e-40
state,652,3.8361549253962586e-24,3.836154925396252e-24,6.6121557233753672e-39,6.6121557233753672e-39
state,653,9.3340249698811676e-26,9.3340249698810678e-26,9.9871102071815443e-40,9.9871102071815443e-40
state,654,0,0,0,0
state,655,3.5058695883198364e-29,3.5058695883198073e-29,2.9147008057956195e-43,2.9147008057956195e-43
state,656,3.1229596181374874e-27,3.1229596181374902e-27,2.8698592549372254e-42,2.8698592549372254e-42
state,657,5.0077055842174063e-29,5.0077055842174349e-29,2.8586488672226268e-43,2.8586488672226268e-43
state,658,4.498785388924466e-27,4.4987853889244481e-27,1.7936620343357659e-41,1.7936620343357659e-41
state,659,6.7393182547663193e-29,6.7393182547662476e-29,7.1746481373430634e-43,7.1746481373430634e-43
state,660,0,0,0,0
state,661,8.3045035896839067e-32,8.3045035896838596e-32,4.7074870285911823e-46,4.7074870285911823e-46
state,662,6.9372457618456018e-30,6.9372457618456018e-30,0,0
state,663,1.2060818663028235e-31,1.2060818663028277e-31,4.1601048159643007e-46,4.1601048159643007e-46
state,664,1.0089737381752004e-29,1.0089737381751974e-29,2.9427267750821158e-44,2.9427267750821158e-44
state,665,1.6487737748518647e-31,1.6487737748518566e-31,8.1012567468778487e-46,8.1012567468778487e-46
state,666,0,0,0,0
state,667,0,0,0,0
state,668,0,0,0,0
state,669,0,0,0,0
state,670,0,0,0,0
state,671,0,0,0,0
state,672,0,0,0,0
state,673,0,0,0,0
state,674,0,0,0,0
state,675,0,0,0,0
state,676,0,0,0,0
state,677,0,0,0,0
state,678,0,0,0,0
state,679,0,0,0,0
state,680,0,0,0,0
state,681,0,0,0,0
state,682,0,0,0,0
state,683,0,0,0,0
state,684,0,0,0,0
state,685,0,0,0,0
state,686,0,0,0,0
state,687,0,0,0,0
state,688,0,0,0,0
state,689,0,0,0,0
state,690,0,0,0,0
state,691,0,0,0,0
state,692,0,0,0,0
state,693,0,0,0,0
state,694,0,0,0,0
state,695,0,0,0,0
state,696,0,0,0,0
state,697,0,0,0,0
state,698,0,0,0,0
state,699,0,0,0,0
state,700,0,0,0,0
state,701,0,0,0,0
state,702,0,0,0,0
state,703,0,0,0,0
state,704,0,0,0,0
state,705,0,0,0,0
state,706,0,0,0,0
state,707,0,0,0,0
state,708,0,0,0,0
state,709,0,0,0,0
state,710,0,0,0,0
state,711,0,0,0,0
state,712,0,0,0,0
state,713,0,0,0,0
state,714,0,0,0,0
state,715,0,0,0,0
state,716,0,0,0,0
state,717,0,0,0,0
state,718,0,0,0,0
state,719,0,0,0,0
state,720,0,0,0,0
state,721,0,0,0,0
state,722,0,0,0,0
state,723,0,0,0,0
state,724,0,0,0,0
state,725,0,0,0,0
state,726,0,0,0,0
state,727,0,0,0,0
state,728,0,0,0,0
state,729,0,0,0,0
state,730,0,0,0,0
state,731,0,0,0,0
state,732,0,0,0,0
state,733,0,0,0,0
state,734,0,0,0,0
state,735,0,0,0,0
state,736,0,0,0,0
state,737,0,0,0,0
state,738,0,0,0,0
state,739,0,0,0,0
state,740,0,0,0,0
state,741,0,0,0,0
state,742,0,0,0,0
state,743,0,0,0,0
state,744,0,0,0,0
state,745,0,0,0,0
state,746,0,0,0,0
state,747,0,0,0,0
state,748,0,0,0,0
state,749,0,0,0,0
state,750,0,0,0,0
state,751,0,0,0,0
state,752,0,0,0,0
state,753,0,0,0,0
state,754,0,0,0,0
state,755,0,0,0,0
state,756,0,0,0,0
state,757,0,0,0,0
state,758,0,0,0,0
state,759,0,0,0,0
state,760,0,0,0,0
state,761,0,0,0,0
state,762,0,0,0,0
state,763,0,0,0,0
state,764,0,0,0,0
state,765,0,0,0,0
state,766,0,0,0,0
state,767,0,0,0,0
state,768,0,0,0,0
state,769,0,0,0,0
state,770,0,0,0,0
state,771,0,0,0,0
state,772,0,0,0,0
state,773,0,0,0,0
state,774,0,0,0,0
state,775,0,0,0,0
state,776,0,0,0,0
state,777,0,0,0,0
state,778,0,0,0,0
state,779,0,0,0,0
state,780,0,0,0,0
state,781,0,0,0,0
state,782,0,0,0,0
state,783,0,0,0,0
state,784,0,0,0,0
state,785,0,0,0,0
state,786,0,0,0,0
state,787,0,0,0,0
state,788,0,0,0,0
state,789,0,0,0,0
state,790,0,0,0,0
state,791,0,0,0,0
state,792,0,0,0,0
state,793,0,0,0,0
state,794,0,0,0,0
state,795,0,0,0,0
state,796,0,0,0,0
state,797,0,0,0,0
state,798,0,0,0,0
state,799,0,0,0,0
state,800,0,0,0,0
state,801,0,0,0,0
state,802,0,0,0,0
state,803,0,0,0,0
state,804,0,0,0,0
state,805,0,0,0,0
state,806,0,0,0,0
state,807,0,0,0,0
state,808,0,0,0,0
state,809,0,0,0,0
state,810,0,0,0,0
state,811,0,0,0,0
state,812,0,0,0,0
state,813,0,0,0,0
state,814,0,0,0,0
state,815,0,0,0,0
state,816,0,0,0,0
state,817,0,0,0,0
state,818,0,0,0,0
state,819,0,0,0,0
state,820,0,0,0,0
state,821,0,0,0,0
state,822,0,0,0,0
state,823,0,0,0,0
state,824,0,0,0,0
state,825,0,0,0,0
state,826,0,0,0,0
state,827,0,0,0,0
state,828,0,0,0,0
state,829,0,0,0,0
state,830,0,0,0,0
state,831,0,0,0,0
state,832,0,0,0,0
state,833,0,0,0,0
state,834,0,0,0,0
state,835,0,0,0,0
state,836,0,0,0,0
state,837,0,0,0,0
state,838,0,0,0,0
state,839,0,0,0,0
state,840,0,0,0,0
state,841,0,0,0,0
state,842,0,0,0,0
state,843,0,0,0,0
state,844,0,0,0,0
state,845,0,0,0,0
state,846,0,0,0,0
state,847,0,0,0,0
state,848,0,0,0,0
state,849,0,0,0,0
state,850,0,0,0,0
state,851,0,0,0,0
state,852,0,0,0,0
state,853,0,0,0,0
state,854,0,0,0,0
state,855,0,0,0,0
state,856,0,0,0,0
state,857,0,0,0,0
state,858,0,0,0,0
state,859,0,0,0,0
state,860,0,0,0,0
state,861,0,0,0,0
state,862,0,0,0,0
state,863,0,0,0,0
state,864,0,0,0,0
state,865,0,0,0,0
state,866,0,0,0,0
state,867,0,0,0,0
state,868,0,0,0,0
state,869,0,0,0,0
state,870,0,0,0,0
state,871,0,0,0,0
state,872,0,0,0,0
state,873,0,0,0,0
state,874,0,0,0,0
state,875,0,0,0,0
state,876,0,0,0,0
state,877,0,0,0,0
state,878,0,0,0,0
state,879,0,0,0,0
state,880,0,0,0,0
state,881,0,0,0,0
state,882,0,0,0,0
state,883,0,0,0,0
state,884,0,0,0,0
state,885,0,0,0,0
state,886,0,0,0,0
state,887,0,0,0,0
state,888,0,0,0,0
state,889,0,0,0,0
state,890,0,0,0,0
state,891,0,0,0,0
state,892,0,0,0,0
state,893,0,0,0,0
state,894,0,0,0,0
state,895,0,0,0,0
state,896,0,0,0,0
state,897,0,0,0,0
state,898,0,0,0,0
state,899,0,0,0,0
state,900,0,0,0,0
state,901,0,0,0,0
state,902,0,0,0,0
state,903,0,0,0,0
state,904,0,0,0,0
state,905,0,0,0,0
state,906,0,0,0,0
state,907,0,0,0,0
state,908,0,0,0,0
state,909,0,0,0,0
state,910,0,0,0,0
state,911,0,0,0,0
state,912,0,0,0,0
state,913,0,0,0,0
state,914,0,0,0,0
state,915,0,0,0,0
state,916,0,0,0,0
state,917,0,0,0,0
state,918,701.58873774923518,701.58873774923518,0,0
state,919,60.13617645663188,60.13617645663188,0,0
state,920,60.136175887230507,60.136175887230507,0,0
state,921,60.136175134109997,60.136175134109997,0,0
state,922,60.136174169689092,60.136174169689092,0,0
state,923,60.136172966356831,60.136172966356831,0,0
state,924,1002.2696253560504,1002.2696253560504,0,0
state,925,5.2245640033175578,5.2245640033175578,0,0
state,926,6.1742575532916639,6.1742575532916639,0,0
state,927,5.0194989609784031,5.0194989609784031,0,0
state,928,6.0842340274154401,6.0842340274154401,0,0
state,929,4.8224746920386439,4.8224746920386403,3.5527136788005009e-15,7.3669928940542217e-16
state,930,1002.2696253560504,1002.2696253560504,0,0
state,931,0.50906964580424663,0.50906964580424652,1.1102230246251565e-16,1.1102230246251565e-16
state,932,0.86062302538869662,0.86062302538869639,2.2204460492503131e-16,2.2204460492503131e-16
state,933,0.46676396446446716,0.46676396446446716,0,0
state,934,0.81585114901865419,0.81585114901865419,0,0
state,935,0.43051580827171221,0.43051580827171221,0,0
state,936,1002.2696253560504,1002.2696253560504,0,0
state,937,0.015409350335955013,0.015409350335955016,3.4694469519536142e-18,3.4694469519536142e-18
state,938,0.037755316540445741,0.037755316540445748,6.9388939039072284e-18,6.9388939039072284e-18
state,939,0.01403206973258655,0.014032069732586555,5.2041704279304213e-18,5.2041704279304213e-18
state,940,0.035469586407774735,0.035469586407774735,0,0
state,941,0.012871067375954516,0.012871067375954516,0,0
state,942,1002.2696253560504,1002.2696253560504,0,0
state,943,0.00037532418423524941,0.00037532418423524941,0,0
state,944,0.0012975871775822128,0.0012975871775822126,2.1684043449710089e-19,2.1684043449710089e-19
state,945,0.00034259720241214411,0.00034259720241214422,1.0842021724855044e-19,1.0842021724855044e-19
state,946,0.0012212752709140563,0.0012212752709140544,1.951563910473908e-18,1.951563910473908e-18
state,947,0.00031498112043983387,0.00031498112043983409,2.1684043449710089e-19,2.1684043449710089e-19
state,948,1002.2696253560504,1002.2696253560504,0,0
state,949,9.0534450337386523e-06,9.0534450337386083e-06,4.4045713257223618e-20,4.4045713257223618e-20
state,950,4.3940532696109306e-05,4.394053269610938e-05,7.453889935837843e-20,7.453889935837843e-20
state,951,8.2868607692735058e-06,8.2868607692735414e-06,3.5575383784680614e-20,3.5575383784680614e-20
state,952,4.145099718529879e-05,4.1450997185298735e-05,5.4210108624275222e-20,5.4210108624275222e-20
state,953,7.6389269648111711e-06,7.6389269648111186e-06,5.2516042729766621e-20,5.2516042729766621e-20
state,954,1002.2696253560504,1002.2696253560504,0,0
state,955,2.1805072164733211e-07,2.1805072164733105e-07,1.0587911840678754e-21,1.0587911840678754e-21
state,956,1.4781816230074243e-06,1.4781816230074262e-06,1.9058241313221758e-21,1.9058241313221758e-21
state,957,2.0015221273845421e-07,2.0015221273845492e-07,7.1468404924581591e-22,7.1468404924581591e-22
state,958,1.397690405355922e-06,1.3976904053559205e-06,1.4823076576950256e-21,1.4823076576950256e-21
state,959,1.8499879654959897e-07,1.8499879654959783e-07,1.1382005228729661e-21,1.1382005228729661e-21
state,960,1002.2696253560504,1002.2696253560504,0,0
state,961,5.4929124752364088e-09,5.4929124752363832e-09,2.5642598989143858e-23,2.5642598989143858e-23
state,962,5.0168915449301077e-08,5.0168915449301116e-08,3.9704669402545328e-23,3.9704669402545328e-23
state,963,5.0706181760357607e-09,5.0706181760357756e-09,1.4889251025954498e-23,1.4889251025954498e-23
state,964,4.7579003890687566e-08,4.757900389068748e-08,8.6026783705514878e-23,8.6026783705514878e-23
state,965,4.7123238211110985e-09,4.7123238211110729e-09,2.5642598989143858e-23,2.5642598989143858e-23
state,966,1002.2696253560504,1002.2696253560504,0,0
state,967,7.207355443826128e-10,7.2073554438261146e-10,1.34416849539867e-24,1.34416849539867e-24
state,968,5.7714288162192353e-09,5.771428816219232e-09,3.3087224502121107e-24,3.3087224502121107e-24
state,969,6.7688092887173066e-10,6.7688092887173118e-10,5.169878828456423e-25,5.169878828456423e-25
state,970,5.5225627761950246e-09,5.5225627761950147e-09,9.9261673506363321e-24,9.9261673506363321e-24
state,971,6.393598188482766e-10,6.393598188482765e-10,1.0339757656912846e-25,1.0339757656912846e-25
state,972,1002.2696253560504,1002.2696253560504,0,0
state,973,9.9163006530775678e-11,9.9163006530775614e-11,6.4623485355705287e-26,6.4623485355705287e-26
state,974,6.658131557513726e-10,6.6581315575137229e-10,3.1019272970738538e-25,3.1019272970738538e-25
state,975,9.4165429199357572e-11,9.4165429199357598e-11,2.5849394142282115e-26,2.5849394142282115e-26
state,976,6.4125438148046532e-10,6.412543814804647e-10,6.2038545941477076e-25,6.2038545941477076e-25
state,977,8.9864672182494677e-11,8.9864672182494767e-11,9.0472879497987402e-26,9.0472879497987402e-26
state,978,1002.2696253560504,1002.2696253560504,0,0
state,979,1.1059447492486004e-11,1.1059447492485997e-11,6.4623485355705287e-27,6.4623485355705287e-27
state,980,6.42437295467386e-11,6.4243729546738561e-11,3.8774091213423172e-26,3.8774091213423172e-26
state,981,1.0589431130257666e-11,1.0589431130257666e-11,0,0
state,982,6.2197313098204868e-11,6.2197313098204817e-11,5.169878828456423e-26,5.169878828456423e-26
state,983,1.0183039469840479e-11,1.0183039469840487e-11,8.0779356694631609e-27,8.0779356694631609e-27
state,984,1002.2696253560504,1002.2696253560504,0,0
state,985,1.0581805289435748e-12,1.0581805289435732e-12,1.6155871338926322e-27,1.6155871338926322e-27
state,986,5.427249006204984e-12,5.4272490062049776e-12,6.4623485355705287e-27,6.4623485355705287e-27
state,987,1.0193759730900359e-12,1.0193759730900357e-12,2.0194839173657902e-28,2.0194839173657902e-28
state,988,5.2761668088111666e-12,5.2761668088111601e-12,6.4623485355705287e-27,6.4623485355705287e-27
state,989,9.85697740780625e-13,9.856977407806248e-13,2.0194839173657902e-28,2.0194839173657902e-28
state,990,1002.2696253560504,1002.2696253560504,0,0
state,991,8.8548435458882064e-14,8.8548435458882089e-14,2.5243548967072378e-29,2.5243548967072378e-29
state,992,4.0844281437443023e-13,4.0844281437443073e-13,5.0487097934144756e-28,5.0487097934144756e-28
state,993,8.5678875278041499e-14,8.56788752780416e-14,1.0097419586828951e-28,1.0097419586828951e-28
state,994,3.9836027669182976e-13,3.9836027669182996e-13,2.0194839173657902e-28,2.0194839173657902e-28
state,995,8.3181168310768406e-14,8.3181168310768494e-14,8.8352421384753322e-29,8.8352421384753322e-29
state,996,1002.2696253560504,1002.2696253560504,0,0
state,997,6.5589797301097234e-15,6.5589797301097234e-15,0,0
state,998,2.7649432860170282e-14,2.7649432860170292e-14,9.4663308626521417e-30,9.4663308626521417e-30
state,999,6.3672742784122698e-15,6.3672742784122698e-15,0,0
state,1000,2.7035254647925616e-14,2.7035254647925619e-14,3.1554436208840472e-30,3.1554436208840472e-30
state,1001,6.2000448645560003e-15,6.2000448645560011e-15,7.8886090522101181e-31,7.8886090522101181e-31
state,1002,1002.2696253560504,1002.2696253560504,0,0
state,1003,4.3469757548337801e-16,4.3469757548337732e-16,6.9025329206838533e-31,6.9025329206838533e-31
state,1004,1.6968819519858243e-15,1.6968819519858235e-15,7.8886090522101181e-31,7.8886090522101181e-31
state,1005,4.2305555660912718e-16,4.2305555660912698e-16,1.9721522630525295e-31,1.9721522630525295e-31
state,1006,1.6625155836784677e-15,1.6625155836784665e-15,1.1832913578315177e-30,1.1832913578315177e-30
state,1007,4.128831722532052e-16,4.128831722532048e-16,3.944304526105059e-31,3.944304526105059e-31
state,1008,1002.2696253560504,1002.2696253560504,0,0
state,1009,2.6034405119163045e-17,2.603440511916306e-17,1.5407439555097887e-32,1.5407439555097887e-32
state,1010,9.50969264359732e-17,9.5096926435973299e-17,9.8607613152626476e-32,9.8607613152626476e-32
state,1011,2.538792345848614e-17,2.5387923458486168e-17,2.7733391199176196e-32,2.7733391199176196e-32
state,1012,9.3321415710672054e-17,9.3321415710672104e-17,4.9303806576313238e-32,4.9303806576313238e-32
state,1013,2.4822346792714956e-17,2.4822346792714959e-17,3.0814879110195774e-33,3.0814879110195774e-33
state,1014,1002.2696253560504,1002.2696253560504,0,0
state,1015,1.4217431258643266e-18,1.4217431258643266e-18,0,0
state,1016,4.8995758827511498e-18,4.8995758827511536e-18,3.8518598887744717e-33,3.8518598887744717e-33
state,1017,1.3887251952072696e-18,1.3887251952072698e-18,1.9259299443872359e-34,1.9259299443872359e-34
state,1018,4.8144840683741016e-18,4.8144840683741016e-18,0,0
state,1019,1.3598119721043049e-18,1.3598119721043036e-18,1.3481509610710651e-33,1.3481509610710651e-33
state,1020,1002.2696253560504,1002.2696253560504,0,0
state,1021,7.1362744444812227e-20,7.1362744444812131e-20,9.6296497219361793e-35,9.6296497219361793e-35
state,1022,2.3352096358872044e-19,2.3352096358872044e-19,0,0
state,1023,6.9802976852886274e-20,6.9802976852886238e-20,3.6111186457260672e-35,3.6111186457260672e-35
state,1024,2.2972145284282388e-19,2.2972145284282369e-19,1.9259299443872359e-34,1.9259299443872359e-34
state,1025,6.843612303685084e-20,6.8436123036850719e-20,1.2037062152420224e-34,1.2037062152420224e-34
state,1026,1002.2696253560504,1002.2696253560504,0,0
state,1027,3.3154238822605727e-21,3.315423882260575e-21,2.256949153578792e-36,2.256949153578792e-36
state,1028,1.0354392655173752e-20,1.0354392655173767e-20,1.504632769052528e-35,1.504632769052528e-35
state,1029,3.2469065022224972e-21,3.2469065022225014e-21,4.137740114894452e-36,4.137740114894452e-36
state,1030,1.0195669621066208e-20,1.0195669621066214e-20,6.018531076210112e-36,6.018531076210112e-36
state,1031,3.1868297276865138e-21,3.1868297276865138e-21,0,0
state,1032,1002.2696253560504,1002.2696253560504,0,0
state,1033,1.4344266549229849e-22,1.4344266549229879e-22,3.0562853121379475e-37,3.0562853121379475e-37
state,1034,4.2930899346965543e-22,4.2930899346965675e-22,1.316553672920962e-36,1.316553672920962e-36
state,1035,1.4063000051014059e-22,1.4063000051014097e-22,3.76158192263132e-37,3.76158192263132e-37
state,1036,4.2308143821401937e-22,4.2308143821402031e-22,9.4039548065783001e-37,9.4039548065783001e-37
state,1037,1.381627525135025e-22,1.3816275251350265e-22,1.410593220986745e-37,1.410593220986745e-37
state,1038,1002.2696253560504,1002.2696253560504,0,0
state,1039,5.8103675865290754e-24,5.8103675865290805e-24,5.1427877848475078e-39,5.1427877848475078e-39
state,1040,1.6720451663726997e-23,1.6720451663727026e-23,2.9387358770557188e-38,2.9387358770557188e-38
state,1041,5.7019809957257942e-24,5.7019809957258052e-24,1.1020259538958945e-38,1.1020259538958945e-38
state,1042,1.6490124695917963e-23,1.6490124695917989e-23,2.6448622893501469e-38,2.6448622893501469e-38
state,1043,5.6068730625579947e-24,5.6068730625579947e-24,0,0
state,1044,1002.2696253560504,1002.2696253560504,0,0
state,1045,2.2137731555301264e-25,2.2137731555301273e-25,9.1835496157991212e-41,9.1835496157991212e-41
state,1046,6.1423237166401315e-25,6.1423237166401379e-25,6.4284847310593848e-40,6.4284847310593848e-40
state,1047,2.1744040342528331e-25,2.1744040342528359e-25,2.7550648847397363e-40,2.7550648847397363e-40
state,1048,6.0617499667474101e-25,6.0617499667474147e-25,4.5917748078995606e-40,4.5917748078995606e-40
state,1049,2.1398491441253568e-25,2.1398491441253554e-25,1.3775324423698682e-40,1.3775324423698682e-40
state,1050,1002.2696253560504,1002.2696253560504,0,0
state,1051,7.9658124340342541e-27,7.9658124340342512e-27,2.8698592549372254e-42,2.8698592549372254e-42
state,1052,2.1360209815246275e-26,2.1360209815246278e-26,2.8698592549372254e-42,2.8698592549372254e-42
state,1053,7.8305220280061961e-27,7.8305220280061976e-27,1.4349296274686127e-42,1.4349296274686127e-42
state,1054,2.1092771802198944e-26,2.1092771802198935e-26,8.6095777648116761e-42,8.6095777648116761e-42
state,1055,7.7117522327132572e-27,7.7117522327132415e-27,1.5784225902154739e-41,1.5784225902154739e-41
state,1056,1002.2696253560504,1002.2696253560504,0,0
state,1057,2.7166826337523959e-28,2.7166826337523914e-28,4.4841550858394146e-43,4.4841550858394146e-43
state,1058,7.0546454737726887e-28,7.0546454737726824e-28,6.2778171201751805e-43,6.2778171201751805e-43
state,1059,2.6725504097332866e-28,2.6725504097332857e-28,8.9683101716788293e-44,8.9683101716788293e-44
state,1060,6.970179469024462e-28,6.9701794690244513e-28,1.0761972206014595e-42,1.0761972206014595e-42
state,1061,2.6338016885645856e-28,2.6338016885645793e-28,6.2778171201751805e-43,6.2778171201751805e-43
state,1062,1002.2696253560504,1002.2696253560504,0,0
state,1063,8.8088031778793911e-30,8.8088031778794107e-30,1.9618178500547439e-44,1.9618178500547439e-44
state,1064,2.2192030151925129e-29,2.2192030151925193e-29,6.4459729358941585e-44,6.4459729358941585e-44
state,1065,8.671740235334393e-30,8.6717402353344182e-30,2.5223372357846707e-44,2.5223372357846707e-44
state,1066,2.1937515914839251e-29,2.1937515914839293e-29,4.2038953929744512e-44,4.2038953929744512e-44
state,1067,8.5513849720123445e-30,8.5513849720123557e-30,1.1210387714598537e-44,1.1210387714598537e-44
state,1068,1002.2696253560504,1002.2696253560504,0,0
state,1069,2.7230876458471044e-31,2.7230876458471075e-31,3.0653403907105373e-46,3.0653403907105373e-46
state,1070,6.6663927237490379e-31,6.6663927237490502e-31,1.2261361562842149e-45,1.2261361562842149e-45
state,1071,2.6824505084748961e-31,2.6824505084749018e-31,5.6927750113195694e-46,5.6927750113195694e-46
state,1072,6.5930503483613566e-31,6.5930503483613654e-31,8.7581154020301067e-46,8.7581154020301067e-46
state,1073,2.646764717575464e-31,2.6467647175754649e-31,8.7581154020301067e-47,8.7581154020301067e-47
state,1074,1002.2696253560504,1002.2696253560504,0,0
state,1075,8.0451537673334437e-33,8.0451537673334437e-33,0,0
state,1076,1.9167158540571008e-32,1.9167158540571025e-32,1.642146637880645e-47,1.642146637880645e-47
state,1077,7.9298595083924469e-33,7.9298595083924551e-33,8.210733189403225e-48,8.210733189403225e-48
state,1078,1.8964596419262736e-32,1.896459641926275e-32,1.3684555315672042e-47,1.3684555315672042e-47
state,1079,7.8286099792995005e-33,7.8286099792994964e-33,4.1053665947016125e-48,4.1053665947016125e-48
state,1080,1002.2696253560504,1002.2696253560504,0,0
state,1081,2.2765660374029084e-34,2.2765660374029072e-34,1.2829270608442539e-49,1.2829270608442539e-49
state,1082,5.2856032878971775e-34,5.2856032878971784e-34,8.5528470722950261e-50,8.5528470722950261e-50
state,1083,2.2451964410578076e-34,2.2451964410578067e-34,8.5528470722950261e-50,8.5528470722950261e-50
state,1084,5.231877481830845e-34,5.2318774818308433e-34,1.7105694144590052e-49,1.7105694144590052e-49
state,1085,2.2176481210975801e-34,2.2176481210975771e-34,2.9934964753032591e-49,2.9934964753032591e-49
state,1086,1002.2696253560504,1002.2696253560504,0,0
state,1087,6.1822341324436153e-36,6.1822341324436059e-36,9.3546764853226848e-51,9.3546764853226848e-51
state,1088,1.4005796244357855e-35,1.4005796244357841e-35,1.3363823550460978e-50,1.3363823550460978e-50
state,1089,6.1002241473133824e-36,6.1002241473133744e-36,8.0182941302765869e-51,8.0182941302765869e-51
state,1090,1.3868704573142812e-35,1.3868704573142801e-35,1.0691058840368783e-50,1.0691058840368783e-50
state,1091,6.0282058152489907e-36,6.0282058152489746e-36,1.6036588260553174e-50,1.6036588260553174e-50
state,1092,1002.2696253560504,1002.2696253560504,0,0
state,1093,1.6139553185035361e-37,1.613955318503539e-37,2.923336401663339e-52,2.923336401663339e-52
state,1094,3.5721124068266968e-37,3.5721124068267068e-37,1.0022867662845734e-51,1.0022867662845734e-51
state,1095,1.5933187734353678e-37,1.5933187734353718e-37,3.9673851165431029e-52,3.9673851165431029e-52
state,1096,3.5384028575115582e-37,3.5384028575115674e-37,9.1876286909419225e-52,9.1876286909419225e-52
state,1097,1.5751972773358582e-37,1.5751972773358603e-37,2.0880974297595278e-52,2.0880974297595278e-52
state,1098,1002.2696253560504,1002.2696253560504,0,0
state,1099,4.0570249412915742e-39,4.0570249412915794e-39,5.2202435743988196e-54,5.2202435743988196e-54
state,1100,8.7822495924434585e-39,8.7822495924434716e-39,1.3050608935997049e-53,1.3050608935997049e-53
state,1101,4.0069636697103874e-39,4.0069636697103939e-39,6.5253044679985245e-54,6.5253044679985245e-54
state,1102,8.7022561522970849e-39,8.7022561522971045e-39,1.9575913403995574e-53,1.9575913403995574e-53
state,1103,3.9630063283174325e-39,3.9630063283174357e-39,3.2626522339992623e-54,3.2626522339992623e-54
state,1104,1002.2696253560504,1002.2696253560504,0,0
state,1105,9.8337952750028199e-41,9.833795275002824e-41,4.0783152924990778e-56,4.0783152924990778e-56
state,1106,2.084249431990474e-40,2.0842494319904757e-40,1.6313261169996311e-55,1.6313261169996311e-55
state,1107,9.716554397326315e-41,9.7165543973263232e-41,8.1566305849981557e-56,8.1566305849981557e-56
state,1108,2.0659050350644595e-40,2.0659050350644623e-40,2.8548207047493545e-55,2.8548207047493545e-55
state,1109,9.6136168420403311e-41,9.6136168420403311e-41,0,0
state,1110,1002.2696253560504,1002.2696253560504,0,0
state,1111,2.3014721816647063e-42,2.3014721816647056e-42,6.3723676445298091e-58,6.3723676445298091e-58
state,1112,4.7808510485637749e-42,4.7808510485637737e-42,1.2744735289059618e-57,1.2744735289059618e-57
state,1113,2.2749304101123711e-42,2.2749304101123714e-42,3.1861838222649046e-58,3.1861838222649046e-58
state,1114,4.7401470732141684e-42,4.7401470732141709e-42,2.5489470578119236e-57,2.5489470578119236e-57
state,1115,2.2516289241341443e-42,2.2516289241341433e-42,9.5585514667947137e-58,9.5585514667947137e-58
state,1116,1002.2696253560504,1002.2696253560504,0,0
state,1117,5.2070159320214219e-44,5.2070159320214169e-44,4.9784122222889134e-59,4.9784122222889134e-59
state,1118,1.0611476585538176e-43,1.0611476585538166e-43,9.9568244445778267e-59,9.9568244445778267e-59
state,1119,5.1488636578306015e-44,5.1488636578305975e-44,3.9827297778311307e-59,3.9827297778311307e-59
state,1120,1.0523989159894606e-43,1.0523989159894604e-43,1.9913648889155653e-59,1.9913648889155653e-59
state,1121,5.097816234883492e-44,5.097816234883484e-44,7.9654595556622614e-59,7.9654595556622614e-59
state,1122,1002.2696253560504,1002.2696253560504,0,0
state,1123,1.140139486143457e-45,1.1401394861434549e-45,2.1780553472513996e-60,2.1780553472513996e-60
state,1124,2.2815282269243262e-45,2.2815282269243222e-45,4.0449599306097421e-60,4.0449599306097421e-60
state,1125,1.1277953988460254e-45,1.1277953988460239e-45,1.5557538194652854e-60,1.5557538194652854e-60
state,1126,2.2632942813117606e-45,2.2632942813117572e-45,3.4226584028236279e-60,3.4226584028236279e-60
state,1127,1.1169607529356732e-45,1.1169607529356704e-45,2.8003568750375138e-60,2.8003568750375138e-60
state,1128,1002.2696253560504,1002.2696253560504,0,0
state,1129,2.4186055488739417e-47,2.4186055488739354e-47,6.320249891577722e-62,6.320249891577722e-62
state,1130,4.7564763681444311e-47,4.7564763681444165e-47,1.4585192057487051e-61,1.4585192057487051e-61
state,1131,2.3931935395509173e-47,2.3931935395509129e-47,4.3755576172461153e-62,4.3755576172461153e-62
state,1132,4.7195907493946372e-47,4.7195907493946256e-47,1.1668153645989641e-61,1.1668153645989641e-61
state,1133,2.37089177517144e-47,2.3708917751714327e-47,7.2925960287435254e-62,7.2925960287435254e-62
state,1134,1002.2696253560504,1002.2696253560504,0,0
state,1135,4.9754357749661917e-49,4.9754357749661978e-49,6.0771633572862712e-64,6.0771633572862712e-64
state,1136,9.623968887013268e-49,9.6239688870132756e-49,7.596454196607839e-64,7.596454196607839e-64
state,1137,4.924654164747143e-49,4.9246541647471498e-49,6.8368087769470551e-64,6.8368087769470551e-64
state,1138,9.5514821268735455e-49,9.5514821268735576e-49,1.2154326714572542e-63,1.2154326714572542e-63
state,1139,4.8800939167267682e-49,4.880093916726772e-49,3.7982270983039195e-64,3.7982270983039195e-64
state,1140,1002.2696253560504,1002.2696253560504,0,0
state,1141,9.9345853873182611e-51,9.9345853873182658e-51,4.7477838728798994e-66,4.7477838728798994e-66
state,1142,1.8914971404901164e-50,1.8914971404901157e-50,7.1216758093198491e-66,7.1216758093198491e-66
state,1143,9.8359954586467243e-51,9.8359954586467303e-51,5.9347298410998742e-66,5.9347298410998742e-66
state,1144,1.8776474013055476e-50,1.8776474013055488e-50,1.1869459682199748e-65,1.1869459682199748e-65
state,1145,9.749496367356493e-51,9.7494963673564918e-51,1.1869459682199748e-66,1.1869459682199748e-66
state,1146,1002.2696253560504,1002.2696253560504,0,0
state,1147,1.9270361416224037e-52,1.9270361416224126e-52,8.9020947616498113e-67,8.9020947616498113e-67
state,1148,3.6140098004843188e-52,3.61400980048433e-52,1.1127618452062264e-66,1.1127618452062264e-66
state,1149,1.9084254132129168e-52,1.9084254132129254e-52,8.5311741465810692e-67,8.5311741465810692e-67
state,1150,3.5882621621826017e-52,3.5882621621826172e-52,1.557866583288717e-66,1.557866583288717e-66
state,1151,1.8920994948145446e-52,1.892099494814552e-52,7.4184123013748428e-67,7.4184123013748428e-67
state,1152,1002.2696253560504,1002.2696253560504,0,0
state,1153,3.634112183246809e-54,3.6341121832468218e-54,1.2750396142988011e-68,1.2750396142988011e-68
state,1154,6.7178991820838013e-54,6.7178991820838198e-54,1.8546030753437107e-68,1.8546030753437107e-68
state,1155,3.5999281824012538e-54,3.5999281824012666e-54,1.2750396142988011e-68,1.2750396142988011e-68
state,1156,6.6712916588717285e-54,6.671291658871754e-54,2.5500792285976022e-68,2.5500792285976022e-68
state,1157,3.5699455203396834e-54,3.5699455203396932e-54,9.8525788377634631e-69,9.8525788377634631e-69
state,1158,1002.2696253560504,1002.2696253560504,0,0
state,1159,6.6680992493682534e-56,6.6680992493682715e-56,1.8111358157653425e-70,1.8111358157653425e-70
state,1160,1.2157589238664709e-55,1.215758923866473e-55,2.173362978918411e-70,2.173362978918411e-70
state,1161,6.6069606603425831e-56,6.6069606603425994e-56,1.6300222341888082e-70,1.6300222341888082e-70
state,1162,1.2075386153330685e-55,1.2075386153330716e-55,3.0789308868010822e-70,3.0789308868010822e-70
state,1163,6.5533447236769509e-56,6.5533447236769636e-56,1.2677950710357397e-70,1.2677950710357397e-70
state,1164,1002.2696253560504,1002.2696253560504,0,0
state,1165,1.1912688312100246e-57,1.1912688312100266e-57,1.9809297984933433e-72,1.9809297984933433e-72
state,1166,2.1434993417245171e-57,2.1434993417245193e-57,2.2639197697066781e-72,2.2639197697066781e-72
state,1167,1.1806144636389313e-57,1.180614463638933e-57,1.6979398272800086e-72,1.6979398272800086e-72
state,1168,2.1293639732675312e-57,2.1293639732675351e-57,3.9618595969866867e-72,3.9618595969866867e-72
state,1169,1.1712725513402113e-57,1.1712725513402127e-57,1.4149498560666738e-72,1.4149498560666738e-72
state,1170,1002.2696253560504,1002.2696253560504,0,0
state,1171,2.0735458469600828e-59,2.073545846960085e-59,2.2108591501041778e-74,2.2108591501041778e-74
state,1172,3.684152078803305e-59,3.684152078803305e-59,0,0
state,1173,2.0554436767011115e-59,2.0554436767011124e-59,8.8434366004167113e-75,8.8434366004167113e-75
state,1174,3.6604399191689528e-59,3.6604399191689563e-59,3.5373746401666845e-74,3.5373746401666845e-74
state,1175,2.0395740365750867e-59,2.0395740365750876e-59,8.8434366004167113e-75,8.8434366004167113e-75
state,1176,1002.2696253560504,1002.2696253560504,0,0
state,1177,3.5187672276381875e-61,3.5187672276381889e-61,1.3817869688151111e-76,1.3817869688151111e-76
state,1178,6.1766375941261613e-61,6.1766375941261551e-61,6.2180413596680001e-76,6.2180413596680001e-76
state,1179,3.4887630988215834e-61,3.4887630988215834e-61,0,0
state,1180,6.1378114551548054e-61,6.1378114551548061e-61,6.9089348440755557e-77,6.9089348440755557e-77
state,1181,3.4624637678195787e-61,3.4624637678195766e-61,2.0726804532226667e-76,2.0726804532226667e-76
state,1182,1002.2696253560504,1002.2696253560504,0,0
state,1183,5.8250987592709159e-63,5.8250987592709127e-63,3.2385632081604167e-78,3.2385632081604167e-78
state,1184,1.010685348168057e-62,1.0106853481680553e-62,1.7272337110188889e-77,1.7272337110188889e-77
state,1185,5.7765562150648956e-63,5.7765562150648913e-63,4.3180842775472223e-78,4.3180842775472223e-78
state,1186,1.0044766863804343e-62,1.0044766863804337e-62,6.4771264163208335e-78,6.4771264163208335e-78
state,1187,5.734014736613203e-63,5.7340147366131922e-63,1.0795210693868056e-77,1.0795210693868056e-77
state,1188,1002.2696253560504,1002.2696253560504,0,0
state,1189,9.4124287671875368e-65,9.4124287671875216e-65,1.5180765038251953e-79,1.5180765038251953e-79
state,1190,1.6149751540459348e-64,1.6149751540459301e-64,4.7229046785672744e-79,4.7229046785672744e-79
state,1191,9.3357302347925613e-65,9.3357302347925427e-65,1.8554268380085721e-79,1.8554268380085721e-79
state,1192,1.6052742402499353e-64,1.6052742402499333e-64,2.0241020051002605e-79,2.0241020051002605e-79
state,1193,9.2685250550411495e-65,9.2685250550411292e-65,2.0241020051002605e-79,2.0241020051002605e-79
state,1194,1002.2696253560504,1002.2696253560504,0,0
state,1195,1.4853317310882305e-66,1.4853317310882271e-66,3.42621433154992e-81,3.42621433154992e-81
state,1196,2.5213157220593966e-66,2.5213157220593886e-66,7.9066484574228924e-81,7.9066484574228924e-81
state,1197,1.4734905359586108e-66,1.4734905359586071e-66,3.6897692801306831e-81,3.6897692801306831e-81
state,1198,2.5064981242540361e-66,2.5064981242540297e-66,6.3253187659383139e-81,6.3253187659383139e-81
state,1199,1.4631167732968871e-66,1.4631167732968828e-66,4.2168791772922093e-81,4.2168791772922093e-81
state,1200,1002.2696253560504,1002.2696253560504,0,0
state,1201,2.2903137035498457e-68,2.2903137035498383e-68,7.4124829288339616e-83,7.4124829288339616e-83
state,1202,3.8478234818909099e-68,3.8478234818908942e-68,1.5648575071982808e-82,1.5648575071982808e-82
state,1203,2.2724422917253107e-68,2.2724422917253029e-68,7.824287535991404e-83,7.824287535991404e-83
state,1204,3.8256877690619327e-68,3.8256877690619195e-68,1.3177747429038154e-82,1.3177747429038154e-82
state,1205,2.2567883302770208e-68,2.2567883302770113e-68,9.4715059646211732e-83,9.4715059646211732e-83
state,1206,1002.2696253560504,1002.2696253560504,0,0
state,1207,3.4524874439221863e-70,3.4524874439222036e-70,1.7373006864454598e-84,1.7373006864454598e-84
state,1208,5.742947008459938e-70,5.7429470084599618e-70,2.3807453851289634e-84,2.3807453851289634e-84
state,1209,3.4261072160564112e-70,3.426107216056428e-70,1.6729562165771094e-84,1.6729562165771094e-84
state,1210,5.7105913002354449e-70,5.7105913002354706e-70,2.5737787947340145e-84,2.5737787947340145e-84
state,1211,3.4030042242884058e-70,3.4030042242884206e-70,1.4799228069720583e-84,1.4799228069720583e-84
state,1212,1002.2696253560504,1002.2696253560504,0,0
state,1213,5.0902705063361521e-72,5.0902705063361732e-72,2.1113029175552462e-86,2.1113029175552462e-86
state,1214,8.3865304847620318e-72,8.3865304847620629e-72,3.1166852592482206e-86,3.1166852592482206e-86
state,1215,5.0521685422881082e-72,5.0521685422881293e-72,2.1113029175552462e-86,2.1113029175552462e-86
state,1216,8.3402356145054931e-72,8.3402356145055232e-72,3.0161470250789232e-86,3.0161470250789232e-86
state,1217,5.0188058512060995e-72,5.0188058512061166e-72,1.7091499808780565e-86,1.7091499808780565e-86
state,1218,1002.2696253560504,1002.2696253560504,0,0
state,1219,7.343751359867446e-74,7.3437513598674727e-74,2.6705468451219632e-88,2.6705468451219632e-88
state,1220,1.1987958172382418e-73,1.1987958172382452e-73,3.4560017995695995e-88,3.4560017995695995e-88
state,1221,7.2898809919770753e-74,7.2898809919770973e-74,2.1992738724533815e-88,2.1992738724533815e-88
state,1222,1.1923092553548539e-73,1.192309255354857e-73,3.141819817790545e-88,3.141819817790545e-88
state,1223,7.2427195029899242e-74,7.242719502989943e-74,1.885091890674327e-88,1.885091890674327e-88
state,1224,701.58873774923518,701.58873774923518,0,0
state,1225,60.125925510060171,60.125925510060171,0,0
state,1226,60.12044313406281,60.12044313406281,0,0
state,1227,60.113192101299823,60.113192101299823,0,0
state,1228,60.103907081271799,60.103907081271799,0,0
state,1229,60.092322566651845,60.092322566651845,0,0
state,1230,1002.2696253560504,1002.2696253560504,0,0
state,1231,0.00048449123691833075,0.00048449123691833075,0,0
state,1232,0.00056335186555135197,0.00056335186555135218,2.1684043449710089e-19,2.1684043449710089e-19
state,1233,0.00046786415639423189,0.00046786415639423189,0,0
state,1234,0.00055554171403414301,0.00055554171403414301,0,0
state,1235,0.00045202063371974484,0.00045202063371974484,0,0
state,1236,1002.2696253560504,1002.2696253560504,0,0
state,1237,3.4990080233710913e-05,3.4990080233710913e-05,0,0
state,1238,5.7458735637591679e-05,5.7458735637591645e-05,3.3881317890172014e-20,3.3881317890172014e-20
state,1239,3.2488316324495038e-05,3.2488316324495038e-05,0,0
state,1240,5.4780412333737291e-05,5.4780412333737291e-05,0,0
state,1241,3.0337145744716213e-05,3.0337145744716207e-05,6.7762635780344027e-21,6.7762635780344027e-21
state,1242,1002.2696253560504,1002.2696253560504,0,0
state,1243,9.6784159714842906e-07,9.6784159714842949e-07,4.2351647362715017e-22,4.2351647362715017e-22
state,1244,2.2524362076884023e-06,2.2524362076884023e-06,0,0
state,1245,8.9484344969555524e-07,8.9484344969555588e-07,6.3527471044072525e-22,6.3527471044072525e-22
state,1246,2.1353738677492664e-06,2.1353738677492677e-06,1.2705494208814505e-21,1.2705494208814505e-21
state,1247,8.3280333335436334e-07,8.3280333335436334e-07,0,0
state,1248,1002.2696253560504,1002.2696253560504,0,0
state,1249,2.3144497808748496e-08,2.3144497808748509e-08,1.3234889800848443e-23,1.3234889800848443e-23
state,1250,7.4763045699394638e-08,7.4763045699394599e-08,3.9704669402545328e-23,3.9704669402545328e-23
state,1251,2.1449969404624095e-08,2.1449969404624095e-08,0,0
state,1252,7.1010346430215905e-08,7.1010346430215733e-08,1.7205356741102976e-22,1.7205356741102976e-22
state,1253,2.0008261602967818e-08,2.0008261602967835e-08,1.6543612251060553e-23,1.6543612251060553e-23
state,1254,1002.2696253560504,1002.2696253560504,0,0
state,1255,5.4867505939414731e-10,5.4867505939414565e-10,1.6543612251060553e-24,1.6543612251060553e-24
state,1256,2.4454050365194816e-09,2.4454050365194824e-09,8.2718061255302767e-25,8.2718061255302767e-25
state,1257,5.0982914330461703e-10,5.0982914330461827e-10,1.2407709188295415e-24,1.2407709188295415e-24
state,1258,2.3276392498725375e-09,2.3276392498725333e-09,4.1359030627651384e-24,4.1359030627651384e-24
state,1259,4.7672894637754091e-10,4.7672894637753988e-10,1.0339757656912846e-24,1.0339757656912846e-24
state,1260,1002.2696253560504,1002.2696253560504,0,0
state,1261,1.2980674243557827e-11,1.2980674243557819e-11,8.0779356694631609e-27,8.0779356694631609e-27
state,1262,7.9243914770972294e-11,7.9243914770972359e-11,6.4623485355705287e-26,6.4623485355705287e-26
state,1263,1.2094383979712487e-11,1.2094383979712503e-11,1.6155871338926322e-26,1.6155871338926322e-26
state,1264,7.5590624736514178e-11,7.5590624736514075e-11,1.0339757656912846e-25,1.0339757656912846e-25
state,1265,1.1338038532276235e-11,1.1338038532276224e-11,1.1309109937248425e-26,1.1309109937248425e-26
state,1266,1002.2696253560504,1002.2696253560504,0,0
state,1267,3.5347069566544314e-13,3.5347069566544279e-13,3.5340968553901329e-28,3.5340968553901329e-28
state,1268,2.6861547129121416e-12,2.6861547129121416e-12,0,0
state,1269,3.3228303512701694e-13,3.3228303512701699e-13,5.0487097934144756e-29,5.0487097934144756e-29
state,1270,2.5720233497610059e-12,2.572023349761001e-12,4.8467614016778965e-27,4.8467614016778965e-27
state,1271,3.1414969863173488e-13,3.1414969863173442e-13,4.543838814073028e-28,4.543838814073028e-28
state,1272,1002.2696253560504,1002.2696253560504,0,0
state,1273,4.272784942858139e-14,4.2727849428581352e-14,3.7865323450608567e-29,3.7865323450608567e-29
state,1274,2.7991140299542877e-13,2.7991140299542862e-13,1.5146129380243427e-28,1.5146129380243427e-28
state,1275,4.06353486399603e-14,4.0635348639960326e-14,2.5243548967072378e-29,2.5243548967072378e-29
state,1276,2.6981129609677398e-13,2.6981129609677378e-13,2.0194839173657902e-28,2.0194839173657902e-28
state,1277,3.8833282417125633e-14,3.8833282417125652e-14,1.8932661725304283e-29,1.8932661725304283e-29
state,1278,1002.2696253560504,1002.2696253560504,0,0
state,1279,4.6433473843225859e-15,4.6433473843225827e-15,3.1554436208840472e-30,3.1554436208840472e-30
state,1280,2.6473669352771341e-14,2.6473669352771332e-14,9.4663308626521417e-30,9.4663308626521417e-30
state,1281,4.4502843527099788e-15,4.450284352709982e-15,3.1554436208840472e-30,3.1554436208840472e-30
state,1282,2.5645432354807161e-14,2.5645432354807155e-14,6.3108872417680944e-30,6.3108872417680944e-30
state,1283,4.2832683905700421e-15,4.2832683905700461e-15,3.944304526105059e-30,3.944304526105059e-30
state,1284,1002.2696253560504,1002.2696253560504,0,0
state,1285,4.3546095223470746e-16,4.3546095223470732e-16,1.4791141972893971e-31,1.4791141972893971e-31
state,1286,2.2018823786740816e-15,2.2018823786740808e-15,7.8886090522101181e-31,7.8886090522101181e-31
state,1287,4.197524050311698e-16,4.1975240503116994e-16,1.4791141972893971e-31,1.4791141972893971e-31
state,1288,2.1414711652420184e-15,2.1414711652420169e-15,1.5777218104420236e-30,1.5777218104420236e-30
state,1289,4.0611409479827092e-16,4.0611409479827117e-16,2.4651903288156619e-31,2.4651903288156619e-31
state,1290,1002.2696253560504,1002.2696253560504,0,0
state,1291,3.5851618688513942e-17,3.5851618688513898e-17,4.3140830754274083e-32,4.3140830754274083e-32
state,1292,1.6358412635884876e-16,1.6358412635884857e-16,1.9721522630525295e-31,1.9721522630525295e-31
state,1293,3.4704079472956767e-17,3.4704079472956773e-17,6.1629758220391547e-33,6.1629758220391547e-33
state,1294,1.5959269225944192e-16,1.5959269225944188e-16,4.9303806576313238e-32,4.9303806576313238e-32
state,1295,3.3704994939990154e-17,3.3704994939990154e-17,0,0
state,1296,1002.2696253560504,1002.2696253560504,0,0
state,1297,2.6204868599365228e-18,2.6204868599365243e-18,1.5407439555097887e-33,1.5407439555097887e-33
state,1298,1.0954160721837772e-17,1.0954160721837784e-17,1.2325951644078309e-32,1.2325951644078309e-32
state,1299,2.5446207732712521e-18,2.5446207732712567e-18,4.622231866529366e-33,4.622231866529366e-33
state,1300,1.0713096747484414e-17,1.0713096747484424e-17,1.0785207688568521e-32,1.0785207688568521e-32
state,1301,2.4784295351367222e-18,2.4784295351367249e-18,2.6963019221421302e-33,2.6963019221421302e-33
state,1302,1002.2696253560504,1002.2696253560504,0,0
state,1303,1.7177787385631632e-19,1.7177787385631632e-19,0,0
state,1304,6.661153097661332e-19,6.6611530976613359e-19,3.8518598887744717e-34,3.8518598887744717e-34
state,1305,1.6721181848477899e-19,1.6721181848477903e-19,4.8148248609680896e-35,4.8148248609680896e-35
state,1306,6.527265433912357e-19,6.5272654339123628e-19,5.7777898331617076e-34,5.7777898331617076e-34
state,1307,1.6322168549576348e-19,1.6322168549576351e-19,2.4074124304840448e-35,2.4074124304840448e-35
state,1308,1002.2696253560504,1002.2696253560504,0,0
state,1309,1.0194506974393985e-20,1.0194506974393975e-20,1.0532429383367696e-35,1.0532429383367696e-35
state,1310,3.7039280454649619e-20,3.70392804546496e-20,1.8055593228630336e-35,1.8055593228630336e-35
state,1311,9.9429054562840558e-21,9.9429054562840528e-21,3.009265538105056e-36,3.009265538105056e-36
state,1312,3.6352043022502697e-20,3.6352043022502685e-20,1.2037062152420224e-35,1.2037062152420224e-35
state,1313,9.7227726089329645e-21,9.7227726089329554e-21,9.0277966143151681e-36,9.0277966143151681e-36
state,1314,1002.2696253560504,1002.2696253560504,0,0
state,1315,5.5247675078452416e-22,5.5247675078452426e-22,9.4039548065783001e-38,9.4039548065783001e-38
state,1316,1.8955730243349014e-21,1.8955730243349036e-21,2.256949153578792e-36,2.256949153578792e-36
state,1317,5.3971200328827485e-22,5.3971200328827551e-22,6.58276836460481e-37,6.58276836460481e-37
state,1318,1.8628243442008168e-21,1.8628243442008183e-21,1.504632769052528e-36,1.504632769052528e-36
state,1319,5.285334726155501e-22,5.2853347261555029e-22,1.88079096131566e-37,1.88079096131566e-37
state,1320,1002.2696253560504,1002.2696253560504,0,0
state,1321,2.7551375136730467e-23,2.7551375136730467e-23,0,0
state,1322,8.9824508379353338e-23,8.9824508379353408e-23,7.052966104933725e-38,7.052966104933725e-38
state,1323,2.6951839064523857e-23,2.6951839064523863e-23,5.8774717541114375e-39,5.8774717541114375e-39
state,1324,8.8369545495560715e-23,8.8369545495560715e-23,0,0
state,1325,2.6426431775337364e-23,2.642643177533734e-23,2.350988701644575e-38,2.350988701644575e-38
state,1326,1002.2696253560504,1002.2696253560504,0,0
state,1327,1.272896154846197e-24,1.2728961548461959e-24,1.1020259538958945e-39,1.1020259538958945e-39
state,1328,3.9628804045035727e-24,3.9628804045035734e-24,7.3468396926392969e-40,7.3468396926392969e-40
state,1329,1.2466917712331644e-24,1.2466917712331642e-24,1.8367099231598242e-40,1.8367099231598242e-40
state,1330,3.9023692029813693e-24,3.9023692029813686e-24,7.3468396926392969e-40,7.3468396926392969e-40
state,1331,1.223714772102736e-24,1.2237147721027336e-24,2.3877229001077715e-39,2.3877229001077715e-39
state,1332,1002.2696253560504,1002.2696253560504,0,0
state,1333,5.4807449085083737e-26,5.4807449085083783e-26,4.5917748078995606e-41,4.5917748078995606e-41
state,1334,1.6358633177769309e-25,1.6358633177769334e-25,2.5254761443447583e-40,2.5254761443447583e-40
state,1335,5.3736470558804111e-26,5.3736470558804179e-26,6.8876622118493409e-41,6.8876622118493409e-41
state,1336,1.6122148905424462e-25,1.6122148905424471e-25,9.1835496157991212e-41,9.1835496157991212e-41
state,1337,5.2796995199707202e-26,5.2796995199707202e-26,0,0
state,1338,1002.2696253560504,1002.2696253560504,0,0
state,1339,2.2107352454129651e-27,2.2107352454129701e-27,5.0222536961401444e-42,5.0222536961401444e-42
state,1340,6.3466266143835747e-27,6.3466266143835955e-27,2.0806479598294884e-41,2.0806479598294884e-41
state,1341,2.169624467369416e-27,2.1696244673694221e-27,6.0984509167416039e-42,6.0984509167416039e-42
state,1342,6.2594691094891799e-27,6.2594691094891942e-27,1.4349296274686127e-41,1.4349296274686127e-41
state,1343,2.1335496600988654e-27,2.1335496600988679e-27,2.5111268480700722e-42,2.5111268480700722e-42
state,1344,1002.2696253560504,1002.2696253560504,0,0
state,1345,8.3918050483139819e-29,8.3918050483139931e-29,1.1210387714598537e-43,1.1210387714598537e-43
state,1346,2.3234616950643959e-28,2.3234616950643999e-28,4.0357395772554732e-43,4.0357395772554732e-43
state,1347,8.2429906999724895e-29,8.2429906999725029e-29,1.3452465257518244e-43,1.3452465257518244e-43
state,1348,2.2930676058356539e-28,2.2930676058356575e-28,3.5873240686715317e-43,3.5873240686715317e-43
state,1349,8.1123724943290654e-29,8.1123724943290665e-29,1.1210387714598537e-44,1.1210387714598537e-44
state,1350,1002.2696253560504,1002.2696253560504,0,0
state,1351,3.0096884984601735e-30,3.0096884984601738e-30,3.5032461608120427e-46,3.5032461608120427e-46
state,1352,8.0551930794921579e-30,8.0551930794921649e-30,7.0064923216240854e-45,7.0064923216240854e-45
state,1353,2.9587053392869314e-30,2.9587053392869345e-30,3.1529215447308384e-45,3.1529215447308384e-45
state,1354,7.9545944226362031e-30,7.9545944226362073e-30,4.2038953929744512e-45,4.2038953929744512e-45
state,1355,2.9139474793651395e-30,2.9139474793651371e-30,2.4522723125684299e-45,2.4522723125684299e-45
state,1356,1002.2696253560504,1002.2696253560504,0,0
state,1357,1.0234111838408191e-31,1.0234111838408187e-31,4.3790577010150533e-47,4.3790577010150533e-47
state,1358,2.6530684037622835e-31,2.6530684037622844e-31,8.7581154020301067e-47,8.7581154020301067e-47
state,1359,1.0068258831423589e-31,1.0068258831423587e-31,2.1895288505075267e-47,2.1895288505075267e-47
state,1360,2.6213768537494515e-31,2.6213768537494498e-31,1.7516230804060213e-46,1.7516230804060213e-46
state,1361,9.9226367396169507e-32,9.9226367396169331e-32,1.7516230804060213e-46,1.7516230804060213e-46
state,1362,1002.2696253560504,1002.2696253560504,0,0
state,1363,3.3095958337252373e-33,3.3095958337252311e-33,6.1580498920524188e-48,6.1580498920524188e-48
state,1364,8.325076471477218e-33,8.3250764714772111e-33,6.8422776578360209e-48,6.8422776578360209e-48
state,1365,3.2582136865833634e-33,3.2582136865833614e-33,2.0526832973508063e-48,2.0526832973508063e-48
state,1366,8.229803648803445e-33,8.2298036488034313e-33,1.3684555315672042e-47,1.3684555315672042e-47
state,1367,3.2130947674341603e-33,3.2130947674341541e-33,6.1580498920524188e-48,6.1580498920524188e-48
state,1368,1002.2696253560504,1002.2696253560504,0,0
state,1369,1.0206445976724812e-34,1.0206445976724835e-34,2.3520329448811322e-49,2.3520329448811322e-49
state,1370,2.4951618024430606e-34,2.4951618024430683e-34,7.6975623650655235e-49,7.6975623650655235e-49
state,1371,1.0054447204923697e-34,1.0054447204923727e-34,2.9934964753032591e-49,2.9934964753032591e-49
state,1372,2.4677652022091316e-34,2.4677652022091367e-34,5.1317082433770156e-49,5.1317082433770156e-49
state,1373,9.9209682061614119e-35,9.9209682061614248e-35,1.2829270608442539e-49,1.2829270608442539e-49
state,1374,1002.2696253560504,1002.2696253560504,0,0
state,1375,3.0088104141214021e-36,3.0088104141214057e-36,3.675051476376769e-51,3.675051476376769e-51
state,1376,7.1592461460470745e-36,7.1592461460470892e-36,1.4700205905507076e-50,1.4700205905507076e-50
state,1377,2.9657740425447457e-36,2.965774042544751e-36,5.3455294201843913e-51,5.3455294201843913e-51
state,1378,7.0837260616432118e-36,7.0837260616432212e-36,9.3546764853226848e-51,9.3546764853226848e-51
state,1379,2.927980203501062e-36,2.9279802035010634e-36,1.3363823550460978e-51,1.3363823550460978e-51
state,1380,1002.2696253560504,1002.2696253560504,0,0
state,1381,8.4970544660435373e-38,8.4970544660435373e-38,0,0
state,1382,1.9705150628596371e-37,1.9705150628596391e-37,2.0880974297595278e-52,2.0880974297595278e-52
state,1383,8.3801792153136431e-38,8.3801792153136504e-38,7.3083410041583475e-53,7.3083410041583475e-53
state,1384,1.9505202346541037e-37,1.950520234654105e-37,1.2528584578557167e-52,1.2528584578557167e-52
state,1385,8.2775411916617674e-38,8.2775411916617643e-38,3.1321461446392918e-53,3.1321461446392918e-53
state,1386,1002.2696253560504,1002.2696253560504,0,0
state,1387,2.3031968173064305e-39,2.3031968173064295e-39,9.7879567019977868e-55,9.7879567019977868e-55
state,1388,5.2123454379176491e-39,5.2123454379176524e-39,3.2626522339992623e-54,3.2626522339992623e-54
state,1389,2.2726946262973092e-39,2.2726946262973092e-39,0,0
state,1390,5.1614081331151151e-39,5.1614081331151158e-39,6.5253044679985245e-55,6.5253044679985245e-55
state,1391,2.245908710414235e-39,2.2459087104142321e-39,2.936387010599336e-54,2.936387010599336e-54
state,1392,1002.2696253560504,1002.2696253560504,0,0
state,1393,6.0025496939890205e-41,6.0025496939890124e-41,8.1566305849981557e-56,8.1566305849981557e-56
state,1394,1.3272338124106812e-40,1.3272338124106799e-40,1.2234945877497233e-55,1.2234945877497233e-55
state,1395,5.9259179142548289e-41,5.9259179142548228e-41,6.1174729387486167e-56,6.1174729387486167e-56
state,1396,1.3147277512258749e-40,1.3147277512258741e-40,8.1566305849981557e-56,8.1566305849981557e-56
state,1397,5.8586257046762606e-41,5.8586257046762484e-41,1.2234945877497233e-55,1.2234945877497233e-55
state,1398,1002.2696253560504,1002.2696253560504,0,0
state,1399,1.5064843330093501e-42,1.5064843330093533e-42,3.1861838222649046e-57,3.1861838222649046e-57
state,1400,3.2581809838959101e-42,3.258180983895919e-42,8.9213147023417328e-57,8.9213147023417328e-57
state,1401,1.4879220425227639e-42,1.4879220425227677e-42,3.8234205867178855e-57,3.8234205867178855e-57
state,1402,3.2285455560264676e-42,3.2285455560264778e-42,1.0195788231247695e-56,1.0195788231247695e-56
state,1403,1.4716230910859309e-42,1.4716230910859334e-42,2.5489470578119236e-57,2.5489470578119236e-57
state,1404,1002.2696253560504,1002.2696253560504,0,0
state,1405,3.6461857170956979e-44,3.6461857170957014e-44,3.4848885556022394e-59,3.4848885556022394e-59
state,1406,7.7216630787371511e-44,7.721663078737166e-44,1.493523666686674e-58,1.493523666686674e-58
state,1407,3.6027736036826873e-44,3.6027736036826937e-44,6.4719358889755874e-59,6.4719358889755874e-59
state,1408,7.6537910486274435e-44,7.6537910486274614e-44,1.7922284000240088e-58,1.7922284000240088e-58
state,1409,3.5646578884680835e-44,3.564657888468087e-44,3.4848885556022394e-59,3.4848885556022394e-59
state,1410,1002.2696253560504,1002.2696253560504,0,0
state,1411,8.5217131268664451e-46,8.5217131268664513e-46,6.2230152778611417e-61,6.2230152778611417e-61
state,1412,1.7688784429661323e-45,1.7688784429661338e-45,1.5557538194652854e-60,1.5557538194652854e-60
state,1413,8.4235601432636362e-46,8.423560143263644e-46,7.7787690973264271e-61,7.7787690973264271e-61
state,1414,1.753836923007824e-45,1.7538369230078265e-45,2.4892061111444567e-60,2.4892061111444567e-60
state,1415,8.3373902783543561e-46,8.3373902783543545e-46,1.5557538194652854e-61,1.5557538194652854e-61
state,1416,1002.2696253560504,1002.2696253560504,0,0
state,1417,1.9255382333473924e-47,1.9255382333473924e-47,0,0
state,1418,3.9213541332893136e-47,3.9213541332893131e-47,4.861730685829017e-63,4.861730685829017e-63
state,1419,1.904059066030182e-47,1.9040590660301822e-47,2.4308653429145085e-63,2.4308653429145085e-63
state,1420,3.8890616714270544e-47,3.8890616714270554e-47,9.7234613716580339e-63,9.7234613716580339e-63
state,1421,1.8852042355379955e-47,1.8852042355379955e-47,0,0
state,1422,1002.2696253560504,1002.2696253560504,0,0
state,1423,4.2111239454731621e-49,4.2111239454731598e-49,2.2789362589823517e-64,2.2789362589823517e-64
state,1424,8.4214315979202422e-49,8.4214315979202331e-49,9.1157450359294068e-64,9.1157450359294068e-64
state,1425,4.1655812510713987e-49,4.1655812510713979e-49,7.596454196607839e-65,7.596454196607839e-65
state,1426,8.3542010516306019e-49,8.3542010516306003e-49,1.5192908393215678e-64,1.5192908393215678e-64
state,1427,4.1256077268149742e-49,4.1256077268149689e-49,5.3175179376254873e-64,5.3175179376254873e-64
state,1428,1002.2696253560504,1002.2696253560504,0,0
state,1429,8.9230506125636478e-51,8.9230506125636336e-51,1.4243351618639698e-65,1.4243351618639698e-65
state,1430,1.7537779567048626e-50,1.7537779567048595e-50,3.0860595173719346e-65,3.0860595173719346e-65
state,1431,8.8293944094707109e-51,8.8293944094707014e-51,9.4955677457597987e-66,9.4955677457597987e-66
state,1432,1.7401916774337012e-50,1.7401916774336986e-50,2.6112811300839447e-65,2.6112811300839447e-65
state,1433,8.7472014386550129e-51,8.7472014386549927e-51,2.0178081459739572e-65,2.0178081459739572e-65
state,1434,1002.2696253560504,1002.2696253560504,0,0
state,1435,1.8336495764860446e-52,1.8336495764860405e-52,4.0801267657561635e-67,4.0801267657561635e-67
state,1436,3.5448623810858877e-52,3.5448623810858766e-52,1.1127618452062264e-66,1.1127618452062264e-66
state,1437,1.8149527466757646e-52,1.8149527466757613e-52,3.3382855356186792e-67,3.3382855356186792e-67
state,1438,3.5181886246192009e-52,3.5181886246191928e-52,8.160253531512327e-67,8.160253531512327e-67
state,1439,1.7985465854531476e-52,1.7985465854531417e-52,5.9347298410998742e-67,5.9347298410998742e-67
state,1440,1002.2696253560504,1002.2696253560504,0,0
state,1441,3.6576151586206987e-54,3.6576151586207045e-54,5.7956346104490959e-69,5.7956346104490959e-69
state,1442,6.9603516399602168e-54,6.9603516399602191e-54,2.3182538441796384e-69,2.3182538441796384e-69
state,1443,3.6213506427140508e-54,3.621350642714056e-54,5.2160711494041863e-69,5.2160711494041863e-69
state,1444,6.9094336189877744e-54,6.9094336189877836e-54,9.2730153767185535e-69,9.2730153767185535e-69
state,1445,3.5895336801010961e-54,3.589533680101099e-54,2.897817305224548e-69,2.897817305224548e-69
state,1446,1002.2696253560504,1002.2696253560504,0,0
state,1447,7.0880227282423329e-56,7.0880227282423392e-56,6.3389753551786987e-71,6.3389753551786987e-71
state,1448,1.3286712150116623e-55,1.3286712150116619e-55,3.6222716315306849e-71,3.6222716315306849e-71
state,1449,7.0196280405524626e-56,7.0196280405524672e-56,4.5278395394133562e-71,4.5278395394133562e-71
state,1450,1.319213368465581e-55,1.3192133684655823e-55,1.2677950710357397e-70,1.2677950710357397e-70
state,1451,6.9596303618719534e-56,6.9596303618719534e-56,0,0
state,1452,1002.2696253560504,1002.2696253560504,0,0
state,1453,1.3354958251188502e-57,1.3354958251188565e-57,6.2257793666933648e-72,6.2257793666933648e-72
state,1454,2.4676580453636839e-57,2.4676580453636915e-57,7.6407292227600386e-72,7.6407292227600386e-72
state,1455,1.3229438628861342e-57,1.3229438628861398e-57,5.6597994242666952e-72,5.6597994242666952e-72
state,1456,2.4505518004387874e-57,2.4505518004387978e-57,1.0470628934893386e-71,1.0470628934893386e-71
state,1457,1.3119346378734819e-57,1.3119346378734875e-57,5.6597994242666952e-72,5.6597994242666952e-72
state,1458,1002.2696253560504,1002.2696253560504,0,0
state,1459,2.4483610856335416e-59,2.4483610856335504e-59,8.8434366004167113e-74,8.8434366004167113e-74
state,1460,4.4621199478172997e-59,4.4621199478173112e-59,1.1496467580541725e-73,1.1496467580541725e-73
state,1461,2.4259298925870778e-59,2.4259298925870857e-59,7.9590929403750402e-74,7.9590929403750402e-74
state,1462,4.4319726797930624e-59,4.4319726797930783e-59,1.591818588075008e-73,1.591818588075008e-73
state,1463,2.4062587905431409e-59,2.406258790543148e-59,7.074749280333369e-74,7.074749280333369e-74
state,1464,1002.2696253560504,1002.2696253560504,0,0
state,1465,4.3704996222946579e-61,4.3704996222946711e-61,1.3126976203743556e-75,1.3126976203743556e-75
state,1466,7.8609848371936569e-61,7.8609848371936721e-61,1.5199656656966223e-75,1.5199656656966223e-75
state,1467,4.3314398273497166e-61,4.3314398273497263e-61,9.672508781705778e-76,9.672508781705778e-76
state,1468,7.809183110430193e-61,7.8091831104302151e-61,2.2108591501041778e-75,2.2108591501041778e-75
state,1469,4.2971917719997199e-61,4.2971917719997282e-61,8.2907218128906668e-76,8.2907218128906668e-76
state,1470,1002.2696253560504,1002.2696253560504,0,0
state,1471,7.6015146110421874e-63,7.6015146110422047e-63,1.7272337110188889e-77,1.7272337110188889e-77
state,1472,1.3501040677375286e-62,1.3501040677375305e-62,1.94313792489625e-77,1.94313792489625e-77
state,1473,7.5351992570332141e-63,7.5351992570332249e-63,1.0795210693868056e-77,1.0795210693868056e-77
state,1474,1.3414204563128192e-62,1.3414204563128223e-62,3.0226589942830556e-77,3.0226589942830556e-77
state,1475,7.4770628224166378e-63,7.4770628224166486e-63,1.0795210693868056e-77,1.0795210693868056e-77
state,1476,1002.2696253560504,1002.2696253560504,0,0
state,1477,1.2890158066816371e-64,1.2890158066816387e-64,1.5180765038251953e-79,1.5180765038251953e-79
state,1478,2.261897970401519e-64,2.2618979704015193e-64,3.3735033418337674e-80,3.3735033418337674e-80
state,1479,1.2780318111388704e-64,1.2780318111388712e-64,8.4337583545844186e-80,8.4337583545844186e-80
state,1480,2.2476891016413845e-64,2.2476891016413862e-64,1.6867516709168837e-79,1.6867516709168837e-79
state,1481,1.2684041250483365e-64,1.268404125048337e-64,5.0602550127506511e-80,5.0602550127506511e-80
state,1482,1002.2696253560504,1002.2696253560504,0,0
state,1483,2.1323922557738197e-66,2.132392255773821e-66,1.3177747429038154e-81,1.3177747429038154e-81
state,1484,3.6986403616817627e-66,3.698640361681759e-66,3.6897692801306831e-81,3.6897692801306831e-81
state,1485,2.1146335447305845e-66,2.1146335447305847e-66,2.6355494858076308e-82,2.6355494858076308e-82
state,1486,3.6759337548296722e-66,3.6759337548296732e-66,1.0542197943230523e-81,1.0542197943230523e-81
state,1487,2.0990703264759433e-66,2.0990703264759425e-66,7.9066484574228924e-82,7.9066484574228924e-82
state,1488,1002.2696253560504,1002.2696253560504,0,0
state,1489,3.4433047198256175e-68,3.4433047198256155e-68,2.0590230357872116e-83,2.0590230357872116e-83
state,1490,5.90622952844356e-68,5.9062295284435492e-68,1.07069197860935e-82,1.07069197860935e-82
state,1491,3.4152634085671838e-68,3.4152634085671817e-68,2.0590230357872116e-83,2.0590230357872116e-83
state,1492,5.8707728638560963e-68,5.8707728638560922e-68,4.1180460715744231e-83,4.1180460715744231e-83
state,1493,3.3906930233247182e-68,3.3906930233247128e-68,5.3534598930467501e-83,5.3534598930467501e-83
state,1494,1002.2696253560504,1002.2696253560504,0,0
state,1495,5.430253156297342e-70,5.4302531562973324e-70,9.6516704802525542e-85,9.6516704802525542e-85
state,1496,9.2151471584760021e-70,9.2151471584759789e-70,2.316400915260613e-84,2.316400915260613e-84
state,1497,5.3869877186096487e-70,5.3869877186096397e-70,9.0082257815690506e-85,9.0082257815690506e-85
state,1498,9.1610212362166147e-70,9.1610212362166006e-70,1.415578337103708e-84,1.415578337103708e-84
state,1499,5.3490841710257385e-70,5.3490841710257289e-70,9.6516704802525542e-85,9.6516704802525542e-85
state,1500,1002.2696253560504,1002.2696253560504,0,0
state,1501,8.3680931102758915e-72,8.3680931102758744e-72,1.7091499808780565e-86,1.7091499808780565e-86
state,1502,1.405504320663565e-71,1.4055043206635606e-71,4.4236823034490874e-86,4.4236823034490874e-86
state,1503,8.3028326844868627e-72,8.3028326844868426e-72,2.0107646833859488e-86,2.0107646833859488e-86
state,1504,1.3974231577964255e-71,1.3974231577964217e-71,3.8204528984333027e-86,3.8204528984333027e-86
state,1505,8.2456699068801756e-72,8.2456699068801495e-72,2.6139940884017334e-86,2.6139940884017334e-86
state,1506,1002.2696253560504,1002.2696253560504,0,0
state,1507,1.2606943949931562e-73,1.2606943949931523e-73,3.9272747722381812e-88,3.9272747722381812e-88
state,1508,2.0965468034349014e-73,2.0965468034348936e-73,7.8545495444763625e-88,7.8545495444763625e-88
state,1509,1.2510666287528573e-73,1.2510666287528531e-73,4.2414567540172357e-88,4.2414567540172357e-88
state,1510,2.0847410416272435e-73,2.0847410416272366e-73,6.912003599139199e-88,6.912003599139199e-88
state,1511,1.2426349650350008e-73,1.242634965034996e-73,4.8698207175753447e-88,4.8698207175753447e-88
state,1512,1002.2696253560504,1002.2696253560504,0,0
state,1513,1.8576988263366059e-75,1.8576988263366158e-75,9.8181869305954531e-90,9.8181869305954531e-90
state,1514,3.0599535426793219e-75,3.0599535426793351e-75,1.3254552356303862e-89,1.3254552356303862e-89
state,1515,1.8438005754283094e-75,1.843800575428318e-75,8.5909135642710215e-90,8.5909135642710215e-90
state,1516,3.0430706034113716e-75,3.0430706034113863e-75,1.472728039589318e-89,1.472728039589318e-89
state,1517,1.8316310972957695e-75,1.8316310972957776e-75,8.1000042177412488e-90,8.1000042177412488e-90
state,1518,1002.2696253560504,1002.2696253560504,0,0
state,1519,2.6786688541999687e-77,2.678668854199981e-77,1.2272733663244316e-91,1.2272733663244316e-91
state,1520,4.3716954574491593e-77,4.3716954574491754e-77,1.6107962933008165e-91,1.6107962933008165e-91
state,1521,2.6590290224776388e-77,2.6590290224776495e-77,1.0738641955338777e-91,1.0738641955338777e-91
state,1522,4.3480520205773493e-77,4.3480520205773661e-77,1.6875008786960935e-91,1.6875008786960935e-91
state,1523,2.6418351595057219e-77,2.6418351595057311e-77,9.2045502474332373e-92,9.2045502474332373e-92
state,1524,1002.2696253560504,1002.2696253560504,0,0
state,1525,3.7811891173196397e-79,3.7811891173196541e-79,1.4382109761614433e-93,1.4382109761614433e-93
state,1526,6.1162982041404541e-79,6.1162982041404721e-79,1.7977637202018042e-93,1.7977637202018042e-93
state,1527,3.7540100351717867e-79,3.754010035171798e-79,1.1385836894611426e-93,1.1385836894611426e-93
state,1528,6.0838605736846157e-79,6.0838605736846325e-79,1.6779128055216839e-93,1.6779128055216839e-93
state,1529,3.7302200446004026e-79,3.7302200446004128e-79,1.0187327747810224e-93,1.0187327747810224e-93
state,1530,300,300,0,0
state,1531,300.00141361468582,300.00141361468582,0,0
state,1532,300.00100013644999,300.00100013644999,0,0
state,1533,300.00026069051063,300.00026069051063,0,0
state,1534,300.00003835439423,300.00003835439423,0,0
state,1535,300.00000448873874,300.00000448873874,0,0
state,1536,300.00000044931988,300.00000044931988,0,0
state,1537,300.00000003950214,300.00000003950214,0,0
state,1538,300.00000000309558,300.00000000309558,0,0
state,1539,300.00000000021822,300.00000000021822,0,0
state,1540,300.00000000001324,300.00000000001324,0,0
state,1541,300.00000000000006,300.00000000000006,0,0
state,1542,300,300,0,0
state,1543,300,300,0,0
state,1544,300,300,0,0
state,1545,300,300,0,0
state,1546,300,300,0,0
state,1547,300,300,0,0
state,1548,300,300,0,0
state,1549,300,300,0,0
state,1550,300,300,0,0
state,1551,300,300,0,0
state,1552,300,300,0,0
state,1553,300,300,0,0
state,1554,300,300,0,0
state,1555,300,300,0,0
state,1556,300,300,0,0
state,1557,300,300,0,0
state,1558,300,300,0,0
state,1559,300,300,0,0
state,1560,300,300,0,0
state,1561,300,300,0,0
state,1562,300,300,0,0
state,1563,300,300,0,0
state,1564,300,300,0,0
state,1565,300,300,0,0
state,1566,300,300,0,0
state,1567,300,300,0,0
state,1568,300,300,0,0
state,1569,300,300,0,0
state,1570,300,300,0,0
state,1571,300,300,0,0
state,1572,300,300,0,0
state,1573,300,300,0,0
state,1574,300,300,0,0
state,1575,300,300,0,0
state,1576,300,300,0,0
state,1577,300,300,0,0
state,1578,300,300,0,0
state,1579,300,300,0,0
state,1580,300,300,0,0
state,1581,300.60335850627285,300.60335850627285,0,0
state,1582,300.41737804218479,300.41737804218479,0,0
state,1583,300.24230395849344,300.24230395849344,0,0
state,1584,300.04365806046553,300.04365806046553,0,0
state,1585,300.00166323908383,300.00166323908383,0,0
state,1586,300.00005046697055,300.00005046697055,0,0
state,1587,300.00000154544199,300.00000154544199,0,0
state,1588,300.00000004790019,300.00000004790019,0,0
state,1589,300.00000000057338,300.00000000057338,0,0
state,1590,300,300,0,0
state,1591,300,300,0,0
state,1592,300,300,0,0
state,1593,300,300,0,0
state,1594,300,300,0,0
state,1595,300,300,0,0
state,1596,300,300,0,0
state,1597,300,300,0,0
state,1598,300,300,0,0
state,1599,300,300,0,0
state,1600,300,300,0,0
state,1601,300,300,0,0
state,1602,300,300,0,0
state,1603,300,300,0,0
state,1604,300,300,0,0
state,1605,300,300,0,0
state,1606,300,300,0,0
state,1607,300,300,0,0
state,1608,300,300,0,0
state,1609,300,300,0,0
state,1610,300,300,0,0
state,1611,300,300,0,0
state,1612,300,300,0,0
state,1613,300,300,0,0
state,1614,300,300,0,0
state,1615,300,300,0,0
state,1616,300,300,0,0
state,1617,300,300,0,0
state,1618,300,300,0,0
state,1619,300,300,0,0
state,1620,300,300,0,0
state,1621,300,300,0,0
state,1622,300,300,0,0
state,1623,300,300,0,0
state,1624,300,300,0,0
state,1625,300,300,0,0
state,1626,300,300,0,0
state,1627,300,300,0,0
state,1628,300,300,0,0
state,1629,300,300,0,0
state,1630,300,300,0,0
state,1631,300,300,0,0
state,1632,300,300,0,0
state,1633,300.0000000553801,300.0000000553801,0,0
state,1634,300.00000003270463,300.00000003270463,0,0
state,1635,300.00000000675504,300.00000000675504,0,0
state,1636,300.00000000083389,300.00000000083389,0,0
state,1637,300.00000000008265,300.00000000008265,0,0
state,1638,300.00000000000631,300.00000000000631,0,0
state,1639,300,300,0,0
state,1640,300,300,0,0
state,1641,300,300,0,0
state,1642,300,300,0,0
state,1643,300,300,0,0
state,1644,300,300,0,0
state,1645,300,300,0,0
state,1646,300,300,0,0
state,1647,300,300,0,0
state,1648,300,300,0,0
state,1649,300,300,0,0
state,1650,300,300,0,0
state,1651,300,300,0,0
state,1652,300,300,0,0
state,1653,300,300,0,0
state,1654,300,300,0,0
state,1655,300,300,0,0
state,1656,300,300,0,0
state,1657,300,300,0,0
state,1658,300,300,0,0
state,1659,300,300,0,0
state,1660,300,300,0,0
state,1661,300,300,0,0
state,1662,300,300,0,0
state,1663,300,300,0,0
state,1664,300,300,0,0
state,1665,300,300,0,0
state,1666,300,300,0,0
state,1667,300,300,0,0
state,1668,300,300,0,0
state,1669,300,300,0,0
state,1670,300,300,0,0
state,1671,300,300,0,0
state,1672,300,300,0,0
state,1673,300,300,0,0
state,1674,300,300,0,0
state,1675,300,300,0,0
state,1676,300,300,0,0
state,1677,300,300,0,0
state,1678,300,300,0,0
state,1679,300,300,0,0
state,1680,300,300,0,0
state,1681,300,300,0,0
state,1682,300,300,0,0
total_pressure,0,2500000,2500000,0,0
total_pressure,1,2499840.1175340065,2499840.1175340065,0,0
total_pressure,2,2499717.4156551533,2499717.4156551533,0,0
total_pressure,3,2499608.6873510163,2499608.6873510163,0,0
total_pressure,4,2499503.420093752,2499503.420093752,0,0
total_pressure,5,2499398.3072599838,2499398.3072599838,0,0
total_pressure,6,2499293.1992726317,2499293.1992726317,0,0
total_pressure,7,2499188.0914391489,2499188.0914391489,0,0
total_pressure,8,2499082.9836106412,2499082.9836106412,0,0
total_pressure,9,2498977.8757826812,2498977.8757826812,0,0
total_pressure,10,2498872.7679547211,2498872.7679547211,0,0
total_pressure,11,2498767.6601267615,2498767.6601267615,0,0
total_pressure,12,2498662.552298802,2498662.552298802,0,0
total_pressure,13,2498557.4444708424,2498557.4444708424,0,0
total_pressure,14,2498452.3366428828,2498452.3366428828,0,0
total_pressure,15,2498347.2288149232,2498347.2288149232,0,0
total_pressure,16,2498242.1209869636,2498242.1209869636,0,0
total_pressure,17,2498137.013159004,2498137.013159004,0,0
total_pressure,18,2498031.9053310445,2498031.9053310445,0,0
total_pressure,19,2497926.7975030849,2497926.7975030849,0,0
total_pressure,20,2497821.6896751253,2497821.6896751253,0,0
total_pressure,21,2497716.5818471657,2497716.5818471657,0,0
total_pressure,22,2497611.4740192061,2497611.4740192061,0,0
total_pressure,23,2497506.3661912465,2497506.3661912465,0,0
total_pressure,24,2497401.258363287,2497401.258363287,0,0
total_pressure,25,2497296.1505353274,2497296.1505353274,0,0
total_pressure,26,2497191.0427073678,2497191.0427073678,0,0
total_pressure,27,2497085.9348794082,2497085.9348794082,0,0
total_pressure,28,2496980.8270514486,2496980.8270514486,0,0
total_pressure,29,2496875.7192234891,2496875.7192234891,0,0
total_pressure,30,2496770.6113955295,2496770.6113955295,0,0
total_pressure,31,2496665.5035675699,2496665.5035675699,0,0
total_pressure,32,2496560.3957396103,2496560.3957396103,0,0
total_pressure,33,2496455.2879116507,2496455.2879116507,0,0
total_pressure,34,2496350.1800836911,2496350.1800836911,0,0
total_pressure,35,2496245.0722557316,2496245.0722557316,0,0
total_pressure,36,2496139.964427772,2496139.964427772,0,0
total_pressure,37,2496034.8565998124,2496034.8565998124,0,0
total_pressure,38,2495929.7487718528,2495929.7487718528,0,0
total_pressure,39,2495824.6409438932,2495824.6409438932,0,0
total_pressure,40,2495719.5331159336,2495719.5331159336,0,0
total_pressure,41,2495614.4252879741,2495614.4252879741,0,0
total_pressure,42,2495509.3174600145,2495509.3174600145,0,0
total_pressure,43,2495404.2096320549,2495404.2096320549,0,0
total_pressure,44,2495299.1018040953,2495299.1018040953,0,0
total_pressure,45,2495193.9939761357,2495193.9939761357,0,0
total_pressure,46,2495088.8861481762,2495088.8861481762,0,0
total_pressure,47,2494983.7783202166,2494983.7783202166,0,0
total_pressure,48,2494878.670492257,2494878.670492257,0,0
total_pressure,49,2494773.5626642974,2494773.5626642974,0,0
total_pressure,50,2494668.4548363378,2494668.4548363378,0,0
interstitial_gas_velocity,0,0.10000000000000001,0.10000000000000001,0,0
interstitial_gas_velocity,1,0.087524659535612948,0.087524659535612948,0,0
interstitial_gas_velocity,2,0.082352728269540418,0.082352728269540418,0,0
interstitial_gas_velocity,3,0.081021669220560616,0.081021669220560616,0,0
interstitial_gas_velocity,4,0.080962071202252378,0.080962071202252378,0,0
interstitial_gas_velocity,5,0.080960205340605107,0.080960205340605107,0,0
interstitial_gas_velocity,6,0.080960146096285643,0.080960146096285643,0,0
interstitial_gas_velocity,7,0.080960144180364874,0.080960144180364874,0,0
interstitial_gas_velocity,8,0.080960143966871109,0.080960143966871109,0,0
interstitial_gas_velocity,9,0.080960143968215562,0.080960143968215506,5.5511151231257827e-17,5.5511151231257827e-17
interstitial_gas_velocity,10,0.080960143968057272,0.080960143968057272,0,0
interstitial_gas_velocity,11,0.080960143968041104,0.080960143968041104,0,0
interstitial_gas_velocity,12,0.080960143968039494,0.080960143968039494,0,0
interstitial_gas_velocity,13,0.080960143968039217,0.080960143968039217,0,0
interstitial_gas_velocity,14,0.080960143968039203,0.080960143968039203,0,0
interstitial_gas_velocity,15,0.080960143968039203,0.080960143968039203,0,0
interstitial_gas_velocity,16,0.080960143968039203,0.080960143968039203,0,0
interstitial_gas_velocity,17,0.080960143968039203,0.080960143968039203,0,0
interstitial_gas_velocity,18,0.080960143968039203,0.080960143968039203,0,0
interstitial_gas_velocity,19,0.080960143968039203,0.080960143968039203,0,0
interstitial_gas_velocity,20,0.080960143968039203,0.080960143968039203,0,0
interstitial_gas_velocity,21,0.080960143968039203,0.080960143968039203,0,0
interstitial_gas_velocity,22,0.080960143968039203,0.080960143968039203,0,0
interstitial_gas_velocity,23,0.080960143968039203,0.080960143968039203,0,0
interstitial_gas_velocity,24,0.080960143968039203,0.080960143968039203,0,0
interstitial_gas_velocity,25,0.080960143968039203,0.080960143968039203,0,0
interstitial_gas_velocity,26,0.080960143968039203,0.080960143968039203,0,0
interstitial_gas_velocity,27,0.080960143968039203,0.080960143968039203,0,0
interstitial_gas_velocity,28,0.080960143968039203,0.080960143968039203,0,0
interstitial_gas_velocity,29,0.080960143968039203,0.080960143968039203,0,0
interstitial_gas_velocity,30,0.080960143968039203,0.080960143968039203,0,0
interstitial_gas_velocity,31,0.080960143968039203,0.080960143968039203,0,0
interstitial_gas_velocity,32,0.080960143968039203,0.080960143968039203,0,0
interstitial_gas_velocity,33,0.080960143968039203,0.080960143968039203,0,0
interstitial_gas_velocity,34,0.080960143968039203,0.080960143968039203,0,0
interstitial_gas_velocity,35,0.080960143968039203,0.080960143968039203,0,0
interstitial_gas_velocity,36,0.080960143968039203,0.080960143968039203,0,0
interstitial_gas_velocity,37,0.080960143968039203,0.080960143968039203,0,0
interstitial_gas_velocity,38,0.080960143968039203,0.080960143968039203,0,0
interstitial_gas_velocity,39,0.080960143968039203,0.080960143968039203,0,0
interstitial_gas_velocity,40,0.080960143968039203,0.080960143968039203,0,0
interstitial_gas_velocity,41,0.080960143968039203,0.080960143968039203,0,0
interstitial_gas_velocity,42,0.080960143968039203,0.080960143968039203,0,0
interstitial_gas_velocity,43,0.080960143968039203,0.080960143968039203,0,0
interstitial_gas_velocity,44,0.080960143968039203,0.080960143968039203,0,0
interstitial_gas_velocity,45,0.080960143968039203,0.080960143968039203,0,0
interstitial_gas_velocity,46,0.080960143968039203,0.080960143968039203,0,0
interstitial_gas_velocity,47,0.080960143968039203,0.080960143968039203,0,0
interstitial_gas_velocity,48,0.080960143968039203,0.080960143968039203,0,0
interstitial_gas_velocity,49,0.080960143968039203,0.080960143968039203,0,0
interstitial_gas_velocity,50,0.080960143968039203,0.080960143968039203,0,0
