field,index,singlebed,multibed,absolute_difference,relative_difference
state,0,701.58873774923518,701.58873774923518,0,0
state,1,60.136177521363017,60.136177521363017,0,0
state,2,60.136177521363017,60.136177521363017,0,0
state,3,60.136177521363017,60.136177521363017,0,0
state,4,60.136177521363017,60.136177521363017,0,0
state,5,60.136177521363017,60.136177521363017,0,0
state,6,939.14160552572559,939.14160552572559,0,0
state,7,11.389190986958219,11.389190986958216,3.5527136788005009e-15,3.1193731695857231e-16
state,8,16.549569499675997,16.549569499675989,7.1054273576010019e-15,4.29342126255315e-16
state,9,10.315891753904971,10.315891753904971,0,0
state,10,15.660489944108754,15.660489944108754,0,0
state,11,9.3470080007614555,9.347008000761452,3.5527136788005009e-15,3.8009100650294494e-16
state,12,999.68508474966325,999.68508474966325,0,0
state,13,0.34695185075892199,0.34695185075892176,2.2204460492503131e-16,2.2204460492503131e-16
state,14,0.89127245611525308,0.89127245611525274,3.3306690738754696e-16,3.3306690738754696e-16
state,15,0.30400991138475369,0.30400991138475369,0,0
state,16,0.80307117420343299,0.80307117420343266,3.3306690738754696e-16,3.3306690738754696e-16
state,17,0.26853273737148353,0.26853273737148331,2.2204460492503131e-16,2.2204460492503131e-16
state,18,1002.1897734787924,1002.1897734787924,0,0
state,19,0.008204494809100368,0.008204494809100361,6.9388939039072284e-18,6.9388939039072284e-18
state,20,0.031161724841885511,0.031161724841885501,1.0408340855860843e-17,1.0408340855860843e-17
state,21,0.0072017431539630264,0.0072017431539630255,8.6736173798840355e-19,8.6736173798840355e-19
state,22,0.028118873398021292,0.028118873398021289,3.4694469519536142e-18,3.4694469519536142e-18
state,23,0.0063731362658981331,0.0063731362658981314,1.7347234759768071e-18,1.7347234759768071e-18
state,24,1002.2671156220447,1002.2671156220447,0,0
state,25,0.00019262544783649251,0.00019262544783649237,1.3552527156068805e-19,1.3552527156068805e-19
state,26,0.001067063777823846,0.0010670637778238453,6.5052130349130266e-19,6.5052130349130266e-19
state,27,0.00016956934395228362,0.00016956934395228351,1.0842021724855044e-19,1.0842021724855044e-19
state,28,0.00096708327642109813,0.00096708327642109791,2.1684043449710089e-19,2.1684043449710089e-19
state,29,0.00015046674046506755,0.00015046674046506741,1.3552527156068805e-19,1.3552527156068805e-19
state,30,1002.2695448179394,1002.2695448179394,0,0
state,31,4.523087497273544e-06,4.5230874972735432e-06,8.4703294725430034e-22,8.4703294725430034e-22
state,32,3.6442023974401038e-05,3.6442023974401004e-05,3.3881317890172014e-20,3.3881317890172014e-20
state,33,3.9936574221650574e-06,3.9936574221650557e-06,1.6940658945086007e-21,1.6940658945086007e-21
state,34,3.3178550405367747e-05,3.3178550405367733e-05,1.3552527156068805e-20,1.3552527156068805e-20
state,35,3.5537965724270414e-06,3.5537965724270389e-06,2.541098841762901e-21,2.541098841762901e-21
state,36,1002.2696227267753,1002.2696227267753,0,0
state,37,1.0624240228532856e-07,1.0624240228532856e-07,0,0
state,38,1.2414559174615277e-06,1.2414559174615277e-06,0,0
state,39,9.4098764999157608e-08,9.4098764999157542e-08,6.6174449004242214e-23,6.6174449004242214e-23
state,40,1.1355623418767965e-06,1.1355623418767965e-06,0,0
state,41,8.3981102437316879e-08,8.3981102437316892e-08,1.3234889800848443e-23,1.3234889800848443e-23
state,42,1002.2696251733387,1002.2696251733379,7.9580786405131221e-13,7.9400576857118696e-16
state,43,2.8412689155525499e-09,2.8412689155525466e-09,3.3087224502121107e-24,3.3087224502121107e-24
state,44,4.8838122405235758e-08,4.8838122405235653e-08,1.0587911840678754e-22,1.0587911840678754e-22
state,45,2.5271949358905753e-09,2.5271949358905683e-09,7.0310352067007352e-24,7.0310352067007352e-24
state,46,4.4943995279504439e-08,4.49439952795043e-08,1.3896634290890865e-22,1.3896634290890865e-22
state,47,2.2646114688682195e-09,2.2646114688682141e-09,5.3766739815946799e-24,5.3766739815946799e-24
state,48,1002.2696253278025,1002.2696253278025,0,0
state,49,1.2248776026558967e-09,1.2248776026558965e-09,2.0679515313825692e-25,2.0679515313825692e-25
state,50,1.2748925089115701e-08,1.2748925089115691e-08,9.9261673506363321e-24,9.9261673506363321e-24
state,51,1.140838178735085e-09,1.1408381787350848e-09,2.0679515313825692e-25,2.0679515313825692e-25
state,52,1.206005471116277e-08,1.2060054711162764e-08,6.6174449004242214e-24,6.6174449004242214e-24
state,53,1.0687475043830246e-09,1.0687475043830244e-09,2.0679515313825692e-25,2.0679515313825692e-25
state,54,1002.2696253511059,1002.2696253511059,0,0
state,55,2.7249865041156669e-10,2.7249865041156669e-10,0,0
state,56,2.1264711304524648e-09,2.1264711304524643e-09,4.1359030627651384e-25,4.1359030627651384e-25
state,57,2.5803442049271647e-10,2.5803442049271647e-10,0,0
state,58,2.0375862542152092e-09,2.0375862542152092e-09,0,0
state,59,2.454775388274944e-10,2.454775388274944e-10,0,0
state,60,1002.2696253554153,1002.2696253554153,0,0
state,61,4.0623081972215287e-11,4.0623081972215287e-11,0,0
state,62,2.6169536936210834e-10,2.6169536936210834e-10,0,0
state,63,3.8796336366560541e-11,3.8796336366560554e-11,1.2924697071141057e-26,1.2924697071141057e-26
state,64,2.5259640465267792e-10,2.5259640465267792e-10,0,0
state,65,3.7200206561505982e-11,3.7200206561506008e-11,2.5849394142282115e-26,2.5849394142282115e-26
state,66,1002.2696253559848,1002.2696253559848,0,0
state,67,4.5712847747137998e-12,4.5712847747137965e-12,3.2311742677852644e-27,3.2311742677852644e-27
state,68,2.5585502486773092e-11,2.5585502486773066e-11,2.5849394142282115e-26,2.5849394142282115e-26
state,69,4.3896063772414456e-12,4.389606377241444e-12,1.6155871338926322e-27,1.6155871338926322e-27
state,70,2.4813448173130886e-11,2.4813448173130866e-11,1.9387045606711586e-26,1.9387045606711586e-26
state,71,4.2302399335288161e-12,4.2302399335288136e-12,2.4233807008389483e-27,2.4233807008389483e-27
state,72,1002.2696253560438,1002.2696253560438,0,0
state,73,4.1580129477320257e-13,4.1580129477320277e-13,2.0194839173657902e-28,2.0194839173657902e-28
state,74,2.0832247411743181e-12,2.0832247411743205e-12,2.4233807008389483e-27,2.4233807008389483e-27
state,75,4.0087561070006039e-13,4.0087561070006084e-13,4.543838814073028e-28,4.543838814073028e-28
state,76,2.02723884859756e-12,2.0272388485975616e-12,1.6155871338926322e-27,1.6155871338926322e-27
state,77,3.8774870247753195e-13,3.877487024775324e-13,4.543838814073028e-28,4.543838814073028e-28
state,78,1002.2696253560504,1002.2696253560504,0,0
state,79,3.1931933126641863e-14,3.1931933126641863e-14,0,0
state,80,1.4591477933839193e-13,1.4591477933839198e-13,5.0487097934144756e-29,5.0487097934144756e-29
state,81,3.0884153866882802e-14,3.0884153866882808e-14,6.3108872417680944e-30,6.3108872417680944e-30
state,82,1.4236506197273648e-13,1.4236506197273651e-13,2.5243548967072378e-29,2.5243548967072378e-29
state,83,2.9960925042009465e-14,2.9960925042009491e-14,2.5243548967072378e-29,2.5243548967072378e-29
state,84,1002.2696253560504,1002.2696253560504,0,0
state,85,2.1327115532220476e-15,2.1327115532220456e-15,1.9721522630525295e-30,1.9721522630525295e-30
state,86,9.0003334363425232e-15,9.0003334363425232e-15,0,0
state,87,2.0682786983503313e-15,2.0682786983503301e-15,1.1832913578315177e-30,1.1832913578315177e-30
state,88,8.800026508353937e-15,8.8000265083539291e-15,7.8886090522101181e-30,7.8886090522101181e-30
state,89,2.0114250078900631e-15,2.0114250078900619e-15,1.1832913578315177e-30,1.1832913578315177e-30
state,90,1002.2696253560504,1002.2696253560504,0,0
state,91,1.2652986366188008e-16,1.265298636618802e-16,1.2325951644078309e-31,1.2325951644078309e-31
state,92,4.9754074044179993e-16,4.9754074044180082e-16,8.8746851837363828e-31,8.8746851837363828e-31
state,93,1.2299310399716754e-16,1.2299310399716773e-16,1.9721522630525295e-31,1.9721522630525295e-31
state,94,4.8733784160272421e-16,4.873378416027244e-16,1.9721522630525295e-31,1.9721522630525295e-31
state,95,1.1986892816428321e-16,1.1986892816428324e-16,2.4651903288156619e-32,2.4651903288156619e-32
state,96,1002.2696253560504,1002.2696253560504,0,0
state,97,6.7731281367532164e-18,6.7731281367532187e-18,2.311115933264683e-33,2.311115933264683e-33
state,98,2.4983372954416987e-17,2.4983372954417005e-17,1.8488927466117464e-32,1.8488927466117464e-32
state,99,6.5973109788331975e-18,6.5973109788332013e-18,3.8518598887744717e-33,3.8518598887744717e-33
state,100,2.4508862925242781e-17,2.4508862925242769e-17,1.2325951644078309e-32,1.2325951644078309e-32
state,101,6.441866756282486e-18,6.4418667562824806e-18,5.3926038442842604e-33,5.3926038442842604e-33
state,102,1002.2696253560504,1002.2696253560504,0,0
state,103,3.3102741240403168e-19,3.3102741240403168e-19,0,0
state,104,1.1515786357783995e-18,1.1515786357783995e-18,0,0
state,105,3.230214364590072e-19,3.2302143645900696e-19,2.4074124304840448e-34,2.4074124304840448e-34
state,106,1.1312398506190492e-18,1.1312398506190475e-18,1.7333369499485123e-33,1.7333369499485123e-33
state,107,3.1593808856874475e-19,3.1593808856874412e-19,6.2592723192585165e-34,6.2592723192585165e-34
state,108,1002.2696253560504,1002.2696253560504,0,0
state,109,1.4907704329709055e-20,1.4907704329709079e-20,2.4074124304840448e-35,2.4074124304840448e-35
state,110,4.9134418731799911e-20,4.9134418731799971e-20,6.018531076210112e-35,6.018531076210112e-35
state,111,1.4570734165983989e-20,1.4570734165983998e-20,9.0277966143151681e-36,9.0277966143151681e-36
state,112,4.832474402815341e-20,4.8324744028153404e-20,6.018531076210112e-36,6.018531076210112e-36
state,113,1.4272423476570751e-20,1.4272423476570748e-20,3.009265538105056e-36,3.009265538105056e-36
state,114,1002.2696253560504,1002.2696253560504,0,0
state,115,6.2316103988338482e-22,6.2316103988338651e-22,1.692711865184094e-36,1.692711865184094e-36
state,116,1.9536888174494498e-21,1.9536888174494539e-21,4.137740114894452e-36,4.137740114894452e-36
state,117,6.0995563743279968e-22,6.099556374328009e-22,1.222514124855179e-36,1.222514124855179e-36
state,118,1.9235602755023065e-21,1.9235602755023095e-21,3.009265538105056e-36,3.009265538105056e-36
state,119,5.9825972279705828e-22,5.9825972279705894e-22,6.58276836460481e-37,6.58276836460481e-37
state,120,1002.2696253560504,1002.2696253560504,0,0
state,121,2.4322264416832961e-23,2.4322264416833005e-23,4.4081038155835782e-38,4.4081038155835782e-38
state,122,7.2794596602422178e-23,7.2794596602422296e-23,1.1754943508222875e-37,1.1754943508222875e-37
state,123,2.3837572305170097e-23,2.3837572305170124e-23,2.6448622893501469e-38,2.6448622893501469e-38
state,124,7.1741074523294131e-23,7.174107452329419e-23,5.8774717541114375e-38,5.8774717541114375e-38
state,125,2.3408121744587309e-23,2.3408121744587324e-23,1.4693679385278594e-38,1.4693679385278594e-38
state,126,1002.2696253560504,1002.2696253560504,0,0
state,127,8.9073987403269033e-25,8.9073987403269125e-25,9.1835496157991212e-40,9.1835496157991212e-40
state,128,2.5533434622979642e-24,2.5533434622979664e-24,2.2040519077917891e-39,2.2040519077917891e-39
state,129,8.7399611546284472e-25,8.739961154628449e-25,1.8367099231598242e-40,1.8367099231598242e-40
state,130,2.5185696247431074e-24,2.5185696247431078e-24,3.6734198463196485e-40,3.6734198463196485e-40
state,131,8.5915624258576709e-25,8.5915624258576709e-25,0,0
state,132,1002.2696253560504,1002.2696253560504,0,0
state,133,3.0735339172071744e-26,3.0735339172071755e-26,1.1479437019748901e-41,1.1479437019748901e-41
state,134,8.4638286776361337e-26,8.4638286776361348e-26,1.1479437019748901e-41,1.1479437019748901e-41
state,135,3.0188724380526423e-26,3.01887243805264e-26,2.2958874039497803e-41,2.2958874039497803e-41
state,136,8.3550729550990743e-26,8.3550729550990651e-26,9.1835496157991212e-41,9.1835496157991212e-41
state,137,2.9704151842809647e-26,2.9704151842809624e-26,2.2958874039497803e-41,2.2958874039497803e-41
state,138,1002.2696253560504,1002.2696253560504,0,0
state,139,1.0027878829837149e-27,1.0027878829837145e-27,3.5873240686715317e-43,3.5873240686715317e-43
state,140,2.6601865835593781e-27,2.6601865835593753e-27,2.8698592549372254e-42,2.8698592549372254e-42
state,141,9.8586601370575602e-28,9.8586601370575494e-28,1.0761972206014595e-42,1.0761972206014595e-42
state,142,2.627853361163341e-27,2.6278533611633367e-27,4.304788882405838e-42,4.304788882405838e-42
state,143,9.7086224737179485e-28,9.7086224737179305e-28,1.7936620343357659e-42,1.7936620343357659e-42
state,144,1002.2696253560504,1002.2696253560504,0,0
state,145,3.1032072614890171e-29,3.103207261489025e-29,7.8472714002189756e-44,7.8472714002189756e-44
state,146,7.9505287737887464e-29,7.9505287737887666e-29,2.0178697886277366e-43,2.0178697886277366e-43
state,147,3.0533832361449684e-29,3.0533832361449751e-29,6.7262326287591219e-44,6.7262326287591219e-44
state,148,7.8588947733302463e-29,7.858894773330262e-29,1.5694542800437951e-43,1.5694542800437951e-43
state,149,3.0092014493953598e-29,3.0092014493953649e-29,5.0446744715693415e-44,5.0446744715693415e-44
state,150,1002.2696253560504,1002.2696253560504,0,0
state,151,9.1334203786089494e-31,9.1334203786089651e-31,1.5764607723654192e-45,1.5764607723654192e-45
state,152,2.2652680204536969e-30,2.2652680204537007e-30,3.8535707768932469e-45,3.8535707768932469e-45
state,153,8.9935354760563503e-31,8.9935354760563608e-31,1.0509738482436128e-45,1.0509738482436128e-45
state,154,2.2404519853848265e-30,2.2404519853848289e-30,2.4522723125684299e-45,2.4522723125684299e-45
state,155,8.8694819972960895e-31,8.8694819972960966e-31,7.0064923216240854e-46,7.0064923216240854e-46
state,156,1002.2696253560504,1002.2696253560504,0,0
state,157,2.5629537403858489e-32,2.5629537403858505e-32,1.642146637880645e-47,1.642146637880645e-47
state,158,6.1668430052889867e-32,6.166843005288991e-32,4.3790577010150533e-47,4.3790577010150533e-47
state,159,2.5254193207178374e-32,2.5254193207178385e-32,1.0947644252537633e-47,1.0947644252537633e-47
state,160,6.1024843393582474e-32,6.1024843393582474e-32,0,0
state,161,2.4921315021197163e-32,2.4921315021197169e-32,5.4738221262688167e-48,5.4738221262688167e-48
state,162,1002.2696253560504,1002.2696253560504,0,0
state,163,6.8721383137807756e-34,6.872138313780773e-34,2.5658541216885078e-49,2.5658541216885078e-49
state,164,1.6073371704437714e-33,1.6073371704437711e-33,3.4211388289180104e-49,3.4211388289180104e-49
state,165,6.7756901946348611e-34,6.7756901946348611e-34,0,0
state,166,1.5913228614105046e-33,1.5913228614105032e-33,1.3684555315672042e-48,1.3684555315672042e-48
state,167,6.6901533554273424e-34,6.6901533554273373e-34,5.1317082433770156e-49,5.1317082433770156e-49
state,168,1002.2696253560504,1002.2696253560504,0,0
state,169,1.7642417504657247e-35,1.7642417504657231e-35,1.6036588260553174e-50,1.6036588260553174e-50
state,170,4.0183768949764223e-35,4.0183768949764175e-35,4.8109764781659522e-50,4.8109764781659522e-50
state,171,1.7404649130892153e-35,1.7404649130892134e-35,1.870935297064537e-50,1.870935297064537e-50
state,172,3.9800786632679883e-35,3.9800786632679818e-35,6.4146353042212696e-50,6.4146353042212696e-50
state,173,1.719378356752805e-35,1.719378356752802e-35,2.9400411811014152e-50,2.9400411811014152e-50
state,174,1002.2696253560504,1002.2696253560504,0,0
state,175,4.3444582324410411e-37,4.344458232441052e-37,1.0858106634749545e-51,1.0858106634749545e-51
state,176,9.6521317653123261e-37,9.6521317653123495e-37,2.3386691213306712e-51,2.3386691213306712e-51
state,177,4.2881295764033478e-37,4.2881295764033595e-37,1.1693345606653356e-51,1.1693345606653356e-51
state,178,9.5639678331299932e-37,9.5639678331300132e-37,2.0045735325691467e-51,2.0045735325691467e-51
state,179,4.2381763902846661e-37,4.2381763902846753e-37,9.1876286909419225e-52,9.1876286909419225e-52
state,180,1002.2696253560504,1002.2696253560504,0,0
state,181,1.0279116795596802e-38,1.0279116795596823e-38,2.0880974297595278e-53,2.0880974297595278e-53
state,182,2.2309740690074173e-38,2.2309740690074204e-38,3.1321461446392918e-53,3.1321461446392918e-53
state,183,1.0150683539943342e-38,1.0150683539943359e-38,1.6965791616796164e-53,1.6965791616796164e-53
state,184,2.2114100482491606e-38,2.2114100482491638e-38,3.1321461446392918e-53,3.1321461446392918e-53
state,185,1.0036793664560332e-38,1.0036793664560347e-38,1.5660730723196459e-53,1.5660730723196459e-53
state,186,1002.2696253560504,1002.2696253560504,0,0
state,187,2.3404161923183091e-40,2.3404161923183111e-40,2.0391576462495389e-55,2.0391576462495389e-55
state,188,4.9691569484820359e-40,4.9691569484820376e-40,1.6313261169996311e-55,1.6313261169996311e-55
state,189,2.3121931232080635e-40,2.3121931232080655e-40,2.0391576462495389e-55,2.0391576462495389e-55
state,190,4.9272541327089314e-40,4.9272541327089339e-40,2.4469891754994467e-55,2.4469891754994467e-55
state,191,2.2871678661984401e-40,2.2871678661984409e-40,8.1566305849981557e-56,8.1566305849981557e-56
state,192,1002.2696253560504,1002.2696253560504,0,0
state,193,5.1353700923606705e-42,5.1353700923606692e-42,1.2744735289059618e-57,1.2744735289059618e-57
state,194,1.0679741736260088e-41,1.0679741736260081e-41,6.3723676445298091e-57,6.3723676445298091e-57
state,195,5.0755192166637711e-42,5.0755192166637717e-42,6.3723676445298091e-58,6.3723676445298091e-58
state,196,1.05930123872344e-41,1.05930123872344e-41,0,0
state,197,5.0224545516614134e-42,5.0224545516614134e-42,0,0
state,198,1002.2696253560504,1002.2696253560504,0,0
state,199,1.0873547388313306e-43,1.087354738831329e-43,1.5930919111324523e-58,1.5930919111324523e-58
state,200,2.2174889585690624e-43,2.2174889585690588e-43,3.5844568000480176e-58,3.5844568000480176e-58
state,201,1.0750917084403325e-43,1.0750917084403317e-43,7.9654595556622614e-59,7.9654595556622614e-59
state,202,2.2001225844991725e-43,2.2001225844991701e-43,2.3896378666986784e-58,2.3896378666986784e-58
state,203,1.0642202411493802e-43,1.0642202411493796e-43,5.974094666746696e-59,5.974094666746696e-59
state,204,1002.2696253560504,1002.2696253560504,0,0
state,205,2.2244926065571571e-45,2.2244926065571515e-45,5.6007137500750275e-60,5.6007137500750275e-60
state,206,4.4532992415110441e-45,4.4532992415110341e-45,9.9568244445778267e-60,9.9568244445778267e-60
state,207,2.2001888845542762e-45,2.2001888845542722e-45,4.0449599306097421e-60,4.0449599306097421e-60
state,208,4.4196231296939601e-45,4.4196231296939526e-45,7.46761833343337e-60,7.46761833343337e-60
state,209,2.178645487953899e-45,2.1786454879538959e-45,3.1115076389305709e-60,3.1115076389305709e-60
state,210,1002.2696253560504,1002.2696253560504,0,0
state,211,4.402040806856883e-47,4.4020408068568675e-47,1.5557538194652854e-61,1.5557538194652854e-61
state,212,8.6593798202158861e-47,8.6593798202158598e-47,2.6253345703476692e-61,2.6253345703476692e-61
state,213,4.3554016152698318e-47,4.3554016152698202e-47,1.1668153645989641e-61,1.1668153645989641e-61
state,214,8.5960767302252289e-47,8.5960767302252046e-47,2.4308653429145085e-61,2.4308653429145085e-61
state,215,4.3140645487648431e-47,4.3140645487648334e-47,9.7234613716580339e-62,9.7234613716580339e-62
state,216,1002.2696253560504,1002.2696253560504,0,0
state,217,8.4355018402481145e-49,8.435501840248116e-49,1.5192908393215678e-64,1.5192908393215678e-64
state,218,1.6319687664479359e-48,1.6319687664479368e-48,9.1157450359294068e-64,9.1157450359294068e-64
state,219,8.3487537281549032e-49,8.3487537281549108e-49,7.596454196607839e-64,7.596454196607839e-64
state,220,1.6204232722934548e-48,1.6204232722934557e-48,9.1157450359294068e-64,9.1157450359294068e-64
state,221,8.2718773915163794e-49,8.2718773915163916e-49,1.2154326714572542e-63,1.2154326714572542e-63
state,222,1002.2696253560504,1002.2696253560504,0,0
state,223,1.5669029368345026e-50,1.5669029368345014e-50,1.1869459682199748e-65,1.1869459682199748e-65
state,224,2.9837756361865934e-50,2.9837756361865934e-50,0,0
state,225,1.5512497768051869e-50,1.5512497768051871e-50,2.3738919364399497e-66,2.3738919364399497e-66
state,226,2.9633273977321538e-50,2.9633273977321533e-50,4.7477838728798994e-66,4.7477838728798994e-66
state,227,1.5373797951610692e-50,1.5373797951610699e-50,7.1216758093198491e-66,7.1216758093198491e-66
state,228,1002.2696253560504,1002.2696253560504,0,0
state,229,2.8239752145123154e-52,2.8239752145123235e-52,8.160253531512327e-67,8.160253531512327e-67
state,230,5.2970569668229482e-52,5.2970569668229682e-52,2.0029713213712075e-66,2.0029713213712075e-66
state,231,2.7965496195265748e-52,2.7965496195265852e-52,1.038577722192478e-66,1.038577722192478e-66
state,232,5.2618600202345339e-52,5.2618600202345539e-52,2.0029713213712075e-66,2.0029713213712075e-66
state,233,2.7722517209739041e-52,2.7722517209739163e-52,1.2240380297268491e-66,1.2240380297268491e-66
state,234,1002.2696253560504,1002.2696253560504,0,0
state,235,4.9426019723408157e-54,4.9426019723408256e-54,9.8525788377634631e-69,9.8525788377634631e-69
state,236,9.1386059157784917e-54,9.1386059157785161e-54,2.4341665363886203e-68,2.4341665363886203e-68
state,237,4.8959059354012507e-54,4.8959059354012629e-54,1.2170832681943101e-68,1.2170832681943101e-68
state,238,9.0796821525837322e-54,9.0796821525837565e-54,2.4341665363886203e-68,2.4341665363886203e-68
state,239,4.8545412833154497e-54,4.8545412833154659e-54,1.6227776909257469e-68,1.6227776909257469e-68
state,240,1002.2696253560504,1002.2696253560504,0,0
state,241,8.4079825907299493e-56,8.4079825907299602e-56,1.0866814894592055e-70,1.0866814894592055e-70
state,242,1.5333605807452398e-55,1.5333605807452424e-55,2.5355901420714795e-70,2.5355901420714795e-70
state,243,8.3306589410738857e-56,8.3306589410739002e-56,1.448908652612274e-70,1.448908652612274e-70
state,244,1.5237593832123028e-55,1.5237593832123057e-55,2.897817305224548e-70,2.897817305224548e-70
state,245,8.2621737672826124e-56,8.2621737672826342e-56,2.173362978918411e-70,2.173362978918411e-70
state,246,1002.2696253560504,1002.2696253560504,0,0
state,247,1.3912773346146319e-57,1.3912773346146328e-57,8.4896991364000428e-73,8.4896991364000428e-73
state,248,2.5040962117147731e-57,2.5040962117147751e-57,1.9809297984933433e-72,1.9809297984933433e-72
state,249,1.3788157443432772e-57,1.3788157443432786e-57,1.4149498560666738e-72,1.4149498560666738e-72
state,250,2.4888589615559775e-57,2.4888589615559803e-57,2.8298997121333476e-72,2.8298997121333476e-72
state,251,1.3677802713880757e-57,1.3677802713880777e-57,1.9809297984933433e-72,1.9809297984933433e-72
state,252,1002.2696253560504,1002.2696253560504,0,0
state,253,2.2410224708384134e-59,2.241022470838413e-59,4.4217183002083556e-75,4.4217183002083556e-75
state,254,3.9829601661768883e-59,3.9829601661768883e-59,0,0
state,255,2.2214625453732373e-59,2.2214625453732381e-59,8.8434366004167113e-75,8.8434366004167113e-75
state,256,3.959392537262028e-59,3.9593925372620289e-59,8.8434366004167113e-75,8.8434366004167113e-75
state,257,2.2041437955271207e-59,2.2041437955271229e-59,2.2108591501041778e-74,2.2108591501041778e-74
state,258,1002.2696253560504,1002.2696253560504,0,0
state,259,3.5163827999568839e-61,3.5163827999568818e-61,2.0726804532226667e-76,2.0726804532226667e-76
state,260,6.1744575232015931e-61,6.1744575232015869e-61,6.2180413596680001e-76,6.2180413596680001e-76
state,261,3.4864614028869064e-61,3.4864614028869043e-61,2.0726804532226667e-76,2.0726804532226667e-76
state,262,6.1389090267740535e-61,6.1389090267740507e-61,2.7635739376302223e-76,2.7635739376302223e-76
state,263,3.4599726301886567e-61,3.4599726301886574e-61,6.9089348440755557e-77,6.9089348440755557e-77
state,264,1002.2696253560504,1002.2696253560504,0,0
state,265,5.3784070196938338e-63,5.3784070196938241e-63,9.7156896244812502e-78,9.7156896244812502e-78
state,266,9.3347811129883408e-63,9.3347811129883278e-63,1.2954252832641667e-77,1.2954252832641667e-77
state,267,5.3337703868746133e-63,5.3337703868746047e-63,8.6361685550944446e-78,8.6361685550944446e-78
state,268,9.2824599161079491e-63,9.2824599161079383e-63,1.0795210693868056e-77,1.0795210693868056e-77
state,269,5.2942609416110079e-63,5.2942609416110036e-63,4.3180842775472223e-78,4.3180842775472223e-78
state,270,1002.2696253560504,1002.2696253560504,0,0
state,271,8.0240461707972087e-65,8.0240461707971868e-65,2.1927771721919488e-79,2.1927771721919488e-79
state,272,1.3771540574713592e-64,1.3771540574713562e-64,3.0361530076503907e-79,3.0361530076503907e-79
state,273,7.9590696615224997e-65,7.9590696615224795e-65,2.0241020051002605e-79,2.0241020051002605e-79
state,274,1.3696356096873789e-64,1.3696356096873759e-64,3.0361530076503907e-79,3.0361530076503907e-79
state,275,7.901566137770803e-65,7.9015661377707895e-65,1.349401336733507e-79,1.349401336733507e-79
state,276,1002.2696253560504,1002.2696253560504,0,0
state,277,1.1683572514340483e-66,1.1683572514340442e-66,4.0851017030018277e-81,4.0851017030018277e-81
state,278,1.9837249390317081e-66,1.9837249390317012e-66,6.8524286630998401e-81,6.8524286630998401e-81
state,279,1.1591225117984685e-66,1.1591225117984646e-66,3.9533242287114462e-81,3.9533242287114462e-81
state,280,1.9731712443774344e-66,1.9731712443774286e-66,5.7982088687767878e-81,5.7982088687767878e-81
state,281,1.1509512247372961e-66,1.1509512247372932e-66,2.8991044343883939e-81,2.8991044343883939e-81
state,282,1002.2696253560504,1002.2696253560504,0,0
state,283,1.6612967751355645e-68,1.6612967751355567e-68,7.824287535991404e-83,7.824287535991404e-83
state,284,2.7914906785250403e-68,2.7914906785250283e-68,1.1942333607565827e-82,1.1942333607565827e-82
state,285,1.6484754643674996e-68,1.6484754643674928e-68,6.7947760180977982e-83,6.7947760180977982e-83
state,286,2.7770120354010155e-68,2.777012035401004e-68,1.1530529000408385e-82,1.1530529000408385e-82
state,287,1.6371325351077806e-68,1.6371325351077746e-68,5.9711668037829135e-83,5.9711668037829135e-83
state,288,1002.2696253560504,1002.2696253560504,0,0
state,289,2.3080352956662586e-70,2.3080352956662667e-70,8.0430587335437952e-85,8.0430587335437952e-85
state,290,3.8394634625497919e-70,3.8394634625498067e-70,1.4799228069720583e-84,1.4799228069720583e-84
state,291,2.2906370762971141e-70,2.2906370762971228e-70,8.6865034322272988e-85,8.6865034322272988e-85
state,292,3.8200407681771959e-70,3.8200407681772107e-70,1.4799228069720583e-84,1.4799228069720583e-84
state,293,2.2752475968644242e-70,2.2752475968644351e-70,1.0938559877619561e-84,1.0938559877619561e-84
state,294,1002.2696253560504,1002.2696253560504,0,0
state,295,3.1346134690487205e-72,3.1346134690487285e-72,8.0430587335437952e-87,8.0430587335437952e-87
state,296,5.1641356403683744e-72,5.1641356403683895e-72,1.5080735125394616e-86,1.5080735125394616e-86
state,297,3.1115270535898418e-72,3.1115270535898513e-72,9.5511322460832568e-87,9.5511322460832568e-87
state,298,5.1386467276670946e-72,5.1386467276671107e-72,1.608611746708759e-86,1.608611746708759e-86
state,299,3.0911096086166102e-72,3.0911096086166223e-72,1.2064588100315693e-86,1.2064588100315693e-86
state,300,1002.2696253560504,1002.2696253560504,0,0
state,301,4.163740245564953e-74,4.16374024556496e-74,7.0690945900287262e-89,7.0690945900287262e-89
state,302,6.7954865901267823e-74,6.7954865901267964e-74,1.4138189180057452e-88,1.4138189180057452e-88
state,303,4.1337698490514975e-74,4.1337698490515069e-74,9.425459453371635e-89,9.425459453371635e-89
state,304,6.7627490139860753e-74,6.7627490139860934e-74,1.8065463952295634e-88,1.8065463952295634e-88
state,305,4.1072688258925939e-74,4.1072688258926049e-74,1.0996369362266907e-88,1.0996369362266907e-88
state,306,0,0,0,0
state,307,0.016358631912113647,0.016358631912113647,0,0
state,308,0.0096206294747631111,0.0096206294747631111,0,0
state,309,0.017635201700641541,0.017635201700641541,0,0
state,310,0.010469022101950212,0.010469022101950212,0,0
state,311,0.018902856272289329,0.018902856272289329,0,0
state,312,0,0,0,0
state,313,0.011543279913634507,0.011543279913634507,0,0
state,314,0.0081567442474003264,0.0081567442474003264,0,0
state,315,0.012240293208650463,0.012240293208650463,0,0
state,316,0.0087287636505241576,0.0087287636505241576,0,0
state,317,0.012870168605982639,0.012870168605982639,0,0
state,318,0,0,0,0
state,319,0.0017507704964990715,0.0017507704964990706,8.6736173798840355e-19,8.6736173798840355e-19
state,320,0.0021330633597458799,0.0021330633597458782,1.7347234759768071e-18,1.7347234759768071e-18
state,321,0.0016317380511420428,0.0016317380511420428,0,0
state,322,0.0020668018292757293,0.0020668018292757293,0,0
state,323,0.0015220779285673503,0.0015220779285673503,0,0
state,324,0,0,0,0
state,325,4.7693270145797915e-05,4.7693270145797915e-05,0,0
state,326,9.7189660675977177e-05,9.7189660675977164e-05,1.3552527156068805e-20,1.3552527156068805e-20
state,327,4.3374731718728558e-05,4.3374731718728558e-05,0,0
state,328,9.0463980121680476e-05,9.046398012168053e-05,5.4210108624275222e-20,5.4210108624275222e-20
state,329,3.9712288037006507e-05,3.9712288037006493e-05,1.3552527156068805e-20,1.3552527156068805e-20
state,330,0,0,0,0
state,331,1.1051629620074693e-06,1.1051629620074693e-06,0,0
state,332,3.2342217865747482e-06,3.2342217865747457e-06,2.541098841762901e-21,2.541098841762901e-21
state,333,1.0073621937593566e-06,1.0073621937593558e-06,8.4703294725430034e-22,8.4703294725430034e-22
state,334,3.0148397560702679e-06,3.0148397560702679e-06,0,0
state,335,9.2440512736825833e-07,9.2440512736825791e-07,4.2351647362715017e-22,4.2351647362715017e-22
state,336,0,0,0,0
state,337,2.5429037249522447e-08,2.5429037249522444e-08,3.3087224502121107e-24,3.3087224502121107e-24
state,338,1.0545641685757971e-07,1.0545641685757966e-07,5.2939559203393771e-23,5.2939559203393771e-23
state,339,2.3247674338399965e-08,2.3247674338399952e-08,1.3234889800848443e-23,1.3234889800848443e-23
state,340,9.8646239576436204e-08,9.8646239576436204e-08,0,0
state,341,2.1393219456751081e-08,2.1393219456751061e-08,1.9852334701272664e-23,1.9852334701272664e-23
state,342,0,0,0,0
state,343,5.8309262059935986e-10,5.8309262059936007e-10,2.0679515313825692e-25,2.0679515313825692e-25
state,344,3.409150935515107e-09,3.4091509355151066e-09,4.1359030627651384e-25,4.1359030627651384e-25
state,345,5.3464127164984058e-10,5.3464127164984058e-10,0,0
state,346,3.2001160274899231e-09,3.2001160274899231e-09,0,0
state,347,4.9335734467641294e-10,4.9335734467641274e-10,2.0679515313825692e-25,2.0679515313825692e-25
state,348,0,0,0,0
state,349,1.2512441730144906e-11,1.2512441730144901e-11,4.8467614016778965e-27,4.8467614016778965e-27
state,350,1.0130811129864893e-10,1.0130811129864884e-10,9.0472879497987402e-26,9.0472879497987402e-26
state,351,1.1492682079679553e-11,1.1492682079679537e-11,1.6155871338926322e-26,1.6155871338926322e-26
state,352,9.5364305606110291e-11,9.5364305606110226e-11,6.4623485355705287e-26,6.4623485355705287e-26
state,353,1.062221549428923e-11,1.062221549428922e-11,9.6935228033557931e-27,9.6935228033557931e-27
state,354,0,0,0,0
state,355,0,0,0,0
state,356,0,0,0,0
state,357,0,0,0,0
state,358,0,0,0,0
state,359,0,0,0,0
state,360,0,0,0,0
state,361,0,0,0,0
state,362,0,0,0,0
state,363,0,0,0,0
state,364,0,0,0,0
state,365,0,0,0,0
state,366,0,0,0,0
state,367,0,0,0,0
state,368,0,0,0,0
state,369,0,0,0,0
state,370,0,0,0,0
state,371,0,0,0,0
state,372,0,0,0,0
state,373,0,0,0,0
state,374,0,0,0,0
state,375,0,0,0,0
state,376,0,0,0,0
state,377,0,0,0,0
state,378,0,0,0,0
state,379,0,0,0,0
state,380,0,0,0,0
state,381,0,0,0,0
state,382,0,0,0,0
state,383,0,0,0,0
state,384,0,0,0,0
state,385,0,0,0,0
state,386,0,0,0,0
state,387,0,0,0,0
state,388,0,0,0,0
state,389,0,0,0,0
state,390,0,0,0,0
state,391,0,0,0,0
state,392,0,0,0,0
state,393,0,0,0,0
state,394,0,0,0,0
state,395,0,0,0,0
state,396,0,0,0,0
state,397,0,0,0,0
state,398,0,0,0,0
state,399,0,0,0,0
state,400,0,0,0,0
state,401,0,0,0,0
state,402,0,0,0,0
state,403,0,0,0,0
state,404,0,0,0,0
state,405,0,0,0,0
state,406,0,0,0,0
state,407,0,0,0,0
state,408,0,0,0,0
state,409,0,0,0,0
state,410,0,0,0,0
state,411,0,0,0,0
state,412,0,0,0,0
state,413,0,0,0,0
state,414,0,0,0,0
state,415,0,0,0,0
state,416,0,0,0,0
state,417,0,0,0,0
state,418,0,0,0,0
state,419,0,0,0,0
state,420,0,0,0,0
state,421,0,0,0,0
state,422,0,0,0,0
state,423,0,0,0,0
state,424,0,0,0,0
state,425,0,0,0,0
state,426,0,0,0,0
state,427,0,0,0,0
state,428,0,0,0,0
state,429,0,0,0,0
state,430,0,0,0,0
state,431,0,0,0,0
state,432,0,0,0,0
state,433,0,0,0,0
state,434,0,0,0,0
state,435,0,0,0,0
state,436,0,0,0,0
state,437,0,0,0,0
state,438,0,0,0,0
state,439,0,0,0,0
state,440,0,0,0,0
state,441,0,0,0,0
state,442,0,0,0,0
state,443,0,0,0,0
state,444,0,0,0,0
state,445,0,0,0,0
state,446,0,0,0,0
state,447,0,0,0,0
state,448,0,0,0,0
state,449,0,0,0,0
state,450,0,0,0,0
state,451,0,0,0,0
state,452,0,0,0,0
state,453,0,0,0,0
state,454,0,0,0,0
state,455,0,0,0,0
state,456,0,0,0,0
state,457,0,0,0,0
state,458,0,0,0,0
state,459,0,0,0,0
state,460,0,0,0,0
state,461,0,0,0,0
state,462,0,0,0,0
state,463,0,0,0,0
state,464,0,0,0,0
state,465,0,0,0,0
state,466,0,0,0,0
state,467,0,0,0,0
state,468,0,0,0,0
state,469,0,0,0,0
state,470,0,0,0,0
state,471,0,0,0,0
state,472,0,0,0,0
state,473,0,0,0,0
state,474,0,0,0,0
state,475,0,0,0,0
state,476,0,0,0,0
state,477,0,0,0,0
state,478,0,0,0,0
state,479,0,0,0,0
state,480,0,0,0,0
state,481,0,0,0,0
state,482,0,0,0,0
state,483,0,0,0,0
state,484,0,0,0,0
state,485,0,0,0,0
state,486,0,0,0,0
state,487,0,0,0,0
state,488,0,0,0,0
state,489,0,0,0,0
state,490,0,0,0,0
state,491,0,0,0,0
state,492,0,0,0,0
state,493,0,0,0,0
state,494,0,0,0,0
state,495,0,0,0,0
state,496,0,0,0,0
state,497,0,0,0,0
state,498,0,0,0,0
state,499,0,0,0,0
state,500,0,0,0,0
state,501,0,0,0,0
state,502,0,0,0,0
state,503,0,0,0,0
state,504,0,0,0,0
state,505,0,0,0,0
state,506,0,0,0,0
state,507,0,0,0,0
state,508,0,0,0,0
state,509,0,0,0,0
state,510,0,0,0,0
state,511,0,0,0,0
state,512,0,0,0,0
state,513,0,0,0,0
state,514,0,0,0,0
state,515,0,0,0,0
state,516,0,0,0,0
state,517,0,0,0,0
state,518,0,0,0,0
state,519,0,0,0,0
state,520,0,0,0,0
state,521,0,0,0,0
state,522,0,0,0,0
state,523,0,0,0,0
state,524,0,0,0,0
state,525,0,0,0,0
state,526,0,0,0,0
state,527,0,0,0,0
state,528,0,0,0,0
state,529,0,0,0,0
state,530,0,0,0,0
state,531,0,0,0,0
state,532,0,0,0,0
state,533,0,0,0,0
state,534,0,0,0,0
state,535,0,0,0,0
state,536,0,0,0,0
state,537,0,0,0,0
state,538,0,0,0,0
state,539,0,0,0,0
state,540,0,0,0,0
state,541,0,0,0,0
state,542,0,0,0,0
state,543,0,0,0,0
state,544,0,0,0,0
state,545,0,0,0,0
state,546,0,0,0,0
state,547,0,0,0,0
state,548,0,0,0,0
state,549,0,0,0,0
state,550,0,0,0,0
state,551,0,0,0,0
state,552,0,0,0,0
state,553,0,0,0,0
state,554,0,0,0,0
state,555,0,0,0,0
state,556,0,0,0,0
state,557,0,0,0,0
state,558,0,0,0,0
state,559,0,0,0,0
state,560,0,0,0,0
state,561,0,0,0,0
state,562,0,0,0,0
state,563,0,0,0,0
state,564,0,0,0,0
state,565,0,0,0,0
state,566,0,0,0,0
state,567,0,0,0,0
state,568,0,0,0,0
state,569,0,0,0,0
state,570,0,0,0,0
state,571,0,0,0,0
state,572,0,0,0,0
state,573,0,0,0,0
state,574,0,0,0,0
state,575,0,0,0,0
state,576,0,0,0,0
state,577,0,0,0,0
state,578,0,0,0,0
state,579,0,0,0,0
state,580,0,0,0,0
state,581,0,0,0,0
state,582,0,0,0,0
state,583,0,0,0,0
state,584,0,0,0,0
state,585,0,0,0,0
state,586,0,0,0,0
state,587,0,0,0,0
state,588,0,0,0,0
state,589,0,0,0,0
state,590,0,0,0,0
state,591,0,0,0,0
state,592,0,0,0,0
state,593,0,0,0,0
state,594,0,0,0,0
state,595,0,0,0,0
state,596,0,0,0,0
state,597,0,0,0,0
state,598,0,0,0,0
state,599,0,0,0,0
state,600,0,0,0,0
state,601,0,0,0,0
state,602,0,0,0,0
state,603,0,0,0,0
state,604,0,0,0,0
state,605,0,0,0,0
state,606,0,0,0,0
state,607,0,0,0,0
state,608,0,0,0,0
state,609,0,0,0,0
state,610,0,0,0,0
state,611,0,0,0,0
state,612,0,0,0,0
state,613,2.2641412026122278e-05,2.2641412026122278e-05,0,0
state,614,2.7816845679060101e-05,2.7816845679060101e-05,0,0
state,615,3.3564161514188416e-05,3.3564161514188416e-05,0,0
state,616,3.9886916574816497e-05,3.9886916574816497e-05,0,0
state,617,4.6787887002782982e-05,4.6787887002782982e-05,0,0
state,618,0,0,0,0
state,619,1.0730166887206824e-11,1.0730166887206824e-11,0,0
state,620,2.2676556574909204e-11,2.2676556574909207e-11,3.2311742677852644e-27,3.2311742677852644e-27
state,621,1.5032115376360889e-11,1.5032115376360889e-11,0,0
state,622,3.2005460211642533e-11,3.2005460211642533e-11,0,0
state,623,1.9757598512923739e-11,1.9757598512923742e-11,3.2311742677852644e-27,3.2311742677852644e-27
state,624,0,0,0,0
state,625,1.0350376350439296e-14,1.0350376350439291e-14,4.7331654313260708e-30,4.7331654313260708e-30
state,626,6.1423765461581854e-14,6.1423765461581804e-14,5.0487097934144756e-29,5.0487097934144756e-29
state,627,1.4155785421940487e-14,1.415578542194047e-14,1.735493991486226e-29,1.735493991486226e-29
state,628,8.435023254577084e-14,8.435023254577084e-14,0,0
state,629,1.8256043725042195e-14,1.8256043725042177e-14,1.8932661725304283e-29,1.8932661725304283e-29
state,630,0,0,0,0
state,631,5.5172851467906305e-18,5.5172851467906297e-18,7.7037197775489434e-34,7.7037197775489434e-34
state,632,6.7757661046421087e-17,6.775766104642105e-17,3.6977854932234928e-32,3.6977854932234928e-32
state,633,7.5824250528260235e-18,7.5824250528260142e-18,9.2444637330587321e-33,9.2444637330587321e-33
state,634,9.351072155584641e-17,9.3510721555846459e-17,4.9303806576313238e-32,4.9303806576313238e-32
state,635,9.8248731955008591e-18,9.8248731955008514e-18,7.7037197775489434e-33,7.7037197775489434e-33
state,636,0,0,0,0
state,637,2.8660679035347554e-21,2.8660679035347539e-21,1.504632769052528e-36,1.504632769052528e-36
state,638,7.0310711407305254e-20,7.0310711407305169e-20,8.4259435066941569e-35,8.4259435066941569e-35
state,639,3.9613240864984805e-21,3.9613240864984738e-21,6.770847460736376e-36,6.770847460736376e-36
state,640,9.769817685576824e-20,9.769817685576824e-20,0,0
state,641,5.1605164924882993e-21,5.1605164924882963e-21,3.009265538105056e-36,3.009265538105056e-36
state,642,0,0,0,0
state,643,1.4770889009038124e-24,1.4770889009038124e-24,0,0
state,644,7.1602376516887958e-23,7.1602376516887911e-23,4.70197740328915e-38,4.70197740328915e-38
state,645,2.0531552281298879e-24,2.0531552281298849e-24,2.9387358770557188e-39,2.9387358770557188e-39
state,646,1.001683710310137e-22,1.0016837103101374e-22,3.5264830524668625e-38,3.5264830524668625e-38
state,647,2.6890383689875312e-24,2.6890383689875271e-24,4.0407618309516133e-39,4.0407618309516133e-39
state,648,0,0,0,0
state,649,7.7511696151038114e-28,7.7511696151038159e-28,4.4841550858394146e-43,4.4841550858394146e-43
state,650,7.201625622862002e-26,7.2016256228619974e-26,4.5917748078995606e-41,4.5917748078995606e-41
state,651,1.0851683248089672e-27,1.0851683248089667e-27,5.3809861030072976e-43,5.3809861030072976e-43
state,652,1.0144788192348601e-25,1.0144788192348606e-25,4.5917748078995606e-41,4.5917748078995606e-41
state,653,1.4309828766633254e-27,1.4309828766633245e-27,8.9683101716788293e-43,8.9683101716788293e-43
state,654,0,0,0,0
state,655,1.2804156210229056e-30,1.2804156210229051e-30,5.254869241218064e-46,5.254869241218064e-46
state,656,1.5128910584035807e-28,1.5128910584035776e-28,3.1389085600875902e-43,3.1389085600875902e-43
state,657,1.8343561726653944e-30,1.8343561726653926e-30,1.7516230804060213e-45,1.7516230804060213e-45
state,658,2.1653117762332955e-28,2.1653117762332928e-28,2.6904930515036488e-43,2.6904930515036488e-43
state,659,2.4721299993415977e-30,2.4721299993415914e-30,6.3058430894616768e-45,6.3058430894616768e-45
state,660,0,0,0,0
state,661,0,0,0,0
state,662,0,0,0,0
state,663,0,0,0,0
state,664,0,0,0,0
state,665,0,0,0,0
state,666,0,0,0,0
state,667,0,0,0,0
state,668,0,0,0,0
state,669,0,0,0,0
state,670,0,0,0,0
state,671,0,0,0,0
state,672,0,0,0,0
state,673,0,0,0,0
state,674,0,0,0,0
state,675,0,0,0,0
state,676,0,0,0,0
state,677,0,0,0,0
state,678,0,0,0,0
state,679,0,0,0,0
state,680,0,0,0,0
state,681,0,0,0,0
state,682,0,0,0,0
state,683,0,0,0,0
state,684,0,0,0,0
state,685,0,0,0,0
state,686,0,0,0,0
state,687,0,0,0,0
state,688,0,0,0,0
state,689,0,0,0,0
state,690,0,0,0,0
state,691,0,0,0,0
state,692,0,0,0,0
state,693,0,0,0,0
state,694,0,0,0,0
state,695,0,0,0,0
state,696,0,0,0,0
state,697,0,0,0,0
state,698,0,0,0,0
state,699,0,0,0,0
state,700,0,0,0,0
state,701,0,0,0,0
state,702,0,0,0,0
state,703,0,0,0,0
state,704,0,0,0,0
state,705,0,0,0,0
state,706,0,0,0,0
state,707,0,0,0,0
state,708,0,0,0,0
state,709,0,0,0,0
state,710,0,0,0,0
state,711,0,0,0,0
state,712,0,0,0,0
state,713,0,0,0,0
state,714,0,0,0,0
state,715,0,0,0,0
state,716,0,0,0,0
state,717,0,0,0,0
state,718,0,0,0,0
state,719,0,0,0,0
state,720,0,0,0,0
state,721,0,0,0,0
state,722,0,0,0,0
state,723,0,0,0,0
state,724,0,0,0,0
state,725,0,0,0,0
state,726,0,0,0,0
state,727,0,0,0,0
state,728,0,0,0,0
state,729,0,0,0,0
state,730,0,0,0,0
state,731,0,0,0,0
state,732,0,0,0,0
state,733,0,0,0,0
state,734,0,0,0,0
state,735,0,0,0,0
state,736,0,0,0,0
state,737,0,0,0,0
state,738,0,0,0,0
state,739,0,0,0,0
state,740,0,0,0,0
state,741,0,0,0,0
state,742,0,0,0,0
state,743,0,0,0,0
state,744,0,0,0,0
state,745,0,0,0,0
state,746,0,0,0,0
state,747,0,0,0,0
state,748,0,0,0,0
state,749,0,0,0,0
state,750,0,0,0,0
state,751,0,0,0,0
state,752,0,0,0,0
state,753,0,0,0,0
state,754,0,0,0,0
state,755,0,0,0,0
state,756,0,0,0,0
state,757,0,0,0,0
state,758,0,0,0,0
state,759,0,0,0,0
state,760,0,0,0,0
state,761,0,0,0,0
state,762,0,0,0,0
state,763,0,0,0,0
state,764,0,0,0,0
state,765,0,0,0,0
state,766,0,0,0,0
state,767,0,0,0,0
state,768,0,0,0,0
state,769,0,0,0,0
state,770,0,0,0,0
state,771,0,0,0,0
state,772,0,0,0,0
state,773,0,0,0,0
state,774,0,0,0,0
state,775,0,0,0,0
state,776,0,0,0,0
state,777,0,0,0,0
state,778,0,0,0,0
state,779,0,0,0,0
state,780,0,0,0,0
state,781,0,0,0,0
state,782,0,0,0,0
state,783,0,0,0,0
state,784,0,0,0,0
state,785,0,0,0,0
state,786,0,0,0,0
state,787,0,0,0,0
state,788,0,0,0,0
state,789,0,0,0,0
state,790,0,0,0,0
state,791,0,0,0,0
state,792,0,0,0,0
state,793,0,0,0,0
state,794,0,0,0,0
state,795,0,0,0,0
state,796,0,0,0,0
state,797,0,0,0,0
state,798,0,0,0,0
state,799,0,0,0,0
state,800,0,0,0,0
state,801,0,0,0,0
state,802,0,0,0,0
state,803,0,0,0,0
state,804,0,0,0,0
state,805,0,0,0,0
state,806,0,0,0,0
state,807,0,0,0,0
state,808,0,0,0,0
state,809,0,0,0,0
state,810,0,0,0,0
state,811,0,0,0,0
state,812,0,0,0,0
state,813,0,0,0,0
state,814,0,0,0,0
state,815,0,0,0,0
state,816,0,0,0,0
state,817,0,0,0,0
state,818,0,0,0,0
state,819,0,0,0,0
state,820,0,0,0,0
state,821,0,0,0,0
state,822,0,0,0,0
state,823,0,0,0,0
state,824,0,0,0,0
state,825,0,0,0,0
state,826,0,0,0,0
state,827,0,0,0,0
state,828,0,0,0,0
state,829,0,0,0,0
state,830,0,0,0,0
state,831,0,0,0,0
state,832,0,0,0,0
state,833,0,0,0,0
state,834,0,0,0,0
state,835,0,0,0,0
state,836,0,0,0,0
state,837,0,0,0,0
state,838,0,0,0,0
state,839,0,0,0,0
state,840,0,0,0,0
state,841,0,0,0,0
state,842,0,0,0,0
state,843,0,0,0,0
state,844,0,0,0,0
state,845,0,0,0,0
state,846,0,0,0,0
state,847,0,0,0,0
state,848,0,0,0,0
state,849,0,0,0,0
state,850,0,0,0,0
state,851,0,0,0,0
state,852,0,0,0,0
state,853,0,0,0,0
state,854,0,0,0,0
state,855,0,0,0,0
state,856,0,0,0,0
state,857,0,0,0,0
state,858,0,0,0,0
state,859,0,0,0,0
state,860,0,0,0,0
state,861,0,0,0,0
state,862,0,0,0,0
state,863,0,0,0,0
state,864,0,0,0,0
state,865,0,0,0,0
state,866,0,0,0,0
state,867,0,0,0,0
state,868,0,0,0,0
state,869,0,0,0,0
state,870,0,0,0,0
state,871,0,0,0,0
state,872,0,0,0,0
state,873,0,0,0,0
state,874,0,0,0,0
state,875,0,0,0,0
state,876,0,0,0,0
state,877,0,0,0,0
state,878,0,0,0,0
state,879,0,0,0,0
state,880,0,0,0,0
state,881,0,0,0,0
state,882,0,0,0,0
state,883,0,0,0,0
state,884,0,0,0,0
state,885,0,0,0,0
state,886,0,0,0,0
state,887,0,0,0,0
state,888,0,0,0,0
state,889,0,0,0,0
state,890,0,0,0,0
state,891,0,0,0,0
state,892,0,0,0,0
state,893,0,0,0,0
state,894,0,0,0,0
state,895,0,0,0,0
state,896,0,0,0,0
state,897,0,0,0,0
state,898,0,0,0,0
state,899,0,0,0,0
state,900,0,0,0,0
state,901,0,0,0,0
state,902,0,0,0,0
state,903,0,0,0,0
state,904,0,0,0,0
state,905,0,0,0,0
state,906,0,0,0,0
state,907,0,0,0,0
state,908,0,0,0,0
state,909,0,0,0,0
state,910,0,0,0,0
state,911,0,0,0,0
state,912,0,0,0,0
state,913,0,0,0,0
state,914,0,0,0,0
state,915,0,0,0,0
state,916,0,0,0,0
state,917,0,0,0,0
state,918,701.58873774923518,701.58873774923518,0,0
state,919,60.136171546727745,60.136171546727745,0,0
state,920,60.136170180773121,60.136170180773121,0,0
state,921,60.136168663770498,60.136168663770498,0,0
state,922,60.136166994746326,60.136166994746326,0,0
state,923,60.136165172929367,60.136165172929367,0,0
state,924,1002.2696253560504,1002.2696253560504,0,0
state,925,2.8936739424313265,2.8936739424313256,8.8817841970012523e-16,3.0693797482720488e-16
state,926,3.9701243724321307,3.9701243724321298,8.8817841970012523e-16,2.2371551527893819e-16
state,927,2.6750459732972858,2.6750459732972858,0,0
state,928,3.7930562225513786,3.7930562225513786,0,0
state,929,2.4771682278220188,2.4771682278220188,0,0
state,930,1002.2696253560504,1002.2696253560504,0,0
state,931,0.082002106563532559,0.082002106563532559,0,0
state,932,0.18325375789421733,0.18325375789421733,0,0
state,933,0.074126053255263821,0.074126053255263766,5.5511151231257827e-17,5.5511151231257827e-17
state,934,0.1694997816204438,0.16949978162044374,5.5511151231257827e-17,5.5511151231257827e-17
state,935,0.067475335915870807,0.067475335915870793,1.3877787807814457e-17,1.3877787807814457e-17
state,936,1002.2696253560504,1002.2696253560504,0,0
state,937,0.0019141753366090912,0.0019141753366090912,0,0
state,938,0.0061731744696371356,0.0061731744696371322,3.4694469519536142e-18,3.4694469519536142e-18
state,939,0.001734513470424683,0.001734513470424683,0,0
state,940,0.0057211631959970706,0.0057211631959970706,0,0
state,941,0.0015827269956288944,0.0015827269956288936,8.6736173798840355e-19,8.6736173798840355e-19
state,942,1002.2696253560504,1002.2696253560504,0,0
state,943,4.4330810019792903e-05,4.4330810019792903e-05,0,0
state,944,0.00020392775231385017,0.00020392775231385001,1.6263032587282567e-19,1.6263032587282567e-19
state,945,4.0295152211939728e-05,4.0295152211939687e-05,4.0657581468206416e-20,4.0657581468206416e-20
state,946,0.00018970320913978258,0.00018970320913978256,2.7105054312137611e-20,2.7105054312137611e-20
state,947,3.6877557423636857e-05,3.687755742363683e-05,2.7105054312137611e-20,2.7105054312137611e-20
state,948,1002.2696253560504,1002.2696253560504,0,0
state,949,1.0239520175148918e-06,1.0239520175148918e-06,0,0
state,950,6.6867041159127132e-06,6.6867041159127048e-06,8.4703294725430034e-21,8.4703294725430034e-21
state,951,9.3363538736635867e-07,9.3363538736635814e-07,5.2939559203393771e-22,5.2939559203393771e-22
state,952,6.2435574219595514e-06,6.2435574219595548e-06,3.3881317890172014e-21,3.3881317890172014e-21
state,953,8.5696755767868796e-07,8.5696755767868712e-07,8.4703294725430034e-22,8.4703294725430034e-22
state,954,1002.2696253560504,1002.2696253560504,0,0
state,955,2.3714461533432238e-08,2.3714461533432238e-08,0,0
state,956,2.1777544508870823e-07,2.1777544508870807e-07,1.5881867761018131e-22,1.5881867761018131e-22
state,957,2.1699346097846036e-08,2.1699346097846016e-08,1.9852334701272664e-23,1.9852334701272664e-23
state,958,2.0410345521502876e-07,2.0410345521502876e-07,0,0
state,959,1.9984651001728382e-08,1.9984651001728375e-08,6.6174449004242214e-24,6.6174449004242214e-24
state,960,1002.2696253560504,1002.2696253560504,0,0
state,961,1.166077698862646e-09,1.1660776988626451e-09,8.2718061255302767e-25,8.2718061255302767e-25
state,962,1.1458091086021574e-08,1.1458091086021558e-08,1.6543612251060553e-23,1.6543612251060553e-23
state,963,1.090113939653924e-09,1.0901139396539228e-09,1.2407709188295415e-24,1.2407709188295415e-24
state,964,1.0864190326866823e-08,1.0864190326866813e-08,9.9261673506363321e-24,9.9261673506363321e-24
state,965,1.0248059911202803e-09,1.0248059911202797e-09,6.2038545941477076e-25,6.2038545941477076e-25
state,966,1002.2696253560504,1002.2696253560504,0,0
state,967,2.4024794263955277e-10,2.4024794263955272e-10,5.169878828456423e-26,5.169878828456423e-26
state,968,1.8209790365255649e-09,1.8209790365255649e-09,0,0
state,969,2.2781574040529011e-10,2.2781574040529001e-10,1.0339757656912846e-25,1.0339757656912846e-25
state,970,1.7466621085135384e-09,1.7466621085135376e-09,8.2718061255302767e-25,8.2718061255302767e-25
state,971,2.1701287835098535e-10,2.1701287835098527e-10,7.7548182426846345e-26,7.7548182426846345e-26
state,972,1002.2696253560504,1002.2696253560504,0,0
state,973,3.4368834576998523e-11,3.4368834576998523e-11,0,0
state,974,2.176237855932423e-10,2.1762378559324223e-10,7.7548182426846345e-26,7.7548182426846345e-26
state,975,3.2846690422867871e-11,3.2846690422867884e-11,1.2924697071141057e-26,1.2924697071141057e-26
state,976,2.1017240717575273e-10,2.1017240717575278e-10,5.169878828456423e-26,5.169878828456423e-26
state,977,3.1516095798326045e-11,3.1516095798326045e-11,0,0
state,978,1002.2696253560504,1002.2696253560504,0,0
state,979,3.7709099700040195e-12,3.7709099700040219e-12,2.4233807008389483e-27,2.4233807008389483e-27
state,980,2.086643332654642e-11,2.086643332654642e-11,0,0
state,981,3.6226098486535874e-12,3.6226098486535894e-12,2.0194839173657902e-27,2.0194839173657902e-27
state,982,2.0243527026874736e-11,2.0243527026874736e-11,0,0
state,983,3.4924888687580946e-12,3.4924888687580963e-12,1.6155871338926322e-27,1.6155871338926322e-27
state,984,1002.2696253560504,1002.2696253560504,0,0
state,985,3.3722130440626323e-13,3.3722130440626303e-13,2.0194839173657902e-28,2.0194839173657902e-28
state,986,1.6757211303720925e-12,1.6757211303720919e-12,6.0584517520973707e-28,6.0584517520973707e-28
state,987,3.2521296471925443e-13,3.2521296471925432e-13,1.0097419586828951e-28,1.0097419586828951e-28
state,988,1.6310514402441265e-12,1.6310514402441251e-12,1.4136387421560532e-27,1.4136387421560532e-27
state,989,3.1465012498851393e-13,3.1465012498851383e-13,1.0097419586828951e-28,1.0097419586828951e-28
state,990,1002.2696253560504,1002.2696253560504,0,0
state,991,2.5583723090572716e-14,2.5583723090572729e-14,1.2621774483536189e-29,1.2621774483536189e-29
state,992,1.1617520817257406e-13,1.1617520817257421e-13,1.5146129380243427e-28,1.5146129380243427e-28
state,993,2.4749690313850148e-14,2.4749690313850171e-14,2.2088105346188331e-29,2.2088105346188331e-29
state,994,1.133672605913201e-13,1.1336726059132022e-13,1.135959703518257e-28,1.135959703518257e-28
state,995,2.4014721287044448e-14,2.4014721287044476e-14,2.8398992587956425e-29,2.8398992587956425e-29
state,996,1002.2696253560504,1002.2696253560504,0,0
state,997,1.6931117515133856e-15,1.6931117515133862e-15,5.9164567891575885e-31,5.9164567891575885e-31
state,998,7.1094469091134112e-15,7.1094469091134175e-15,6.3108872417680944e-30,6.3108872417680944e-30
state,999,1.6422403185431392e-15,1.6422403185431397e-15,5.9164567891575885e-31,5.9164567891575885e-31
state,1000,6.9520751351403692e-15,6.9520751351403684e-15,7.8886090522101181e-31,7.8886090522101181e-31
state,1001,1.5973494649000171e-15,1.5973494649000171e-15,0,0
state,1002,1002.2696253560504,1002.2696253560504,0,0
state,1003,9.9730194691406917e-17,9.9730194691406905e-17,1.2325951644078309e-32,1.2325951644078309e-32
state,1004,3.9054307165396331e-16,3.9054307165396346e-16,1.4791141972893971e-31,1.4791141972893971e-31
state,1005,9.6955769147930689e-17,9.6955769147930603e-17,8.6281661508548166e-32,8.6281661508548166e-32
state,1006,3.8257135368267859e-16,3.8257135368267829e-16,2.9582283945787943e-31,2.9582283945787943e-31
state,1007,9.4504862479658304e-17,9.4504862479658218e-17,8.6281661508548166e-32,8.6281661508548166e-32
state,1008,1002.2696253560504,1002.2696253560504,0,0
state,1009,5.3076648121130439e-18,5.3076648121130516e-18,7.7037197775489434e-33,7.7037197775489434e-33
state,1010,1.9509905761753195e-17,1.9509905761753223e-17,2.7733391199176196e-32,2.7733391199176196e-32
state,1011,5.1704625459931378e-18,5.1704625459931455e-18,7.7037197775489434e-33,7.7037197775489434e-33
state,1012,1.9140852773231924e-17,1.9140852773231936e-17,1.2325951644078309e-32,1.2325951644078309e-32
state,1013,5.0491537333859552e-18,5.0491537333859552e-18,0,0
state,1014,1002.2696253560504,1002.2696253560504,0,0
state,1015,2.5816171493609938e-19,2.5816171493609943e-19,4.8148248609680896e-35,4.8148248609680896e-35
state,1016,8.9542806517868924e-19,8.9542806517868943e-19,1.9259299443872359e-34,1.9259299443872359e-34
state,1017,2.519410625812681e-19,2.519410625812681e-19,0,0
state,1018,8.7967010320593309e-19,8.7967010320593252e-19,5.7777898331617076e-34,5.7777898331617076e-34
state,1019,2.4643712363219167e-19,2.4643712363219138e-19,2.8888949165808538e-34,2.8888949165808538e-34
state,1020,1002.2696253560504,1002.2696253560504,0,0
state,1021,1.1579112991517822e-20,1.1579112991517822e-20,0,0
state,1022,3.8065841571543522e-20,3.8065841571543516e-20,6.018531076210112e-36,6.018531076210112e-36
state,1023,1.1318241352587295e-20,1.1318241352587285e-20,1.0532429383367696e-35,1.0532429383367696e-35
state,1024,3.744057966207389e-20,3.7440579662073824e-20,6.6203841838311232e-35,6.6203841838311232e-35
state,1025,1.1087293268766922e-20,1.1087293268766899e-20,2.256949153578792e-35,2.256949153578792e-35
state,1026,1002.2696253560504,1002.2696253560504,0,0
state,1027,4.8233568365052693e-22,4.8233568365052768e-22,7.5231638452626401e-37,7.5231638452626401e-37
state,1028,1.5088088204579179e-21,1.5088088204579191e-21,1.128474576789396e-36,1.128474576789396e-36
state,1029,4.7214448604015957e-22,4.7214448604015976e-22,1.88079096131566e-37,1.88079096131566e-37
state,1030,1.4856082848813956e-21,1.4856082848813956e-21,0,0
state,1031,4.6311806887099288e-22,4.6311806887099288e-22,0,0
state,1032,1002.2696253560504,1002.2696253560504,0,0
state,1033,1.8768645904521891e-23,1.8768645904521952e-23,6.1713453418170094e-38,6.1713453418170094e-38
state,1034,5.6063325256585948e-23,5.6063325256586077e-23,1.2930437859045163e-37,1.2930437859045163e-37
state,1035,1.8395607358705342e-23,1.8395607358705369e-23,2.6448622893501469e-38,2.6448622893501469e-38
state,1036,5.5254070463363292e-23,5.5254070463363351e-23,5.8774717541114375e-38,5.8774717541114375e-38
state,1037,1.8065080610841005e-23,1.8065080610841031e-23,2.6448622893501469e-38,2.6448622893501469e-38
state,1038,1002.2696253560504,1002.2696253560504,0,0
state,1039,6.8551488837451754e-25,6.8551488837451901e-25,1.4693679385278594e-39,1.4693679385278594e-39
state,1040,1.9616816649059263e-24,1.9616816649059289e-24,2.5713938924237539e-39,2.5713938924237539e-39
state,1041,6.7265919010401193e-25,6.7265919010401258e-25,6.4284847310593848e-40,6.4284847310593848e-40
state,1042,1.9350290350692778e-24,1.9350290350692793e-24,1.4693679385278594e-39,1.4693679385278594e-39
state,1043,6.612651684758048e-25,6.6126516847580535e-25,5.5101297694794727e-40,5.5101297694794727e-40
state,1044,1002.2696253560504,1002.2696253560504,0,0
state,1045,2.3597723688052568e-26,2.35977236880526e-26,3.1568451804309479e-41,3.1568451804309479e-41
state,1046,6.4884325808970636e-26,6.4884325808970693e-26,5.7397185098744507e-41,5.7397185098744507e-41
state,1047,2.3178936178755427e-26,2.317893617875543e-26,2.8698592549372254e-42,2.8698592549372254e-42
state,1048,6.4052394908001595e-26,6.4052394908001595e-26,0,0
state,1049,2.28076796816791e-26,2.28076796816791e-26,0,0
state,1050,1002.2696253560504,1002.2696253560504,0,0
state,1051,7.6827185713820975e-28,7.6827185713821011e-28,3.5873240686715317e-43,3.5873240686715317e-43
state,1052,2.0353257698766305e-27,2.0353257698766305e-27,0,0
state,1053,7.5533212602879008e-28,7.5533212602878982e-28,2.6904930515036488e-43,2.6904930515036488e-43
state,1054,2.0106360232593041e-27,2.0106360232593019e-27,2.152394441202919e-42,2.152394441202919e-42
state,1055,7.4385906856918249e-28,7.4385906856918168e-28,8.0714791545109463e-43,8.0714791545109463e-43
state,1056,1002.2696253560504,1002.2696253560504,0,0
state,1057,2.3729107388360241e-29,2.3729107388360227e-29,1.4012984643248171e-44,1.4012984643248171e-44
state,1058,6.0722188045572431e-29,6.0722188045572353e-29,7.8472714002189756e-44,7.8472714002189756e-44
state,1059,2.3348777793946109e-29,2.3348777793946084e-29,2.5223372357846707e-44,2.5223372357846707e-44
state,1060,6.0023588478181528e-29,6.0023588478181439e-29,8.9683101716788293e-44,8.9683101716788293e-44
state,1061,2.3011517059325899e-29,2.301151705932586e-29,3.9236357001094878e-44,3.9236357001094878e-44
state,1062,1002.2696253560504,1002.2696253560504,0,0
state,1063,6.9718286318199849e-31,6.9718286318200033e-31,1.8392042344263224e-45,1.8392042344263224e-45
state,1064,1.7273075798718672e-30,1.7273075798718711e-30,3.8535707768932469e-45,3.8535707768932469e-45
state,1065,6.865217013289987e-31,6.8652170132900001e-31,1.313717310304516e-45,1.313717310304516e-45
state,1066,1.7084159640687864e-30,1.7084159640687896e-30,3.1529215447308384e-45,3.1529215447308384e-45
state,1067,6.7706709968374101e-31,6.7706709968374206e-31,1.0509738482436128e-45,1.0509738482436128e-45
state,1068,1002.2696253560504,1002.2696253560504,0,0
state,1069,1.9532773653788768e-32,1.9532773653788807e-32,3.8316754883881717e-47,3.8316754883881717e-47
state,1070,4.6953881091641659e-32,4.6953881091641752e-32,9.3054976146569884e-47,9.3054976146569884e-47
state,1071,1.9247123557946678e-32,1.92471235579467e-32,2.1895288505075267e-47,2.1895288505075267e-47
state,1072,4.6464596629463942e-32,4.6464596629463991e-32,4.926439913641935e-47,4.926439913641935e-47
state,1073,1.8993791514336478e-32,1.8993791514336494e-32,1.642146637880645e-47,1.642146637880645e-47
state,1074,1002.2696253560504,1002.2696253560504,0,0
state,1075,5.2297810448248673e-34,5.2297810448248699e-34,2.5658541216885078e-49,2.5658541216885078e-49
state,1076,1.22215519064473e-33,1.2221551906447309e-33,8.5528470722950261e-49,8.5528470722950261e-49
state,1077,5.1564782706192215e-34,5.1564782706192233e-34,1.7105694144590052e-49,1.7105694144590052e-49
state,1078,1.2099953993814728e-33,1.2099953993814728e-33,0,0
state,1079,5.0914683558426076e-34,5.0914683558426102e-34,2.5658541216885078e-49,2.5658541216885078e-49
state,1080,1002.2696253560504,1002.2696253560504,0,0
state,1081,1.3408171110069602e-35,1.3408171110069599e-35,2.6727647100921956e-51,2.6727647100921956e-51
state,1082,3.0515941013439176e-35,3.0515941013439171e-35,5.3455294201843913e-51,5.3455294201843913e-51
state,1083,1.3227683457672409e-35,1.3227683457672406e-35,2.6727647100921956e-51,2.6727647100921956e-51
state,1084,3.0225471583424041e-35,3.0225471583424019e-35,2.1382117680737565e-50,2.1382117680737565e-50
state,1085,1.3067617664969426e-35,1.3067617664969421e-35,5.3455294201843913e-51,5.3455294201843913e-51
state,1086,1002.2696253560504,1002.2696253560504,0,0
state,1087,3.2977082875006069e-37,3.297708287500604e-37,2.923336401663339e-52,2.923336401663339e-52
state,1088,7.3214444517771014e-37,7.3214444517770922e-37,9.1876286909419225e-52,9.1876286909419225e-52
state,1089,3.2549983272702412e-37,3.2549983272702371e-37,4.1761948595190557e-52,4.1761948595190557e-52
state,1090,7.2546481984211844e-37,7.254648198421171e-37,1.3363823550460978e-51,1.3363823550460978e-51
state,1091,3.2171224930495809e-37,3.217122493049575e-37,5.846672803326678e-52,5.846672803326678e-52
state,1092,1002.2696253560504,1002.2696253560504,0,0
state,1093,7.7935941033072329e-39,7.7935941033072525e-39,1.9575913403995574e-53,1.9575913403995574e-53
state,1094,1.6904476472485602e-38,1.6904476472485639e-38,3.6541705020791737e-53,3.6541705020791737e-53
state,1095,7.696315148583972e-39,7.6963151485839916e-39,1.9575913403995574e-53,1.9575913403995574e-53
state,1096,1.6756398496652046e-38,1.6756398496652082e-38,3.6541705020791737e-53,3.6541705020791737e-53
state,1097,7.6100519447093744e-39,7.6100519447093926e-39,1.8270852510395869e-53,1.8270852510395869e-53
state,1098,1002.2696253560504,1002.2696253560504,0,0
state,1099,1.7726226550915975e-40,1.7726226550916003e-40,2.8548207047493545e-55,2.8548207047493545e-55
state,1100,3.7614563061996134e-40,3.7614563061996175e-40,4.0783152924990778e-55,4.0783152924990778e-55
state,1101,1.7512667085157319e-40,1.7512667085157352e-40,3.2626522339992623e-55,3.2626522339992623e-55
state,1102,3.7297697362839121e-40,3.729769736283917e-40,4.8939783509988934e-55,4.8939783509988934e-55
state,1103,1.7323305420266559e-40,1.7323305420266588e-40,2.8548207047493545e-55,2.8548207047493545e-55
state,1104,1002.2696253560504,1002.2696253560504,0,0
state,1105,3.8856909572107004e-42,3.8856909572107036e-42,3.1861838222649046e-57,3.1861838222649046e-57
state,1106,8.0766136832590152e-42,8.0766136832590152e-42,0,0
state,1107,3.8404442834468972e-42,3.840444283446901e-42,3.8234205867178855e-57,3.8234205867178855e-57
state,1108,8.0110862108663879e-42,8.0110862108663955e-42,7.6468411734357709e-57,7.6468411734357709e-57
state,1109,3.8003280262814224e-42,3.8003280262814256e-42,3.1861838222649046e-57,3.1861838222649046e-57
state,1110,1002.2696253560504,1002.2696253560504,0,0
state,1111,8.2199638541972664e-44,8.2199638541972604e-44,5.974094666746696e-59,5.974094666746696e-59
state,1112,1.6755275698109867e-43,1.6755275698109857e-43,9.9568244445778267e-59,9.9568244445778267e-59
state,1113,8.1273360973417699e-44,8.1273360973417719e-44,1.9913648889155653e-59,1.9913648889155653e-59
state,1114,1.6624171985926573e-43,1.6624171985926575e-43,1.9913648889155653e-59,1.9913648889155653e-59
state,1115,8.0452196290904995e-44,8.0452196290905005e-44,9.9568244445778267e-60,9.9568244445778267e-60
state,1116,1002.2696253560504,1002.2696253560504,0,0
state,1117,1.6801876237522679e-45,1.6801876237522647e-45,3.1115076389305709e-60,3.1115076389305709e-60
state,1118,3.3621521025673366e-45,3.3621521025673329e-45,3.733809166716685e-60,3.733809166716685e-60
state,1119,1.6618447845517888e-45,1.6618447845517878e-45,9.3345229167917126e-61,9.3345229167917126e-61
state,1120,3.3367483798375618e-45,3.3367483798375581e-45,3.733809166716685e-60,3.733809166716685e-60
state,1121,1.6455853046551143e-45,1.6455853046551133e-45,9.3345229167917126e-61,9.3345229167917126e-61
state,1122,1002.2696253560504,1002.2696253560504,0,0
state,1123,3.3222520292267441e-47,3.3222520292267363e-47,7.7787690973264271e-62,7.7787690973264271e-62
state,1124,6.5326481147554853e-47,6.5326481147554726e-47,1.2640499783155444e-61,1.2640499783155444e-61
state,1125,3.2870784677646124e-47,3.2870784677646061e-47,6.320249891577722e-62,6.320249891577722e-62
state,1126,6.4849293571071044e-47,6.4849293571070928e-47,1.1668153645989641e-61,1.1668153645989641e-61
state,1127,3.2559036696951728e-47,3.255903669695168e-47,4.861730685829017e-62,4.861730685829017e-62
state,1128,1002.2696253560504,1002.2696253560504,0,0
state,1129,6.3615434449933774e-49,6.3615434449933561e-49,2.1270071750501949e-63,2.1270071750501949e-63
state,1130,1.2302716747273402e-48,1.2302716747273364e-48,3.7982270983039195e-63,3.7982270983039195e-63
state,1131,6.2961677674295293e-49,6.2961677674295133e-49,1.5952553812876462e-63,1.5952553812876462e-63
state,1132,1.2215744014804007e-48,1.2215744014803972e-48,3.4943689304396059e-63,3.4943689304396059e-63
state,1133,6.2382319030728653e-49,6.2382319030728524e-49,1.2913972134233326e-63,1.2913972134233326e-63
state,1134,1002.2696253560504,1002.2696253560504,0,0
state,1135,1.1808267359022612e-50,1.1808267359022614e-50,2.3738919364399497e-66,2.3738919364399497e-66
state,1136,2.2478123712835507e-50,2.2478123712835531e-50,2.3738919364399497e-65,2.3738919364399497e-65
state,1137,1.1690380152945615e-50,1.1690380152945627e-50,1.1869459682199748e-65,1.1869459682199748e-65
state,1138,2.2324184600408189e-50,2.2324184600408208e-50,1.8991135491519597e-65,1.8991135491519597e-65
state,1139,1.1585922765248655e-50,1.158592276524867e-50,1.4243351618639698e-65,1.4243351618639698e-65
state,1140,1002.2696253560504,1002.2696253560504,0,0
state,1141,2.1267440443586126e-52,2.1267440443586119e-52,7.4184123013748428e-68,7.4184123013748428e-68
state,1142,3.9879503174619027e-52,3.9879503174619027e-52,0,0
state,1143,2.106102348994235e-52,2.1061023489942354e-52,3.7092061506874214e-68,3.7092061506874214e-68
state,1144,3.9614692567410072e-52,3.9614692567410072e-52,0,0
state,1145,2.0878147522017e-52,2.0878147522017011e-52,1.1127618452062264e-67,1.1127618452062264e-67
state,1146,1002.2696253560504,1002.2696253560504,0,0
state,1147,3.7199447281178627e-54,3.7199447281178731e-54,1.0432142298808373e-68,1.0432142298808373e-68
state,1148,6.8759290503335232e-54,6.8759290503335463e-54,2.3182538441796384e-68,2.3182538441796384e-68
state,1149,3.6848203325729807e-54,3.6848203325729935e-54,1.2750396142988011e-68,1.2750396142988011e-68
state,1150,6.8316221020256543e-54,6.8316221020256787e-54,2.4341665363886203e-68,2.4341665363886203e-68
state,1151,3.6537062623841134e-54,3.6537062623841291e-54,1.5648213448212559e-68,1.5648213448212559e-68
state,1152,1002.2696253560504,1002.2696253560504,0,0
state,1153,6.3243231857921138e-56,6.3243231857921265e-56,1.2677950710357397e-70,1.2677950710357397e-70
state,1154,1.1530443263298248e-55,1.1530443263298277e-55,2.897817305224548e-70,2.897817305224548e-70
state,1155,6.266193976920642e-56,6.2661939769206574e-56,1.5394654434005411e-70,1.5394654434005411e-70
state,1156,1.1458287609306787e-55,1.145828760930682e-55,3.2600444683776165e-70,3.2600444683776165e-70
state,1157,6.2147093879948009e-56,6.2147093879948217e-56,2.0828061881301438e-70,2.0828061881301438e-70
state,1158,1002.2696253560504,1002.2696253560504,0,0
state,1159,1.0459021588081785e-57,1.0459021588081799e-57,1.4149498560666738e-72,1.4149498560666738e-72
state,1160,1.881983606971889e-57,1.8819836069718918e-57,2.8298997121333476e-72,2.8298997121333476e-72
state,1161,1.0365390209013238e-57,1.0365390209013256e-57,1.8394348128866759e-72,1.8394348128866759e-72
state,1162,1.8705383157607314e-57,1.8705383157607354e-57,3.9618595969866867e-72,3.9618595969866867e-72
state,1163,1.028247436425945e-57,1.0282474364259477e-57,2.6884047265266802e-72,2.6884047265266802e-72
state,1164,1002.2696253560504,1002.2696253560504,0,0
state,1165,1.6838029865735119e-59,1.6838029865735132e-59,1.3265154900625067e-74,1.3265154900625067e-74
state,1166,2.9918910256153664e-59,2.9918910256153682e-59,1.7686873200833423e-74,1.7686873200833423e-74
state,1167,1.6691139695092796e-59,1.6691139695092816e-59,1.98977323509376e-74,1.98977323509376e-74
state,1168,2.9741971785485248e-59,2.9741971785485288e-59,3.9795464701875201e-74,3.9795464701875201e-74
state,1169,1.6561080603542027e-59,1.6561080603542056e-59,2.8741168951354312e-74,2.8741168951354312e-74
state,1170,1002.2696253560504,1002.2696253560504,0,0
state,1171,2.6407091678058313e-61,2.6407091678058313e-61,0,0
state,1172,4.6357988436707279e-61,4.6357988436707279e-61,0,0
state,1173,2.6182498872321405e-61,2.6182498872321409e-61,3.4544674220377779e-77,3.4544674220377779e-77
state,1174,4.6091226527762952e-61,4.6091226527762966e-61,1.3817869688151111e-76,1.3817869688151111e-76
state,1175,2.5983672284429539e-61,2.598367228442956e-61,2.0726804532226667e-76,2.0726804532226667e-76
state,1176,1002.2696253560504,1002.2696253560504,0,0
state,1177,4.0370880863081301e-63,4.0370880863081268e-63,3.2385632081604167e-78,3.2385632081604167e-78
state,1178,7.0052891801389551e-63,7.0052891801389519e-63,3.2385632081604167e-78,3.2385632081604167e-78
state,1179,4.0035989535784365e-63,4.0035989535784333e-63,3.2385632081604167e-78,3.2385632081604167e-78
state,1180,6.9660440449424857e-63,6.9660440449424835e-63,2.1590421387736112e-78,2.1590421387736112e-78
state,1181,3.9739566417984472e-63,3.9739566417984472e-63,0,0
state,1182,1002.2696253560504,1002.2696253560504,0,0
state,1183,6.0201608588893352e-65,6.0201608588893251e-65,1.0120510025501302e-79,1.0120510025501302e-79
state,1184,1.0330231875666091e-64,1.0330231875666078e-64,1.349401336733507e-79,1.349401336733507e-79
state,1185,5.9714330689773542e-65,5.9714330689773441e-65,1.0120510025501302e-79,1.0120510025501302e-79
state,1186,1.027386153388076e-64,1.027386153388075e-64,1.0120510025501302e-79,1.0120510025501302e-79
state,1187,5.9283096211362348e-65,5.9283096211362289e-65,5.903630848209093e-80,5.903630848209093e-80
state,1188,1002.2696253560504,1002.2696253560504,0,0
state,1189,8.7619287573468707e-67,8.7619287573468483e-67,2.2402170629364862e-81,2.2402170629364862e-81
state,1190,1.4873850615796277e-66,1.487385061579624e-66,3.6897692801306831e-81,3.6897692801306831e-81
state,1191,8.6927039788363758e-67,8.6927039788363521e-67,2.3719945372268677e-81,2.3719945372268677e-81
state,1192,1.4794755532550995e-66,1.4794755532550958e-66,3.6897692801306831e-81,3.6897692801306831e-81
state,1193,8.6314511593490142e-67,8.6314511593489997e-67,1.4495522171941969e-81,1.4495522171941969e-81
state,1194,1002.2696253560504,1002.2696253560504,0,0
state,1195,1.245343848695461e-68,1.2453438486954567e-68,4.3239483751531443e-83,4.3239483751531443e-83
state,1196,2.0921882843058175e-68,2.0921882843058105e-68,7.0006783216765193e-83,7.0006783216765193e-83
state,1197,1.2357367100385572e-68,1.235736710038553e-68,4.1180460715744231e-83,4.1180460715744231e-83
state,1198,2.0813414516535677e-68,2.0813414516535615e-68,6.1770691073616347e-83,6.1770691073616347e-83
state,1199,1.2272373628435391e-68,1.2272373628435356e-68,3.5003391608382597e-83,3.5003391608382597e-83
state,1200,1002.2696253560504,1002.2696253560504,0,0
state,1201,1.7294600220729669e-70,1.7294600220729592e-70,7.7213363842020434e-85,7.7213363842020434e-85
state,1202,2.8765067723875382e-70,2.876506772387526e-70,1.2225449274986569e-84,1.2225449274986569e-84
state,1203,1.7164283920726265e-70,1.7164283920726191e-70,7.3996140348602916e-85,7.3996140348602916e-85
state,1204,2.861961501613118e-70,2.8619615016131057e-70,1.2225449274986569e-84,1.2225449274986569e-84
state,1205,1.704901383894176e-70,1.7049013838941698e-70,6.1127246374932843e-85,6.1127246374932843e-85
state,1206,1002.2696253560504,1002.2696253560504,0,0
state,1207,2.3479323857197946e-72,2.3479323857198031e-72,8.5457499043902824e-87,8.5457499043902824e-87
state,1208,3.8674965624054731e-72,3.8674965624054887e-72,1.5583426296241103e-86,1.5583426296241103e-86
state,1209,2.3306465709899455e-72,2.330646570989954e-72,8.5457499043902824e-87,8.5457499043902824e-87
state,1210,3.8484152782415933e-72,3.8484152782416089e-72,1.5583426296241103e-86,1.5583426296241103e-86
state,1211,2.3153591757768724e-72,2.3153591757768824e-72,1.0053823416929744e-86,1.0053823416929744e-86
state,1212,1002.2696253560504,1002.2696253560504,0,0
state,1213,3.1176382588643368e-74,3.1176382588643454e-74,8.6400044989239987e-89,8.6400044989239987e-89
state,1214,5.0874128949155101e-74,5.0874128949155258e-74,1.5709099088952725e-88,1.5709099088952725e-88
state,1215,3.095206057475762e-74,3.0952060574757715e-74,9.425459453371635e-89,9.425459453371635e-89
state,1216,5.0629136300987082e-74,5.0629136300987247e-74,1.6494554043400361e-88,1.6494554043400361e-88
state,1217,3.0753706640072863e-74,3.0753706640072973e-74,1.0996369362266907e-88,1.0996369362266907e-88
state,1218,1002.2696253560504,1002.2696253560504,0,0
state,1219,4.0507182757350004e-76,4.0507182757350077e-76,7.3636401979465898e-91,7.3636401979465898e-91
state,1220,6.5502786361151731e-76,6.5502786361151878e-76,1.472728039589318e-90,1.472728039589318e-90
state,1221,4.0222251440262673e-76,4.0222251440262771e-76,9.8181869305954531e-91,9.8181869305954531e-91
state,1222,6.519479208142235e-76,6.519479208142251e-76,1.5954553762217611e-90,1.5954553762217611e-90
state,1223,3.9970348072765929e-76,3.9970348072766039e-76,1.1045460296919885e-90,1.1045460296919885e-90
state,1224,701.58873774923518,701.58873774923518,0,0
state,1225,60.078656332756879,60.078656332756879,0,0
state,1226,60.065507988135856,60.065507988135856,0,0
state,1227,60.050906759794756,60.050906759794756,0,0
state,1228,60.034843611001612,60.034843611001612,0,0
state,1229,60.017311488932499,60.017311488932499,0,0
state,1230,1002.2696253560504,1002.2696253560504,0,0
state,1231,0.00028538271808555818,0.00028538271808555823,5.4210108624275222e-20,5.4210108624275222e-20
state,1232,0.00037651332318616439,0.00037651332318616455,1.6263032587282567e-19,1.6263032587282567e-19
state,1233,0.00026739665486728452,0.00026739665486728452,0,0
state,1234,0.00036216138317354064,0.00036216138317354064,0,0
state,1235,0.00025109920155000733,0.00025109920155000755,2.1684043449710089e-19,2.1684043449710089e-19
state,1236,1002.2696253560504,1002.2696253560504,0,0
state,1237,7.6154583988526355e-06,7.6154583988526355e-06,0,0
state,1238,1.5484445757633112e-05,1.5484445757633112e-05,0,0
state,1239,7.0213726291858373e-06,7.0213726291858305e-06,6.7762635780344027e-21,6.7762635780344027e-21
state,1240,1.4559854126791727e-05,1.4559854126791727e-05,0,0
state,1241,6.512763164840285e-06,6.5127631648402816e-06,3.3881317890172014e-21,3.3881317890172014e-21
state,1242,1002.2696253560504,1002.2696253560504,0,0
state,1243,1.737154881275618e-07,1.7371548812756183e-07,2.6469779601696886e-23,2.6469779601696886e-23
state,1244,4.9907516953733604e-07,4.9907516953733604e-07,0,0
state,1245,1.6054743747081991e-07,1.6054743747081989e-07,2.6469779601696886e-23,2.6469779601696886e-23
state,1246,4.7018166296303764e-07,4.7018166296303764e-07,0,0
state,1247,1.4926846244164676e-07,1.4926846244164676e-07,0,0
state,1248,1002.2696253560504,1002.2696253560504,0,0
state,1249,3.9248815860897601e-09,3.9248815860897601e-09,0,0
state,1250,1.5764023220659305e-08,1.5764023220659288e-08,1.6543612251060553e-23,1.6543612251060553e-23
state,1251,3.6376122512450959e-09,3.637612251245093e-09,2.8951321439355969e-24,2.8951321439355969e-24
state,1252,1.4896606630257563e-08,1.4896606630257563e-08,0,0
state,1253,3.3910668861234296e-09,3.3910668861234296e-09,0,0
state,1254,1002.2696253560504,1002.2696253560504,0,0
state,1255,8.820194485163352e-11,8.820194485163352e-11,0,0
state,1256,4.9228837784109601e-10,4.922883778410956e-10,4.1359030627651384e-25,4.1359030627651384e-25
state,1257,8.1971598559447833e-11,8.1971598559447808e-11,2.5849394142282115e-26,2.5849394142282115e-26
state,1258,4.66579179621489e-10,4.6657917962148921e-10,2.0679515313825692e-25,2.0679515313825692e-25
state,1259,7.661399671033043e-11,7.6613996710330353e-11,7.7548182426846345e-26,7.7548182426846345e-26
state,1260,1002.2696253560504,1002.2696253560504,0,0
state,1261,2.0022905736052235e-12,2.0022905736052235e-12,0,0
state,1262,1.5248065040060018e-11,1.5248065040060018e-11,0,0
state,1263,1.8676421615261806e-12,1.8676421615261802e-12,4.0389678347315804e-28,4.0389678347315804e-28
state,1264,1.4495319321342813e-11,1.4495319321342823e-11,9.6935228033557931e-27,9.6935228033557931e-27
state,1265,1.7516266018564574e-12,1.7516266018564572e-12,2.0194839173657902e-28,2.0194839173657902e-28
state,1266,1002.2696253560504,1002.2696253560504,0,0
state,1267,1.2271164604289655e-13,1.227116460428965e-13,5.0487097934144756e-29,5.0487097934144756e-29
state,1268,8.9447272096871012e-13,8.9447272096870911e-13,1.0097419586828951e-27,1.0097419586828951e-27
state,1269,1.165737804631616e-13,1.1657378046316147e-13,1.2621774483536189e-28,1.2621774483536189e-28
state,1270,8.5916751780443577e-13,8.5916751780443547e-13,3.0292258760486853e-28,3.0292258760486853e-28
state,1271,1.1123365302046437e-13,1.1123365302046421e-13,1.5146129380243427e-28,1.5146129380243427e-28
state,1272,1002.2696253560504,1002.2696253560504,0,0
state,1273,1.6599601360458242e-14,1.6599601360458239e-14,3.1554436208840472e-30,3.1554436208840472e-30
state,1274,1.0257818665029957e-13,1.0257818665029957e-13,0,0
state,1275,1.5880126669616745e-14,1.5880126669616745e-14,0,0
state,1276,9.9143010946458901e-14,9.9143010946458838e-14,6.3108872417680944e-29,6.3108872417680944e-29
state,1277,1.5250784721725307e-14,1.5250784721725307e-14,0,0
state,1278,1002.2696253560504,1002.2696253560504,0,0
state,1279,1.7569058562385019e-15,1.7569058562385019e-15,0,0
state,1280,9.5616848959829786e-15,9.5616848959829786e-15,0,0
state,1281,1.6888666586376293e-15,1.6888666586376307e-15,1.3805065841367707e-30,1.3805065841367707e-30
state,1282,9.2807511941385771e-15,9.2807511941385787e-15,1.5777218104420236e-30,1.5777218104420236e-30
state,1283,1.6291456345091716e-15,1.6291456345091724e-15,7.8886090522101181e-31,7.8886090522101181e-31
state,1284,1002.2696253560504,1002.2696253560504,0,0
state,1285,1.5326541172671238e-16,1.532654117267125e-16,1.2325951644078309e-31,1.2325951644078309e-31
state,1286,7.5240139281130799e-16,7.5240139281130848e-16,4.9303806576313238e-31,4.9303806576313238e-31
state,1287,1.4787242745452084e-16,1.4787242745452094e-16,9.8607613152626476e-32,9.8607613152626476e-32
state,1288,7.3258692591521788e-16,7.3258692591521808e-16,1.9721522630525295e-31,1.9721522630525295e-31
state,1289,1.4312750525567206e-16,1.4312750525567216e-16,9.8607613152626476e-32,9.8607613152626476e-32
state,1290,1002.2696253560504,1002.2696253560504,0,0
state,1291,1.1419585924534227e-17,1.1419585924534219e-17,7.7037197775489434e-33,7.7037197775489434e-33
state,1292,5.1371203172670534e-17,5.1371203172670528e-17,6.1629758220391547e-33,6.1629758220391547e-33
state,1293,1.105093157304237e-17,1.105093157304237e-17,0,0
state,1294,5.0141650660435174e-17,5.0141650660435143e-17,3.0814879110195774e-32,3.0814879110195774e-32
state,1295,1.072601326571061e-17,1.0726013265710605e-17,4.622231866529366e-33,4.622231866529366e-33
state,1296,1002.2696253560504,1002.2696253560504,0,0
state,1297,7.4543253147428798e-19,7.4543253147428904e-19,1.0592614694129797e-33,1.0592614694129797e-33
state,1298,3.1065444030392898e-18,3.1065444030392948e-18,5.0074178554068132e-33,5.0074178554068132e-33
state,1299,7.2322069324359855e-19,7.2322069324359923e-19,6.7407548053553255e-34,6.7407548053553255e-34
state,1300,3.0383397011644352e-18,3.0383397011644395e-18,4.2370458776519189e-33,4.2370458776519189e-33
state,1301,7.036179349786319e-19,7.0361793497863267e-19,7.7037197775489434e-34,7.7037197775489434e-34
state,1302,1002.2696253560504,1002.2696253560504,0,0
state,1303,4.3436095084076937e-20,4.3436095084076967e-20,3.009265538105056e-35,3.009265538105056e-35
state,1304,1.6903559389804229e-19,1.6903559389804241e-19,1.2037062152420224e-34,1.2037062152420224e-34
state,1305,4.2236430811503619e-20,4.2236430811503619e-20,0,0
state,1306,1.6560946600199122e-19,1.656094660019912e-19,2.4074124304840448e-35,2.4074124304840448e-35
state,1307,4.1176569205684111e-20,4.1176569205684129e-20,1.8055593228630336e-35,1.8055593228630336e-35
state,1308,1002.2696253560504,1002.2696253560504,0,0
state,1309,2.291484978303589e-21,2.291484978303589e-21,0,0
state,1310,8.3786982865966156e-21,8.3786982865966171e-21,1.504632769052528e-36,1.504632769052528e-36
state,1311,2.2326257774308102e-21,2.2326257774308087e-21,1.504632769052528e-36,1.504632769052528e-36
state,1312,8.2211807523365446e-21,8.2211807523365356e-21,9.0277966143151681e-36,9.0277966143151681e-36
state,1313,2.1805815992655029e-21,2.1805815992655003e-21,2.633107345841924e-36,2.633107345841924e-36
state,1314,1002.2696253560504,1002.2696253560504,0,0
state,1315,1.106472191704187e-22,1.1064721917041889e-22,1.88079096131566e-37,1.88079096131566e-37
state,1316,3.8204700041926883e-22,3.820470004192694e-22,5.64237288394698e-37,5.64237288394698e-37
state,1317,1.0799604890613256e-22,1.0799604890613268e-22,1.1754943508222875e-37,1.1754943508222875e-37
state,1318,3.7536041121575364e-22,3.7536041121575378e-22,1.410593220986745e-37,1.410593220986745e-37
state,1319,1.0565022452241383e-22,1.0565022452241387e-22,4.70197740328915e-38,4.70197740328915e-38
state,1320,1002.2696253560504,1002.2696253560504,0,0
state,1321,4.9322318539077896e-24,4.9322318539077925e-24,2.9387358770557188e-39,2.9387358770557188e-39
state,1322,1.6151266414919413e-23,1.6151266414919416e-23,2.9387358770557188e-39,2.9387358770557188e-39
state,1323,4.8216671919026528e-24,4.821667191902652e-24,7.3468396926392969e-40,7.3468396926392969e-40
state,1324,1.5887268863956139e-23,1.5887268863956133e-23,5.8774717541114375e-39,5.8774717541114375e-39
state,1325,4.7237815175466377e-24,4.7237815175466341e-24,3.6734198463196485e-39,3.6734198463196485e-39
state,1326,1002.2696253560504,1002.2696253560504,0,0
state,1327,2.043669458849669e-25,2.043669458849669e-25,0,0
state,1328,6.3711452792148766e-25,6.3711452792148747e-25,1.8367099231598242e-40,1.8367099231598242e-40
state,1329,2.0006820718599378e-25,2.0006820718599362e-25,1.6071211827648462e-40,1.6071211827648462e-40
state,1330,6.2736104355468788e-25,6.2736104355468677e-25,1.1020259538958945e-39,1.1020259538958945e-39
state,1331,1.9626068230186505e-25,1.9626068230186464e-25,4.1325973271096045e-40,4.1325973271096045e-40
state,1332,1002.2696253560504,1002.2696253560504,0,0
state,1333,7.9155751141608575e-27,7.9155751141608704e-27,1.2914366647217514e-41,1.2914366647217514e-41
state,1334,2.3574048928631069e-26,2.3574048928631092e-26,2.2958874039497803e-41,2.2958874039497803e-41
state,1335,7.7588775635077728e-27,7.7588775635077771e-27,4.304788882405838e-42,4.304788882405838e-42
state,1336,2.3235124273198816e-26,2.3235124273198816e-26,0,0
state,1337,7.6200346610324092e-27,7.6200346610324092e-27,0,0
state,1338,1002.2696253560504,1002.2696253560504,0,0
state,1339,2.8793405392359757e-28,2.8793405392359847e-28,8.9683101716788293e-43,8.9683101716788293e-43
state,1340,8.2180037898817886e-28,8.2180037898818083e-28,1.9730282377693424e-42,1.9730282377693424e-42
state,1341,2.8255370610487289e-28,2.8255370610487325e-28,3.5873240686715317e-43,3.5873240686715317e-43
state,1342,8.1067531779519742e-28,8.106753177951985e-28,1.0761972206014595e-42,1.0761972206014595e-42
state,1343,2.7778502842526253e-28,2.7778502842526307e-28,5.3809861030072976e-43,5.3809861030072976e-43
state,1344,1002.2696253560504,1002.2696253560504,0,0
state,1345,9.8757222906092591e-30,9.8757222906092787e-30,1.9618178500547439e-44,1.9618178500547439e-44
state,1346,2.7091523847413691e-29,2.7091523847413731e-29,3.9236357001094878e-44,3.9236357001094878e-44
state,1347,9.7010239425759774e-30,9.7010239425759914e-30,1.4012984643248171e-44,1.4012984643248171e-44
state,1348,2.6745306390041932e-29,2.6745306390041948e-29,1.6815581571897805e-44,1.6815581571897805e-44
state,1349,9.5461517143437944e-30,9.5461517143438028e-30,8.4077907859489024e-45,8.4077907859489024e-45
state,1350,1002.2696253560504,1002.2696253560504,0,0
state,1351,3.2047935424537855e-31,3.2047935424537885e-31,3.0653403907105373e-46,3.0653403907105373e-46
state,1352,8.4728282356923813e-31,8.4728282356923865e-31,5.254869241218064e-46,5.254869241218064e-46
state,1353,3.1509733551170943e-31,3.1509733551170947e-31,4.3790577010150533e-47,4.3790577010150533e-47
state,1354,8.3703558572623161e-31,8.3703558572623161e-31,0,0
state,1355,3.1032531756819726e-31,3.1032531756819726e-31,0,0
state,1356,1002.2696253560504,1002.2696253560504,0,0
state,1357,9.8694182230260374e-33,9.8694182230260401e-33,2.7369110631344083e-48,2.7369110631344083e-48
state,1358,2.5209581256341211e-32,2.5209581256341211e-32,0,0
state,1359,9.7116474560406623e-33,9.7116474560406596e-33,2.7369110631344083e-48,2.7369110631344083e-48
state,1360,2.4920342858901494e-32,2.4920342858901478e-32,1.642146637880645e-47,1.642146637880645e-47
state,1361,9.5717422135467526e-33,9.5717422135467444e-33,8.210733189403225e-48,8.210733189403225e-48
state,1362,1002.2696253560504,1002.2696253560504,0,0
state,1363,2.8920152438205005e-34,2.8920152438204979e-34,2.5658541216885078e-49,2.5658541216885078e-49
state,1364,7.1534748695845281e-34,7.1534748695845204e-34,7.6975623650655235e-49,7.6975623650655235e-49
state,1365,2.8478967089017646e-34,2.8478967089017607e-34,3.8487811825327617e-49,3.8487811825327617e-49
state,1366,7.0754330750337314e-34,7.0754330750337169e-34,1.4539840022901544e-48,1.4539840022901544e-48
state,1367,2.8087711406110317e-34,2.8087711406110275e-34,4.276423536147513e-49,4.276423536147513e-49
state,1368,1002.2696253560504,1002.2696253560504,0,0
state,1369,8.082842443348472e-36,8.0828424433484934e-36,2.1382117680737565e-50,2.1382117680737565e-50
state,1370,1.9401679792459856e-35,1.9401679792459904e-35,4.8109764781659522e-50,4.8109764781659522e-50
state,1371,7.964894479955269e-36,7.964894479955285e-36,1.6036588260553174e-50,1.6036588260553174e-50
state,1372,1.9199968416712336e-35,1.9199968416712371e-35,3.4745941231198543e-50,3.4745941231198543e-50
state,1373,7.860290945573202e-36,7.8602909455732154e-36,1.3363823550460978e-50,1.3363823550460978e-50
state,1374,1002.2696253560504,1002.2696253560504,0,0
state,1375,2.1593319881187039e-37,2.1593319881187076e-37,3.7585753735671501e-52,3.7585753735671501e-52
state,1376,5.039580850015589e-37,5.0395808500155974e-37,8.3523897190381114e-52,8.3523897190381114e-52
state,1377,2.1291259429124205e-37,2.1291259429124234e-37,2.923336401663339e-52,2.923336401663339e-52
state,1378,4.9895456205169285e-37,4.9895456205169335e-37,5.0114338314228668e-52,5.0114338314228668e-52
state,1379,2.1023371804681636e-37,2.1023371804681662e-37,2.5057169157114334e-52,2.5057169157114334e-52
state,1380,1002.2696253560504,1002.2696253560504,0,0
state,1381,5.5248386738555407e-39,5.5248386738555459e-39,5.2202435743988196e-54,5.2202435743988196e-54
state,1382,1.2559294619529646e-38,1.2559294619529659e-38,1.3050608935997049e-53,1.3050608935997049e-53
state,1383,5.4506040141548084e-39,5.4506040141548116e-39,3.2626522339992623e-54,3.2626522339992623e-54
state,1384,1.2439980313481826e-38,1.2439980313481831e-38,5.2202435743988196e-54,5.2202435743988196e-54
state,1385,5.3847690028584263e-39,5.3847690028584276e-39,1.3050608935997049e-54,1.3050608935997049e-54
state,1386,1002.2696253560504,1002.2696253560504,0,0
state,1387,1.356268463525203e-40,1.356268463525203e-40,0,0
state,1388,3.0079308481379581e-40,3.0079308481379581e-40,0,0
state,1389,1.338732296851357e-40,1.338732296851357e-40,0,0
state,1390,2.9805377626430873e-40,2.9805377626430857e-40,1.6313261169996311e-55,1.6313261169996311e-55
state,1391,1.3231810031624654e-40,1.3231810031624648e-40,6.1174729387486167e-56,6.1174729387486167e-56
state,1392,1002.2696253560504,1002.2696253560504,0,0
state,1393,3.1997496900836396e-42,3.199749690083637e-42,2.5489470578119236e-57,2.5489470578119236e-57
state,1394,6.9336316669137984e-42,6.9336316669137895e-42,8.9213147023417328e-57,8.9213147023417328e-57
state,1395,3.1598725016824673e-42,3.1598725016824635e-42,3.8234205867178855e-57,3.8234205867178855e-57
state,1396,6.872996495768734e-42,6.8729964957687238e-42,1.0195788231247695e-56,1.0195788231247695e-56
state,1397,3.1245110752472703e-42,3.1245110752472664e-42,3.8234205867178855e-57,3.8234205867178855e-57
state,1398,1002.2696253560504,1002.2696253560504,0,0
state,1399,7.265977878583194e-44,7.2659778785832129e-44,1.8917966444697871e-58,1.8917966444697871e-58
state,1400,1.5404676521614917e-43,1.5404676521614948e-43,3.1861838222649046e-58,3.1861838222649046e-58
state,1401,7.1785655247554317e-44,7.1785655247554506e-44,1.8917966444697871e-58,1.8917966444697871e-58
state,1402,1.5275108403378314e-43,1.5275108403378356e-43,4.1818662667226872e-58,4.1818662667226872e-58
state,1403,7.1010579032988634e-44,7.1010579032988823e-44,1.8917966444697871e-58,1.8917966444697871e-58
state,1404,1002.2696253560504,1002.2696253560504,0,0
state,1405,1.59035695340849e-45,1.5903569534084922e-45,2.1780553472513996e-60,2.1780553472513996e-60
state,1406,3.3029951228023278e-45,3.3029951228023321e-45,4.3561106945027992e-60,4.3561106945027992e-60
state,1407,1.5718628889009148e-45,1.5718628889009182e-45,3.4226584028236279e-60,3.4226584028236279e-60
state,1408,3.2762358502067008e-45,3.2762358502067058e-45,4.9784122222889134e-60,4.9784122222889134e-60
state,1409,1.555465891684819e-45,1.5554658916848218e-45,2.8003568750375138e-60,2.8003568750375138e-60
state,1410,1002.2696253560504,1002.2696253560504,0,0
state,1411,3.3596103087867044e-47,3.3596103087867054e-47,9.7234613716580339e-63,9.7234613716580339e-63
state,1412,6.8430931081101201e-47,6.8430931081101221e-47,1.9446922743316068e-62,1.9446922743316068e-62
state,1413,3.3217993453614325e-47,3.3217993453614359e-47,3.4032114800803119e-62,3.4032114800803119e-62
state,1414,6.789620755090351e-47,6.7896207550903569e-47,5.8340768229948204e-62,5.8340768229948204e-62
state,1415,3.2882792725298416e-47,3.2882792725298445e-47,2.9170384114974102e-62,2.9170384114974102e-62
state,1416,1002.2696253560504,1002.2696253560504,0,0
state,1417,6.8581844730893898e-49,6.8581844730893867e-49,3.0385816786431356e-64,3.0385816786431356e-64
state,1418,1.3714401698104809e-48,1.37144016981048e-48,9.1157450359294068e-64,9.1157450359294068e-64
state,1419,6.7834003258601904e-49,6.7834003258601897e-49,7.596454196607839e-65,7.596454196607839e-65
state,1420,1.3610909574986096e-48,1.3610909574986097e-48,1.5192908393215678e-64,1.5192908393215678e-64
state,1421,6.7171103821961194e-49,6.7171103821961209e-49,1.5192908393215678e-64,1.5192908393215678e-64
state,1422,1002.2696253560504,1002.2696253560504,0,0
state,1423,1.3544167102337791e-50,1.354416710233777e-50,2.1365027427959547e-65,2.1365027427959547e-65
state,1424,2.6615857781992313e-50,2.6615857781992284e-50,2.8486703237279396e-65,2.8486703237279396e-65
state,1425,1.340092917981936e-50,1.340092917981935e-50,9.4955677457597987e-66,9.4955677457597987e-66
state,1426,2.6421669040162831e-50,2.6421669040162812e-50,1.8991135491519597e-65,1.8991135491519597e-65
state,1427,1.3273976090089524e-50,1.3273976090089512e-50,1.1869459682199748e-65,1.1869459682199748e-65
state,1428,1002.2696253560504,1002.2696253560504,0,0
state,1429,2.5904977173339335e-52,2.5904977173339272e-52,6.3056504561686164e-67,6.3056504561686164e-67
state,1430,5.0069589884156403e-52,5.0069589884156329e-52,7.4184123013748428e-67,7.4184123013748428e-67
state,1431,2.5639035735267404e-52,2.5639035735267356e-52,4.8219679958936478e-67,4.8219679958936478e-67
state,1432,4.971602439084187e-52,4.9716024390841774e-52,9.6439359917872956e-67,9.6439359917872956e-67
state,1433,2.54033598104643e-52,2.5403359810464262e-52,3.7092061506874214e-67,3.7092061506874214e-67
state,1434,1002.2696253560504,1002.2696253560504,0,0
state,1435,4.8032765832437267e-54,4.8032765832437116e-54,1.5068649987167649e-68,1.5068649987167649e-68
state,1436,9.138657116263332e-54,9.1386571162633053e-54,2.6659919208065841e-68,2.6659919208065841e-68
state,1437,4.7553703996482713e-54,4.7553703996482603e-54,1.1011705759853282e-68,1.1011705759853282e-68
state,1438,9.0761380904652085e-54,9.0761380904651853e-54,2.3182538441796384e-68,2.3182538441796384e-68
state,1439,4.7129219378853884e-54,4.7129219378853786e-54,9.8525788377634631e-69,9.8525788377634631e-69
state,1440,1002.2696253560504,1002.2696253560504,0,0
state,1441,8.6422029511718218e-56,8.6422029511718254e-56,3.6222716315306849e-71,3.6222716315306849e-71
state,1442,1.6197447305433131e-55,1.6197447305433149e-55,1.8111358157653425e-70,1.8111358157653425e-70
state,1443,8.5584017838067111e-56,8.5584017838067201e-56,9.0556790788267124e-71,9.0556790788267124e-71
state,1444,1.6089999459630701e-55,1.6089999459630719e-55,1.8111358157653425e-70,1.8111358157653425e-70
state,1445,8.4841581486213434e-56,8.4841581486213561e-56,1.2677950710357397e-70,1.2677950710357397e-70
state,1446,1002.2696253560504,1002.2696253560504,0,0
state,1447,1.5101787432187235e-57,1.5101787432187232e-57,2.8298997121333476e-73,2.8298997121333476e-73
state,1448,2.7901391465873633e-57,2.7901391465873633e-57,0,0
state,1449,1.4959319838886086e-57,1.4959319838886089e-57,2.8298997121333476e-73,2.8298997121333476e-73
state,1450,2.7721771685603054e-57,2.772177168560306e-57,5.6597994242666952e-73,5.6597994242666952e-73
state,1451,1.4833119087559365e-57,1.4833119087559376e-57,1.131959884853339e-72,1.131959884853339e-72
state,1452,1002.2696253560504,1002.2696253560504,0,0
state,1453,2.5651413845107974e-59,2.5651413845108045e-59,7.074749280333369e-74,7.074749280333369e-74
state,1454,4.6747608362259025e-59,4.6747608362259184e-59,1.591818588075008e-73,1.591818588075008e-73
state,1455,2.5415841070637534e-59,2.5415841070637627e-59,9.2856084304375469e-74,9.2856084304375469e-74
state,1456,4.645533316623002e-59,4.6455333166230197e-59,1.7686873200833423e-73,1.7686873200833423e-73
state,1457,2.5207197106889241e-59,2.5207197106889352e-59,1.1054295750520889e-73,1.1054295750520889e-73
state,1458,1002.2696253560504,1002.2696253560504,0,0
state,1459,4.2385236959753408e-61,4.2385236959753505e-61,9.672508781705778e-76,9.672508781705778e-76
state,1460,7.6237345627857834e-61,7.6237345627858041e-61,2.0726804532226667e-75,2.0726804532226667e-75
state,1461,4.200610108194677e-61,4.2006101081946888e-61,1.1745189234928445e-75,1.1745189234928445e-75
state,1462,7.5774106150419763e-61,7.5774106150419984e-61,2.2108591501041778e-75,2.2108591501041778e-75
state,1463,4.1670356590592491e-61,4.1670356590592643e-61,1.5199656656966223e-75,1.5199656656966223e-75
state,1464,1002.2696253560504,1002.2696253560504,0,0
state,1465,6.8180534885415379e-63,6.8180534885415487e-63,1.0795210693868056e-77,1.0795210693868056e-77
state,1466,1.2110284971490706e-62,1.2110284971490729e-62,2.3749463526509723e-77,2.3749463526509723e-77
state,1467,6.7586205981774886e-63,6.7586205981775016e-63,1.2954252832641667e-77,1.2954252832641667e-77
state,1468,1.2038724257530307e-62,1.2038724257530335e-62,2.8067547804056945e-77,2.8067547804056945e-77
state,1469,6.7059979438149026e-63,6.7059979438149188e-63,1.6192816040802084e-77,1.6192816040802084e-77
state,1470,1002.2696253560504,1002.2696253560504,0,0
state,1471,1.0684471868111529e-64,1.0684471868111537e-64,8.4337583545844186e-80,8.4337583545844186e-80
state,1472,1.875023046905022e-64,1.875023046905024e-64,2.0241020051002605e-79,2.0241020051002605e-79
state,1473,1.0593667410029088e-64,1.0593667410029098e-64,1.0120510025501302e-79,1.0120510025501302e-79
state,1474,1.8642418922498667e-64,1.8642418922498694e-64,2.6988026734670139e-79,2.6988026734670139e-79
state,1475,1.0513280797535302e-64,1.0513280797535321e-64,1.8554268380085721e-79,1.8554268380085721e-79
state,1476,1002.2696253560504,1002.2696253560504,0,0
state,1477,1.6322268561176479e-66,1.6322268561176481e-66,2.6355494858076308e-82,2.6355494858076308e-82
state,1478,2.8313729893076386e-66,2.8313729893076391e-66,5.2710989716152616e-82,5.2710989716152616e-82
state,1479,1.6186965439069081e-66,1.6186965439069081e-66,0,0
state,1480,2.8155229380654624e-66,2.815522938065464e-66,1.5813296914845785e-81,1.5813296914845785e-81
state,1481,1.6067204843114407e-66,1.606720484311442e-66,1.3177747429038154e-81,1.3177747429038154e-81
state,1482,1002.2696253560504,1002.2696253560504,0,0
state,1483,2.4322904654063223e-68,2.4322904654063203e-68,2.0590230357872116e-83,2.0590230357872116e-83
state,1484,4.1723864151880243e-68,4.1723864151880218e-68,2.4708276429446539e-83,2.4708276429446539e-83
state,1485,2.4126166989781988e-68,2.4126166989781972e-68,1.6472184286297693e-83,1.6472184286297693e-83
state,1486,4.1496347998060382e-68,4.1496347998060373e-68,8.2360921431488463e-84,8.2360921431488463e-84
state,1487,2.3952057573959133e-68,2.3952057573959137e-68,4.1180460715744231e-84,4.1180460715744231e-84
state,1488,1002.2696253560504,1002.2696253560504,0,0
state,1489,3.5376613215360927e-70,3.5376613215360863e-70,6.4344469868350361e-85,6.4344469868350361e-85
state,1490,6.0036414026168715e-70,6.003641402616865e-70,6.4344469868350361e-85,6.4344469868350361e-85
state,1491,3.5097299307832102e-70,3.5097299307832038e-70,6.4344469868350361e-85,6.4344469868350361e-85
state,1492,5.9717377619779095e-70,5.9717377619779031e-70,6.4344469868350361e-85,6.4344469868350361e-85
state,1493,3.4850152457159382e-70,3.485015245715935e-70,3.2172234934175181e-85,3.2172234934175181e-85
state,1494,1002.2696253560504,1002.2696253560504,0,0
state,1495,5.0249085531625524e-72,5.0249085531625383e-72,1.4075352783701642e-86,1.4075352783701642e-86
state,1496,8.439592807805395e-72,8.4395928078053759e-72,1.9102264492166514e-86,1.9102264492166514e-86
state,1497,4.9861687290624807e-72,4.9861687290624666e-72,1.4075352783701642e-86,1.4075352783701642e-86
state,1498,8.3958673330498863e-72,8.3958673330498672e-72,1.9102264492166514e-86,1.9102264492166514e-86
state,1499,4.9518961178567848e-72,4.9518961178567758e-72,9.0484410752367696e-87,9.0484410752367696e-87
state,1500,1002.2696253560504,1002.2696253560504,0,0
state,1501,6.9740331302756372e-74,6.9740331302756113e-74,2.5920013496771996e-88,2.5920013496771996e-88
state,1502,1.1596507518686404e-73,1.1596507518686366e-73,3.770183781348654e-88,3.770183781348654e-88
state,1503,6.9215153312303247e-74,6.9215153312303004e-74,2.4349103587876724e-88,2.4349103587876724e-88
state,1504,1.1537906502746589e-73,1.1537906502746549e-73,3.9272747722381812e-88,3.9272747722381812e-88
state,1505,6.8750614030483658e-74,6.8750614030483462e-74,1.9636373861190906e-88,1.9636373861190906e-88
state,1506,1002.2696253560504,1002.2696253560504,0,0
state,1507,9.4624824428829203e-76,9.4624824428828786e-76,4.1727294455030676e-90,4.1727294455030676e-90
state,1508,1.5582737566046578e-75,1.5582737566046512e-75,6.6272761781519308e-90,6.6272761781519308e-90
state,1509,9.3928594546156026e-76,9.3928594546155621e-76,4.0500021088706244e-90,4.0500021088706244e-90
state,1510,1.5505903662833914e-75,1.550590366283385e-75,6.3818215048870445e-90,6.3818215048870445e-90
state,1511,9.3312858760878567e-76,9.3312858760878211e-76,3.5590927623408518e-90,3.5590927623408518e-90
state,1512,1002.2696253560504,1002.2696253560504,0,0
state,1513,1.2557463312197636e-77,1.2557463312197683e-77,4.7940365872048111e-92,4.7940365872048111e-92
state,1514,2.0486748461485286e-77,2.0486748461485367e-77,8.0539814665040826e-92,8.0539814665040826e-92
state,1515,1.2467160790259877e-77,1.246716079025993e-77,5.3693209776693884e-92,5.3693209776693884e-92
state,1516,2.0388150053269835e-77,2.0388150053269916e-77,8.0539814665040826e-92,8.0539814665040826e-92
state,1517,1.2387312259503125e-77,1.2387312259503175e-77,4.9857980506930035e-92,4.9857980506930035e-92
state,1518,1002.2696253560504,1002.2696253560504,0,0
state,1519,1.6307031706201567e-79,1.6307031706201615e-79,4.7940365872048111e-94,4.7940365872048111e-94
state,1520,2.6363777038564875e-79,2.6363777038564956e-79,8.0899367409081187e-94,8.0899367409081187e-94
state,1521,1.619238994138934e-79,1.6192389941389391e-79,5.0936638739051118e-94,5.0936638739051118e-94
state,1522,2.6239885949747713e-79,2.6239885949747803e-79,8.9888186010090208e-94,8.9888186010090208e-94
state,1523,1.6091037361891563e-79,1.6091037361891622e-79,5.9925457340060139e-94,5.9925457340060139e-94
state,1524,1002.2696253560504,1002.2696253560504,0,0
state,1525,2.073075091976803e-81,2.0730750919768072e-81,4.2135087192229785e-96,4.2135087192229785e-96
state,1526,3.3222426444434328e-81,3.3222426444434408e-81,7.9588498029767372e-96,7.9588498029767372e-96
state,1527,2.0588233585901039e-81,2.0588233585901091e-81,5.1498439901614182e-96,5.1498439901614182e-96
state,1528,3.3069937089338233e-81,3.3069937089338307e-81,7.4906821675075173e-96,7.4906821675075173e-96
state,1529,2.0462258642896669e-81,2.0462258642896727e-81,5.8520954433652479e-96,5.8520954433652479e-96
state,1530,300,300,0,0
state,1531,300,300,0,0
state,1532,300,300,0,0
state,1533,300,300,0,0
state,1534,300,300,0,0
state,1535,300,300,0,0
state,1536,300,300,0,0
state,1537,300,300,0,0
state,1538,300,300,0,0
state,1539,300,300,0,0
state,1540,300,300,0,0
state,1541,300,300,0,0
state,1542,300,300,0,0
state,1543,300,300,0,0
state,1544,300,300,0,0
state,1545,300,300,0,0
state,1546,300,300,0,0
state,1547,300,300,0,0
state,1548,300,300,0,0
state,1549,300,300,0,0
state,1550,300,300,0,0
state,1551,300,300,0,0
state,1552,300,300,0,0
state,1553,300,300,0,0
state,1554,300,300,0,0
state,1555,300,300,0,0
state,1556,300,300,0,0
state,1557,300,300,0,0
state,1558,300,300,0,0
state,1559,300,300,0,0
state,1560,300,300,0,0
state,1561,300,300,0,0
state,1562,300,300,0,0
state,1563,300,300,0,0
state,1564,300,300,0,0
state,1565,300,300,0,0
state,1566,300,300,0,0
state,1567,300,300,0,0
state,1568,300,300,0,0
state,1569,300,300,0,0
state,1570,300,300,0,0
state,1571,300,300,0,0
state,1572,300,300,0,0
state,1573,300,300,0,0
state,1574,300,300,0,0
state,1575,300,300,0,0
state,1576,300,300,0,0
state,1577,300,300,0,0
state,1578,300,300,0,0
state,1579,300,300,0,0
state,1580,300,300,0,0
state,1581,300,300,0,0
state,1582,300,300,0,0
state,1583,300,300,0,0
state,1584,300,300,0,0
state,1585,300,300,0,0
state,1586,300,300,0,0
state,1587,300,300,0,0
state,1588,300,300,0,0
state,1589,300,300,0,0
state,1590,300,300,0,0
state,1591,300,300,0,0
state,1592,300,300,0,0
state,1593,300,300,0,0
state,1594,300,300,0,0
state,1595,300,300,0,0
state,1596,300,300,0,0
state,1597,300,300,0,0
state,1598,300,300,0,0
state,1599,300,300,0,0
state,1600,300,300,0,0
state,1601,300,300,0,0
state,1602,300,300,0,0
state,1603,300,300,0,0
state,1604,300,300,0,0
state,1605,300,300,0,0
state,1606,300,300,0,0
state,1607,300,300,0,0
state,1608,300,300,0,0
state,1609,300,300,0,0
state,1610,300,300,0,0
state,1611,300,300,0,0
state,1612,300,300,0,0
state,1613,300,300,0,0
state,1614,300,300,0,0
state,1615,300,300,0,0
state,1616,300,300,0,0
state,1617,300,300,0,0
state,1618,300,300,0,0
state,1619,300,300,0,0
state,1620,300,300,0,0
state,1621,300,300,0,0
state,1622,300,300,0,0
state,1623,300,300,0,0
state,1624,300,300,0,0
state,1625,300,300,0,0
state,1626,300,300,0,0
state,1627,300,300,0,0
state,1628,300,300,0,0
state,1629,300,300,0,0
state,1630,300,300,0,0
state,1631,300,300,0,0
state,1632,300,300,0,0
state,1633,300,300,0,0
state,1634,300,300,0,0
state,1635,300,300,0,0
state,1636,300,300,0,0
state,1637,300,300,0,0
state,1638,300,300,0,0
state,1639,300,300,0,0
state,1640,300,300,0,0
state,1641,300,300,0,0
state,1642,300,300,0,0
state,1643,300,300,0,0
state,1644,300,300,0,0
state,1645,300,300,0,0
state,1646,300,300,0,0
state,1647,300,300,0,0
state,1648,300,300,0,0
state,1649,300,300,0,0
state,1650,300,300,0,0
state,1651,300,300,0,0
state,1652,300,300,0,0
state,1653,300,300,0,0
state,1654,300,300,0,0
state,1655,300,300,0,0
state,1656,300,300,0,0
state,1657,300,300,0,0
state,1658,300,300,0,0
state,1659,300,300,0,0
state,1660,300,300,0,0
state,1661,300,300,0,0
state,1662,300,300,0,0
state,1663,300,300,0,0
state,1664,300,300,0,0
state,1665,300,300,0,0
state,1666,300,300,0,0
state,1667,300,300,0,0
state,1668,300,300,0,0
state,1669,300,300,0,0
state,1670,300,300,0,0
state,1671,300,300,0,0
state,1672,300,300,0,0
state,1673,300,300,0,0
state,1674,300,300,0,0
state,1675,300,300,0,0
state,1676,300,300,0,0
state,1677,300,300,0,0
state,1678,300,300,0,0
state,1679,300,300,0,0
state,1680,300,300,0,0
state,1681,300,300,0,0
state,1682,300,300,0,0
total_pressure,0,2500000,2500000,0,0
total_pressure,1,2499840.1175340065,2499840.1175340065,0,0
total_pressure,2,2499742.3644214277,2499742.3644214277,0,0
total_pressure,3,2499655.5094033424,2499655.5094033424,0,0
total_pressure,4,2499569.0692393375,2499569.0692393375,0,0
total_pressure,5,2499482.6418208363,2499482.6418208363,0,0
total_pressure,6,2499396.2148010563,2499396.2148010563,0,0
total_pressure,7,2499309.7877940116,2499309.7877940116,0,0
total_pressure,8,2499223.3607874513,2499223.3607874513,0,0
total_pressure,9,2499136.9337809025,2499136.9337809025,0,0
total_pressure,10,2499050.5067743543,2499050.5067743543,0,0
total_pressure,11,2498964.0797678065,2498964.0797678065,0,0
total_pressure,12,2498877.6527612587,2498877.6527612587,0,0
total_pressure,13,2498791.2257547108,2498791.2257547108,0,0
total_pressure,14,2498704.798748163,2498704.798748163,0,0
total_pressure,15,2498618.3717416152,2498618.3717416152,0,0
total_pressure,16,2498531.9447350674,2498531.9447350674,0,0
total_pressure,17,2498445.5177285196,2498445.5177285196,0,0
total_pressure,18,2498359.0907219718,2498359.0907219718,0,0
total_pressure,19,2498272.663715424,2498272.663715424,0,0
total_pressure,20,2498186.2367088762,2498186.2367088762,0,0
total_pressure,21,2498099.8097023284,2498099.8097023284,0,0
total_pressure,22,2498013.3826957806,2498013.3826957806,0,0
total_pressure,23,2497926.9556892328,2497926.9556892328,0,0
total_pressure,24,2497840.528682685,2497840.528682685,0,0
total_pressure,25,2497754.1016761372,2497754.1016761372,0,0
total_pressure,26,2497667.6746695894,2497667.6746695894,0,0
total_pressure,27,2497581.2476630416,2497581.2476630416,0,0
total_pressure,28,2497494.8206564938,2497494.8206564938,0,0
total_pressure,29,2497408.393649946,2497408.393649946,0,0
total_pressure,30,2497321.9666433982,2497321.9666433982,0,0
total_pressure,31,2497235.5396368504,2497235.5396368504,0,0
total_pressure,32,2497149.1126303026,2497149.1126303026,0,0
total_pressure,33,2497062.6856237547,2497062.6856237547,0,0
total_pressure,34,2496976.2586172069,2496976.2586172069,0,0
total_pressure,35,2496889.8316106591,2496889.8316106591,0,0
total_pressure,36,2496803.4046041113,2496803.4046041113,0,0
total_pressure,37,2496716.9775975635,2496716.9775975635,0,0
total_pressure,38,2496630.5505910157,2496630.5505910157,0,0
total_pressure,39,2496544.1235844679,2496544.1235844679,0,0
total_pressure,40,2496457.6965779201,2496457.6965779201,0,0
total_pressure,41,2496371.2695713723,2496371.2695713723,0,0
total_pressure,42,2496284.8425648245,2496284.8425648245,0,0
total_pressure,43,2496198.4155582767,2496198.4155582767,0,0
total_pressure,44,2496111.9885517289,2496111.9885517289,0,0
total_pressure,45,2496025.5615451811,2496025.5615451811,0,0
total_pressure,46,2495939.1345386333,2495939.1345386333,0,0
total_pressure,47,2495852.7075320855,2495852.7075320855,0,0
total_pressure,48,2495766.2805255377,2495766.2805255377,0,0
total_pressure,49,2495679.8535189899,2495679.8535189899,0,0
total_pressure,50,2495593.4265124421,2495593.4265124421,0,0
interstitial_gas_velocity,0,0.10000000000000001,0.10000000000000001,0,0
interstitial_gas_velocity,1,0.078048422441348297,0.078048422441348297,0,0
interstitial_gas_velocity,2,0.073536559638146162,0.073536559638146162,0,0
interstitial_gas_velocity,3,0.073360228264021873,0.073360228264021873,0,0
interstitial_gas_velocity,4,0.0733548152261317,0.0733548152261317,0,0
interstitial_gas_velocity,5,0.0733546458561294,0.0733546458561294,0,0
interstitial_gas_velocity,6,0.073354640445500927,0.073354640445500927,0,0
interstitial_gas_velocity,7,0.07335464024229732,0.073354640242297375,5.5511151231257827e-17,5.5511151231257827e-17
interstitial_gas_velocity,8,0.073354640234408824,0.073354640234408824,0,0
interstitial_gas_velocity,9,0.073354640234052124,0.073354640234052124,0,0
interstitial_gas_velocity,10,0.073354640234005328,0.073354640234005328,0,0
interstitial_gas_velocity,11,0.073354640234000387,0.073354640234000387,0,0
interstitial_gas_velocity,12,0.073354640233999915,0.073354640233999915,0,0
interstitial_gas_velocity,13,0.073354640233999777,0.073354640233999777,0,0
interstitial_gas_velocity,14,0.07335464023399979,0.07335464023399979,0,0
interstitial_gas_velocity,15,0.07335464023399979,0.07335464023399979,0,0
interstitial_gas_velocity,16,0.07335464023399979,0.07335464023399979,0,0
interstitial_gas_velocity,17,0.07335464023399979,0.07335464023399979,0,0
interstitial_gas_velocity,18,0.07335464023399979,0.07335464023399979,0,0
interstitial_gas_velocity,19,0.07335464023399979,0.07335464023399979,0,0
interstitial_gas_velocity,20,0.07335464023399979,0.07335464023399979,0,0
interstitial_gas_velocity,21,0.07335464023399979,0.07335464023399979,0,0
interstitial_gas_velocity,22,0.07335464023399979,0.07335464023399979,0,0
interstitial_gas_velocity,23,0.07335464023399979,0.07335464023399979,0,0
interstitial_gas_velocity,24,0.07335464023399979,0.07335464023399979,0,0
interstitial_gas_velocity,25,0.07335464023399979,0.07335464023399979,0,0
interstitial_gas_velocity,26,0.07335464023399979,0.07335464023399979,0,0
interstitial_gas_velocity,27,0.07335464023399979,0.07335464023399979,0,0
interstitial_gas_velocity,28,0.07335464023399979,0.07335464023399979,0,0
interstitial_gas_velocity,29,0.07335464023399979,0.07335464023399979,0,0
interstitial_gas_velocity,30,0.07335464023399979,0.07335464023399979,0,0
interstitial_gas_velocity,31,0.07335464023399979,0.07335464023399979,0,0
interstitial_gas_velocity,32,0.07335464023399979,0.07335464023399979,0,0
interstitial_gas_velocity,33,0.07335464023399979,0.07335464023399979,0,0
interstitial_gas_velocity,34,0.07335464023399979,0.07335464023399979,0,0
interstitial_gas_velocity,35,0.07335464023399979,0.07335464023399979,0,0
interstitial_gas_velocity,36,0.07335464023399979,0.07335464023399979,0,0
interstitial_gas_velocity,37,0.07335464023399979,0.07335464023399979,0,0
interstitial_gas_velocity,38,0.07335464023399979,0.07335464023399979,0,0
interstitial_gas_velocity,39,0.07335464023399979,0.07335464023399979,0,0
interstitial_gas_velocity,40,0.07335464023399979,0.07335464023399979,0,0
interstitial_gas_velocity,41,0.07335464023399979,0.07335464023399979,0,0
interstitial_gas_velocity,42,0.07335464023399979,0.07335464023399979,0,0
interstitial_gas_velocity,43,0.07335464023399979,0.07335464023399979,0,0
interstitial_gas_velocity,44,0.07335464023399979,0.07335464023399979,0,0
interstitial_gas_velocity,45,0.07335464023399979,0.07335464023399979,0,0
interstitial_gas_velocity,46,0.07335464023399979,0.07335464023399979,0,0
interstitial_gas_velocity,47,0.07335464023399979,0.07335464023399979,0,0
interstitial_gas_velocity,48,0.07335464023399979,0.07335464023399979,0,0
interstitial_gas_velocity,49,0.07335464023399979,0.07335464023399979,0,0
interstitial_gas_velocity,50,0.07335464023399979,0.07335464023399979,0,0
