{
    "Ncomp": 3,
    "Ngrid": 20,
    "adsorbedMolFractions": [
        0.0,
        0.0017538169718448805,
        0.9982461830281553
    ],
    "adsorption": [
        0.0,
        0.0004741021358861656,
        0.269854221710383,
        0.0,
        0.00047408079502215454,
        0.269841953122675,
        0.0,
        0.0004740594539402711,
        0.26982968442365596,
        0.0,
        0.0004740381126441256,
        0.26981741561332395,
        0.0,
        0.0004740167711356442,
        0.26980514668983235,
        0.0,
        0.0004739954294151193,
        0.26979287765286153,
        0.0,
        0.0004739740874823168,
        0.269780608502485,
        0.0,
        0.00047395274533943674,
        0.2697683392369525,
        0.0,
        0.0004739314029872373,
        0.26975606985491213,
        0.0,
        0.00047391006042847854,
        0.2697438003541663,
        0.0,
        0.0004738887176656765,
        0.26973153073202716,
        0.0,
        0.00047386737470264147,
        0.26971926098480253,
        0.0,
        0.0004738460315441257,
        0.26970699110782903,
        0.0,
        0.000473824688196264,
        0.2696947210950965,
        0.0,
        0.0004738033446668191,
        0.26968245093902526,
        0.0,
        0.0004737820009655577,
        0.269670180630036,
        0.0,
        0.00047376065710465936,
        0.2696579101561871,
        0.0,
        0.00047373931309926086,
        0.2696456395026686,
        0.0,
        0.0004737179689679963,
        0.26963336865122406,
        0.0,
        0.0004736966247371128,
        0.269621097581443,
        0.0,
        0.00047367528895249345,
        0.2696088311644086
    ],
    "adsorptionDot": [
        0.0,
        1.6258804198809872e-16,
        1.665301230246996e-13,
        0.0,
        -5.420468761341279e-17,
        1.665301230246996e-13,
        0.0,
        -5.4188424580825507e-17,
        1.665301230246996e-13,
        0.0,
        -5.4172161548238227e-17,
        1.665301230246996e-13,
        0.0,
        -1.6198305717585182e-16,
        2.693678613496786e-13,
        0.0,
        -3.863641177825894e-16,
        4.854150414956848e-13,
        0.0,
        -7.054480697515908e-16,
        8.024314546162259e-13,
        0.0,
        -1.2363645263829824e-15,
        1.3082768202110628e-12,
        0.0,
        -1.9992731428719602e-15,
        2.0641988118796914e-12,
        0.0,
        -3.1319348156588767e-15,
        3.1719793458506726e-12,
        0.0,
        -4.746024536914084e-15,
        4.751689042237217e-12,
        0.0,
        -7.01185528910464e-15,
        6.9728289808779205e-12,
        0.0,
        -1.015025628652022e-14,
        1.0043149645255766e-11,
        0.0,
        -1.44281169043442e-14,
        1.4230070455312216e-11,
        0.0,
        -2.0187917093225647e-14,
        1.986496966921436e-11,
        0.0,
        -2.7854008162464528e-14,
        2.7367155208679604e-11,
        0.0,
        -3.794586715157033e-14,
        3.724977326591272e-11,
        0.0,
        -5.112150611684407e-14,
        5.0148208918798784e-11,
        0.0,
        -6.816751915543484e-14,
        6.683337216983887e-11,
        0.0,
        -9.00396586716451e-14,
        8.824539432517042e-11,
        0.0,
        -1.178447508846936e-13,
        1.1548328626709292e-10
    ],
    "cachedGrandPotential": [
        0.25679928055452994,
        0.0002570577344092301,
        6.436825633372999e-08,
        4.29845360606335e-11,
        4.367747478440908e-11,
        4.29492725829799e-11,
        4.265384895212007e-11,
        4.426886429093257e-11,
        4.297489999626846e-11,
        4.2479978839405404e-11,
        4.169200852086253e-11,
        4.181203769023911e-11,
        4.0739279302942825e-11,
        4.024051850222295e-11,
        3.965728226501203e-11,
        3.8951249647018254e-11,
        3.836010160773769e-11,
        3.7524253391390054e-11,
        3.664989376777967e-11,
        3.585302615059578e-11,
        3.486829781569319e-11
    ],
    "cachedPressure": [
        0.0,
        171057017.0764277,
        300527.06472355226,
        0.0,
        171048387.2944813,
        300512.0386074265,
        0.0,
        171039757.52003732,
        300497.0124912778,
        0.0,
        171031127.7530954,
        300481.986375106,
        0.0,
        171022497.99356312,
        300466.9602587505,
        0.0,
        171013868.24133956,
        300451.9341420344,
        0.0,
        171005238.49633318,
        300436.90802479984,
        0.0,
        170996608.7583456,
        300421.8819066995,
        0.0,
        170987979.02714467,
        300406.85578733106,
        0.0,
        170979349.3023809,
        300391.82966608397,
        0.0,
        170970719.58357286,
        300376.80354212184,
        0.0,
        170962089.87011385,
        300361.7774143872,
        0.0,
        170953460.16116318,
        300346.7512814155,
        0.0,
        170944830.45563227,
        300331.72514131205,
        0.0,
        170936200.752079,
        300316.69899156713,
        0.0,
        170927571.04868913,
        300301.6728290186,
        0.0,
        170918941.34308603,
        300286.6466495303,
        0.0,
        170910311.6323111,
        300271.62044795003,
        0.0,
        170901681.9125731,
        300256.5942176766,
        0.0,
        170893052.18055224,
        300241.5679529287,
        0.0,
        170884425.87482578,
        300226.547641035
    ],
    "equilibriumAdsorption": [
        0.0,
        0.0004741021358888753,
        0.2698542217131585,
        0.0,
        0.0004740807950212522,
        0.2698419531254505,
        0.0,
        0.0004740594539393686,
        0.26982968442643146,
        0.0,
        0.0004740381126432221,
        0.26981741561609945,
        0.0,
        0.00047401677113294494,
        0.26980514669432176,
        0.0,
        0.00047399542940868,
        0.26979287766095167,
        0.0,
        0.00047397408747055895,
        0.26978060851585867,
        0.0,
        0.0004739527453188311,
        0.2697683392587568,
        0.0,
        0.0004739314029539167,
        0.269756069889315,
        0.0,
        0.00047391006037627946,
        0.26974380040703194,
        0.0,
        0.00047388871758657675,
        0.26973153081122114,
        0.0,
        0.000473867374585779,
        0.2697192611010149,
        0.0,
        0.0004738460313749565,
        0.26970699127521286,
        0.0,
        0.00047382468795579793,
        0.26969472133226147,
        0.0,
        0.0004738033443303589,
        0.2696824512701042,
        0.0,
        0.00047378200050132924,
        0.2696701810861498,
        0.0,
        0.00047376065647223653,
        0.26965791077700957,
        0.0,
        0.00047373931224724535,
        0.26964564033846244,
        0.0,
        0.0004737179678318835,
        0.2696333697651009,
        0.0,
        0.00047369662323646944,
        0.26962109905218296,
        0.0,
        0.00047367528698843547,
        0.2696088330891083
    ],
    "idealGasMolFractions": [
        0.3999999884381919,
        0.30000000632988005,
        0.30000000523192805
    ],
    "interstitialGasVelocity": [
        0.1,
        0.10000500024997533,
        0.10001000100002565,
        0.10001500225022598,
        0.10002000400062844,
        0.10002500625128277,
        0.10003000900224152,
        0.1000350122535376,
        0.10004001600519026,
        0.10004502025719603,
        0.10005002500952465,
        0.10005503026210796,
        0.10006003601483149,
        0.10006504226752096,
        0.10007004901992808,
        0.10007505627171089,
        0.10008006402241272,
        0.10008507227143498,
        0.10009008101800723,
        0.10009509026234643,
        0.10010010300264663
    ],
    "maxIsothermTerms": 1,